customer_pseudo_id,country,age_band,segment,signup_year_month,kyc_verified
e30860152173061a,FR,26-35,retail,2024-01,True
a5186cc792b882a1,IT,46-55,retail,2022-11,False
0e1604f359d0159a,PL,26-35,retail,2024-01,True
0065558b434d14f1,ES,26-35,premium,2023-11,True
067e42d11026a61e,FR,26-35,retail,2022-07,True
6733bd25d6a67591,IT,18-25,premium,2024-03,True
61577aeaf0209bec,DE,26-35,premium,2024-02,True
c2a3de194663d3be,DE,46-55,retail,2023-07,True
7c276a7ae1264914,FR,18-25,retail,2023-06,True
7568788029de3f43,IE,56-65,business,2022-08,True
4706b68424ba0919,IT,26-35,student,2023-11,True
1a418fdd909c305e,FR,18-25,retail,2023-05,True
2e5e9aa9c73a4963,DE,46-55,student,2022-10,True
67ef19ba887130b7,FR,46-55,business,2024-02,True
000dffb9de9befda,FR,36-45,student,2023-10,True
fdeb4009a3cad8ed,PL,36-45,retail,2023-07,True
78f25423b47fc316,SE,56-65,retail,2023-07,True
52e08a431c9b36c3,DE,46-55,retail,2024-02,True
27d9504629ebdbd9,FR,46-55,retail,2023-12,True
32150b1c2a36fcbe,FR,36-45,retail,2024-02,True
9154faaddada2de0,PL,46-55,student,2022-01,True
bb0c9bccf22f0a9d,PL,56-65,student,2023-05,True
c049b472d6171773,FR,36-45,student,2023-08,True
f9560f59df9ee0ce,DE,36-45,retail,2023-06,True
9b5bd8ed6d5d3707,DE,46-55,retail,2023-10,True
1a8525be0afbea09,FR,36-45,business,2020-05,True
de7d708e35051270,ES,26-35,premium,2024-03,True
67818e867856109d,DE,26-35,business,2023-11,True
6838c4517d6d5c8b,DE,46-55,premium,2023-12,True
82d498a814b601bc,FR,36-45,retail,2022-10,True
d11b688791459880,IT,26-35,retail,2022-04,True
cf8f459b8ee22047,DE,36-45,premium,2023-04,True
5a6ad54c26a85915,ES,46-55,premium,2024-01,True
d8368fa5a567f2c6,IE,18-25,retail,2024-02,True
fc5d6ecf1b5f2ef3,PL,36-45,student,2023-01,True
bcfd13af4e912cac,ES,46-55,retail,2023-12,True
b8dfab1866260b0a,PL,18-25,student,2023-10,True
ff435da08d9a22d3,PL,56-65,premium,2022-08,True
3dd3029fcb7e750d,DE,36-45,retail,2024-03,True
cf4a60182d86ac10,DE,46-55,retail,2024-01,True
b5633f745bcf7e47,IT,46-55,retail,2023-12,True
78275f9a90d03bf4,IT,26-35,premium,2022-03,True
297010f6e04744e6,DE,18-25,business,2023-12,True
e8a0582cccdabd58,PL,26-35,student,2023-02,True
4f3cc7a499d5e874,IT,18-25,retail,2022-11,True
2786727cbd2d700e,IT,36-45,business,2024-01,True
77ad2c343dbd5413,PL,36-45,business,2020-07,True
8c8171714b62b2dd,FR,46-55,business,2023-09,True
2a272945b26fd0e7,DE,46-55,premium,2022-12,True
703e54d7acdfbe7d,IT,36-45,retail,2019-03,True
5a59a3596f3e1b25,PL,46-55,retail,2022-12,True
829b0a9404c7af71,SE,56-65,business,2022-06,True
4926a44d3d049001,ES,56-65,student,2023-02,True
da90aa27da317f7c,PL,36-45,retail,2023-10,True
5e5515fa49948982,IT,36-45,retail,2023-05,True
7e123760aad4d5e3,DE,26-35,student,2024-03,True
a8450f4cdeae86ee,DE,56-65,premium,2023-12,True
440dd09fa75a21ed,DE,36-45,retail,2023-06,True
399ba461fabd2455,NL,36-45,student,2023-10,True
52f39706b0ad42c1,ES,46-55,retail,2024-02,False
88f53e44cdbfe09e,PL,26-35,retail,2024-01,True
47575ee3f2572535,IT,56-65,premium,2022-11,True
eb4fb2402107b862,IE,46-55,retail,2023-03,True
9cf7435f3e6be0b6,FR,56-65,retail,2022-09,True
b48d06598e1facac,DE,36-45,retail,2024-02,True
3ef1360101a9794b,DE,66+,retail,2023-08,True
0bc3abe0fe380f08,IT,36-45,retail,2023-03,True
f001e7bb3981ddd5,IT,26-35,retail,2024-01,True
1d3f93c209392537,DE,46-55,retail,2023-04,True
c0af077d240de3de,ES,36-45,business,2023-05,True
45ac00cbd4e2c79b,IE,26-35,student,2023-10,True
deff9c51e31c2530,SE,36-45,retail,2023-11,True
335b323973b6360b,IT,46-55,retail,2022-06,True
525d851b6bb497c9,SE,46-55,business,2022-06,True
40fddbc10154274d,FR,26-35,business,2021-04,True
50b9f35b4db72a4e,SE,56-65,retail,2022-09,True
cae662dbc657fe99,ES,26-35,retail,2021-10,True
26a3a727f8ce07a4,PL,46-55,retail,2024-02,True
65ecf769509143a4,IE,66+,retail,2023-08,True
7cd7f181e8110d8e,NL,56-65,student,2022-09,True
e00ee56bf2a61f86,DE,26-35,retail,2023-05,True
6dc76578fa0d0375,FR,36-45,retail,2024-02,True
9cb98f450c2bc422,IT,26-35,student,2022-05,True
28dbc12f9f356b4e,DE,36-45,retail,2019-07,True
cc55f64df7df9d43,SE,26-35,student,2024-02,True
f4c7c4ab6f7f9d77,ES,56-65,retail,2021-08,True
0f5a284345856af6,DE,26-35,retail,2024-02,True
471f63854dabebf0,NL,36-45,business,2023-04,True
98fafea01a0bed4e,FR,36-45,retail,2020-08,False
3af396ced0e7290c,DE,46-55,retail,2021-10,False
69810253a7289391,DE,46-55,premium,2023-06,True
dc06b720442c4c8a,ES,36-45,premium,2023-03,True
334d8840572625e2,DE,36-45,retail,2023-03,True
2d1d48011c8981f4,ES,46-55,premium,2023-10,True
12196092ef9fea1a,IE,18-25,premium,2022-05,True
b9b314b7a5408aaa,PL,46-55,business,2022-05,True
8025e5d9638fd910,IT,46-55,retail,2022-01,True
8c3df9b442ba6b3e,FR,36-45,business,2022-06,True
969a3a545df4139a,IT,46-55,student,2022-03,True
0e805d998bfe559a,ES,36-45,retail,2023-11,True
a783918c114b4a99,SE,56-65,student,2021-01,True
d30168b1b9c027b0,ES,46-55,business,2024-02,True
e42c89a5bc6af017,FR,56-65,retail,2023-10,True
ac0e98568bbbd89a,ES,56-65,retail,2022-08,True
d6dd0174fe0d9c10,IT,56-65,retail,2023-09,True
b82525b4aedfe489,SE,36-45,student,2023-03,True
14493a89f9d35ef6,DE,18-25,business,2023-08,True
feeb96c1c3d15a7d,ES,56-65,retail,2022-07,True
e25dd1f95487daa4,PL,36-45,retail,2023-12,False
ee168d2d1245c395,ES,46-55,premium,2023-10,True
832af513cf2fd262,DE,26-35,business,2023-10,True
80bf1fda71ed8b57,NL,46-55,retail,2024-01,True
c0a99398e1f5240e,DE,26-35,retail,2024-02,True
36319369b909283a,DE,26-35,retail,2023-10,True
393783fca62ae4e3,DE,46-55,business,2024-02,True
7088014bffa93207,DE,56-65,student,2023-11,True
bbefb9ff3ae07253,DE,26-35,premium,2023-07,True
61f2f2af419e3ff2,ES,18-25,retail,2022-09,True
41b4c9001a887c5b,NL,36-45,retail,2023-06,True
37171ab6cb472c93,IT,46-55,retail,2023-12,True
3a1f4b46773e9f5b,DE,26-35,retail,2023-10,True
6e3e12235a30450a,IT,26-35,student,2023-01,True
82cbbc38aa85a8d2,DE,66+,retail,2022-10,True
366cab3e00d67a1e,FR,56-65,premium,2023-10,True
52861a20b1dd20e2,FR,36-45,retail,2023-12,True
6e67723ffcd4b2df,FR,36-45,retail,2024-01,True
2e2f3d6e1ed7162b,DE,18-25,retail,2019-10,True
0add01ef0fab27fb,IE,46-55,student,2022-01,True
d9847bfdc40650a1,DE,46-55,premium,2023-05,True
419693d085209d50,SE,36-45,retail,2024-01,True
5ef72f07ffaf54d2,ES,26-35,retail,2023-03,True
645f5b3c99ab92d4,DE,36-45,retail,2023-07,True
b43d2d99963f9e45,FR,26-35,student,2022-12,True
8c88587ee0446599,ES,46-55,retail,2023-09,True
9d0fd7f4d85700bc,PL,36-45,retail,2024-01,True
fd5e347773869652,IT,36-45,retail,2022-03,True
7d1344bd3a82d26f,DE,36-45,premium,2022-05,True
df50cc082d2a71c5,FR,36-45,retail,2021-12,True
148f9264c85c9fe2,ES,26-35,student,2023-11,True
a587c38a25c276b7,FR,18-25,retail,2021-09,True
2855d3288979f0f1,PL,26-35,premium,2021-03,True
0290681d559020be,DE,46-55,premium,2022-07,True
5294e8bde799308a,PL,26-35,retail,2023-11,True
33d81c20350fdea9,DE,46-55,student,2023-04,True
5483017429b13e82,FR,56-65,retail,2024-01,True
ff2786f4457fe7f8,NL,26-35,premium,2023-02,True
33567f6c59a12029,FR,26-35,premium,2021-08,True
523b5ab2294b516b,ES,26-35,retail,2021-01,True
dcc0fa63ad5746b1,ES,36-45,business,2021-12,True
008b361a5d90d02d,NL,36-45,student,2021-06,True
003da31161ae6fac,IT,18-25,business,2022-10,True
c91dfeaa4c7fc0fb,ES,66+,business,2024-02,True
e9db7baf84ccf1e2,DE,66+,retail,2023-09,True
d8487f8b71f9d933,SE,46-55,retail,2024-03,True
9a47327671bab454,IT,36-45,student,2023-10,True
d324b3dff5ea9d1b,FR,46-55,retail,2023-08,True
a4c8bc6f8a344787,ES,46-55,premium,2023-10,True
c1ba98f68ed3ec61,DE,36-45,retail,2023-01,False
16ab7cd8be21ba21,DE,26-35,retail,2017-12,True
f8b5bca365e15a03,DE,36-45,retail,2022-09,True
b32bafdf8858f626,DE,66+,student,2024-03,True
22ea311dd1dd7ea5,ES,26-35,retail,2023-08,True
042e4cf5fa472601,DE,46-55,retail,2021-01,True
435d93777f2399e9,IT,36-45,retail,2023-09,True
83211baae9e46016,NL,36-45,retail,2023-12,True
f72d51af71cba563,DE,36-45,student,2024-02,True
ad6802bc2ad407ee,IT,36-45,student,2023-12,True
82d29ad83efb0e42,PL,36-45,premium,2023-09,True
6438ee311f7d7b72,FR,18-25,student,2021-10,True
1ba0bca5e4dbfdc8,FR,66+,premium,2023-09,True
394b97464d2a2446,IT,56-65,retail,2023-08,True
8c0abb079a44a7aa,SE,18-25,business,2024-02,True
67eb899374b680fe,PL,36-45,retail,2024-03,True
fe873080e15d658d,IT,56-65,retail,2023-12,True
ec3aefedcdbc9128,IE,18-25,retail,2023-11,True
a8e563d1408e9ee2,DE,36-45,retail,2023-04,True
a896ad8b13adefd0,IT,26-35,retail,2024-03,True
658a8e0b9e437b51,PL,46-55,premium,2023-04,True
217ca1c198de5f7c,DE,36-45,retail,2023-09,True
76ea226bac9c5d73,DE,46-55,retail,2022-10,True
626f41bb5a699511,FR,18-25,student,2023-10,True
8c87bcd493a32b5e,IT,26-35,premium,2023-07,True
9df48c8cdc89f8e7,NL,46-55,retail,2024-03,True
1051fd0663405852,FR,18-25,retail,2022-08,True
e757dda005031a58,NL,66+,retail,2023-08,True
2a7046e32aea3ec7,SE,36-45,retail,2022-12,True
20d9f9459ddffa53,FR,18-25,business,2023-05,True
66d49bcc6a6577e6,SE,36-45,premium,2023-01,True
d5c61a12f05d0a3e,FR,18-25,business,2019-06,True
63ee47016b9dbf19,NL,36-45,retail,2021-05,True
a27ab35bb006e760,PL,46-55,business,2020-05,True
61283fd7a3f99f3a,PL,36-45,retail,2022-03,True
95d2f5228e843824,DE,18-25,retail,2024-02,True
81e7a77cde4b4810,FR,46-55,retail,2022-11,True
8ab38526c99181d7,IT,26-35,business,2023-03,True
8d5f8bbb025c8286,FR,56-65,business,2024-03,True
5f423b1886a5b02e,PL,46-55,business,2022-06,True
32a1196e012397bd,SE,36-45,retail,2023-09,True
009372d29ae89cb6,PL,18-25,retail,2022-10,True
b910391067fae87b,FR,18-25,retail,2023-11,True
544992cb3a731151,DE,18-25,retail,2023-01,True
b165156aad50597c,SE,18-25,retail,2024-02,True
dc41456e371b37c5,IE,66+,business,2024-01,True
693ffb9b0225222f,IE,26-35,premium,2023-02,True
0b57eeff2e29a998,FR,26-35,student,2024-01,True
19d512b1e19cc727,DE,26-35,business,2020-06,True
8eee577c7776e41b,IE,36-45,premium,2022-09,True
f2ecdaf96ff1a1c1,SE,18-25,retail,2023-12,True
7861ec2cd0c8c761,IT,26-35,retail,2021-12,True
a7e78822041c9874,PL,36-45,business,2020-11,True
51b4f7722079e957,IT,26-35,retail,2023-09,True
b8a108050f0eac0c,NL,36-45,retail,2023-07,True
374be4655bdfce68,NL,18-25,student,2023-04,True
7b8094e5baf59410,NL,26-35,retail,2023-05,True
ff4ad4baa31fb400,SE,46-55,student,2022-01,True
bcbaa81fbdf7638c,NL,46-55,premium,2023-01,True
95f338e72ee647d7,DE,36-45,retail,2022-10,True
72ff374886b0404e,PL,26-35,retail,2023-06,True
8c1846048f17c77e,IT,36-45,premium,2023-12,True
b8504f0aad1488f0,SE,36-45,student,2024-02,True
c3208a8451737318,IE,56-65,retail,2021-04,True
d2884db655008aab,NL,18-25,retail,2024-03,True
5a08741209dbb6ae,DE,18-25,retail,2023-03,True
b4bffb7c526429d2,IE,46-55,student,2020-06,True
4f6e867eb5c09730,SE,36-45,premium,2022-08,True
11fc12adf3b9e13b,FR,18-25,retail,2017-11,True
ff6d9f2aa9f8b3c3,DE,46-55,retail,2023-12,True
99246c6eaed48587,IT,46-55,business,2023-11,True
0109992f47e38564,ES,36-45,retail,2023-02,True
b34c8cb78a1cd4b7,IE,46-55,business,2023-09,True
6c1ca5ea169a3915,DE,36-45,business,2023-10,True
e90d61ca7e65a17e,IE,36-45,business,2024-01,True
b6a92272ad98bb75,SE,46-55,retail,2023-03,True
7821fac4a7fbf09e,PL,46-55,student,2023-03,True
e02f1c27859888cd,DE,46-55,retail,2023-08,True
d7855c5d1a2ef805,DE,26-35,retail,2023-04,True
83fd94b786513b79,FR,36-45,retail,2024-03,True
a931bc1347126c38,IT,36-45,premium,2023-11,True
7652624f151a52d2,SE,36-45,retail,2024-02,False
a7aeb4783b840af8,DE,26-35,premium,2023-06,True
acc0c72dbc835783,IT,26-35,retail,2023-10,True
d6616554daf6ce01,FR,36-45,premium,2024-02,True
eb4b7b4f0052b2e1,SE,26-35,premium,2024-02,True
411c12b7bebe33a1,DE,26-35,retail,2021-03,True
9302db9dc51e0e28,NL,46-55,retail,2022-06,True
a6cc940df1122fc5,DE,46-55,retail,2021-10,True
6ff78527a26badd2,ES,46-55,retail,2022-10,True
6c88ea8b4a02df19,FR,66+,business,2024-01,True
07ceb527629cbe7e,IE,26-35,premium,2022-07,True
eef4caf0572ff87e,IT,26-35,retail,2022-11,False
678edd8b1c34019d,IE,26-35,retail,2023-01,True
6ad6525fb9c95258,FR,46-55,business,2023-07,True
41b6f8d266b575aa,NL,18-25,business,2023-09,True
7b713abf67cb42e3,PL,26-35,retail,2023-04,True
8dd56ef020eba040,ES,18-25,business,2023-04,True
c8cd88d9ec1a98ea,IT,26-35,student,2023-02,True
1db3fc0a478166b5,NL,46-55,retail,2023-07,True
4249eda123c5abd3,ES,36-45,retail,2023-06,True
c21384709ea4dc54,DE,46-55,premium,2023-12,True
8500cb3f52c932e5,SE,36-45,business,2024-02,True
32155b336ce518bc,FR,18-25,retail,2022-04,True
6a683b81e355a523,IT,36-45,retail,2022-11,True
d6df49b477b97365,DE,46-55,student,2023-07,True
adf6bcca75b6417b,IT,56-65,retail,2022-01,True
0d4be63156a0ad5e,FR,36-45,retail,2021-03,True
fbdb2f22cf59ffa4,ES,26-35,retail,2021-04,True
7adbc75747b254a6,DE,36-45,retail,2022-01,True
0f5c932bc751b6dd,ES,46-55,retail,2023-01,True
4923d7f8c7f24eea,FR,26-35,business,2023-01,True
c408fcd6ede219b3,NL,46-55,business,2023-08,True
a38b7fa3b1f67d2a,NL,36-45,business,2023-03,True
a1c5a37a9ba32d80,DE,66+,premium,2021-04,True
46c7b40fdcbcdf63,DE,26-35,retail,2023-02,True
9e2bd2bab23b22df,IE,56-65,business,2024-03,True
fc245b6cdf44eddd,PL,46-55,business,2022-10,True
b8187d9aaa1fde61,FR,56-65,student,2023-01,True
090ea19d792074d1,SE,56-65,retail,2024-02,True
a5638ee39779be27,FR,36-45,retail,2023-10,True
42ee8885bafc52da,FR,18-25,retail,2023-09,True
1f3c1336a2610159,IT,36-45,premium,2023-01,True
5737dbb4b7ec4f81,FR,36-45,retail,2023-07,True
df47f5b713594cbf,FR,56-65,premium,2023-09,True
4f7080cbacd405c0,IT,46-55,business,2022-11,True
114e4b1026a8f485,DE,46-55,premium,2024-03,True
d61c53070ae969c7,FR,36-45,retail,2024-02,True
5ae71d67f1a855c5,FR,46-55,student,2023-11,True
40b296b3b60e429d,FR,56-65,retail,2023-11,True
6e3582d9083b5264,DE,46-55,retail,2022-12,True
d665c2e6c6070b10,NL,36-45,business,2023-12,True
5e53aa1f14f47490,SE,26-35,retail,2023-05,True
0b37497bd2971b82,IE,56-65,retail,2021-11,True
6c62dbd81113b096,IT,46-55,student,2023-09,True
01f7eb5ef77f4f9f,FR,46-55,student,2023-11,True
2f4a518c2b0bbb26,NL,26-35,premium,2024-02,True
95231ef7be065b39,IT,46-55,retail,2022-01,True
d7d6e165701c3df0,DE,26-35,premium,2023-02,True
4d14ff67bf655ea6,FR,56-65,business,2023-07,True
42f5af36ce74aa0e,NL,18-25,retail,2023-09,True
b095363dda0babce,NL,46-55,retail,2023-04,True
0152b52264da46ac,DE,26-35,retail,2021-10,True
cc948a580410b50f,FR,26-35,retail,2023-06,True
559445adb63961da,FR,36-45,business,2023-05,True
ebbea407b9934e49,IT,18-25,business,2023-01,True
f7d1e5e51b6035fb,IT,18-25,retail,2022-10,True
b1a87b7b680ca966,IT,26-35,retail,2023-05,True
aeb772ba74fbbbb3,SE,46-55,premium,2023-10,True
6546ddea3ad4169c,PL,26-35,business,2024-01,True
9a14bb6cfe5b1836,IT,18-25,retail,2022-03,True
a6341a2fb7328d69,DE,26-35,student,2022-05,True
a3ba6cdd53384f0c,DE,46-55,retail,2023-11,True
d407fe50830cddcf,DE,36-45,retail,2023-11,True
8379ce61b59be4f6,IT,46-55,business,2023-06,True
bfb11e0352f09bc7,IE,36-45,retail,2021-04,True
8c3cde11568f75c9,FR,46-55,business,2021-12,True
9ade788812dd5130,SE,26-35,retail,2023-09,True
05f6bfa3fc795766,FR,36-45,premium,2020-03,True
371803f6db2772d9,DE,66+,retail,2022-09,True
1fe4e190589ef312,FR,36-45,retail,2024-01,True
e2c06830b9303939,DE,46-55,retail,2023-08,True
758a7c177c1dd61d,ES,36-45,premium,2024-02,True
efcb631ae7762a71,IT,26-35,student,2024-03,True
a6bdf7a84ee11552,DE,46-55,retail,2018-06,True
f9ef4861eb6e3706,IE,26-35,retail,2024-02,True
ca8581b80544fa5a,NL,36-45,retail,2024-03,False
70b0370d89490b69,SE,18-25,retail,2023-03,True
ba0b505861c36bd3,DE,46-55,retail,2021-11,True
72e2ae09c02ae13c,FR,56-65,student,2022-10,True
ddebd61fe3c710a0,ES,36-45,retail,2023-07,True
45277e9d2e89f649,SE,36-45,retail,2023-12,True
043cadbe8b17bad8,IE,26-35,business,2022-06,True
c0eb56cdf1cdfc92,DE,18-25,retail,2022-03,True
440032f8d16572de,DE,66+,student,2023-10,True
03ecbf3cb2d3018e,FR,26-35,business,2022-07,True
338d0f6c61eb7e3c,SE,18-25,premium,2023-11,True
3b4c28c11294a14d,FR,36-45,premium,2023-02,True
0c8974ece9e4f9cd,IT,46-55,retail,2023-03,True
b2a58b75d9f3ef8f,DE,36-45,retail,2023-01,True
eb604bb5f1c46afa,NL,66+,retail,2024-03,True
ce3fb272af20e1cf,IE,26-35,retail,2023-11,True
a3bfb1e3896737f4,NL,56-65,retail,2024-01,True
e5700d973282cb9c,NL,26-35,retail,2024-03,False
a6a448caece04e32,FR,46-55,premium,2022-08,True
d1e7ce682f258ed5,DE,36-45,premium,2022-08,True
372396ce9e1c53ff,DE,26-35,student,2020-06,True
0051abb10d9e999b,IE,56-65,student,2022-09,True
69031faa6cb9879a,DE,66+,business,2023-10,True
172e010ab6dbdbc2,FR,18-25,business,2023-03,True
0a8fd082b6ef756e,DE,18-25,business,2024-01,True
166e12efc852e92e,FR,46-55,business,2022-03,True
07bd43e33cf6a37f,SE,36-45,student,2023-07,True
2e5ce7b267343b37,SE,26-35,business,2023-05,True
158640218801b1d7,DE,46-55,retail,2024-01,True
a993cc474c828df4,SE,36-45,student,2022-03,True
762e945cd95cc0c1,IT,18-25,retail,2023-06,True
9f409cb5b5b708df,NL,46-55,retail,2022-09,True
c343a91432981399,DE,46-55,student,2023-12,False
d073be8cb72ae071,DE,56-65,premium,2024-01,True
8eeead213fcad5bd,IT,36-45,retail,2024-01,True
6360f1497cd4d4b6,IT,18-25,retail,2024-01,True
d39a83a2ca25dbce,IE,26-35,retail,2023-10,True
d7fced48a7299795,PL,18-25,premium,2023-09,True
5d0ff9f4d6bc821b,IT,56-65,student,2023-10,True
d32d1ebd6f168796,IT,66+,premium,2024-03,True
84d64059d085e90f,IT,36-45,premium,2023-03,True
6a29725b54cea806,FR,36-45,retail,2024-02,True
6916e00968e58939,SE,56-65,student,2022-11,True
5b5268abcd1d0acf,ES,26-35,retail,2023-08,True
6db3fbb63ed57c05,IT,26-35,business,2022-10,True
ab908811ab654ceb,IT,66+,retail,2022-07,True
a0c7a76d4c0987de,PL,26-35,premium,2023-09,True
ad8a498673b894ab,DE,18-25,retail,2024-03,True
8f4e7d33a9102dc4,FR,18-25,retail,2023-06,True
ca1d137d1f6a862f,FR,56-65,retail,2022-03,True
d6de0283260ef55a,ES,36-45,retail,2023-07,True
2430ed752c7887b2,NL,18-25,student,2022-10,True
c9db13687a492ab8,IT,36-45,student,2024-02,True
06fdb196ba63f5e2,IE,26-35,business,2023-12,True
b80f960a57a24c95,FR,26-35,retail,2022-09,True
9daa6c53daa2d781,DE,26-35,business,2024-03,True
c64112e9a41524b9,IT,36-45,retail,2023-09,True
dd7ef75f00e0c0b6,DE,36-45,business,2023-05,True
0569e7aa0a519988,ES,36-45,student,2023-12,False
f748d3079f37348c,FR,26-35,retail,2023-05,False
ea5362a66b240de2,IT,46-55,retail,2023-10,True
e5164ee6b0fb5450,FR,46-55,retail,2023-05,True
e5c6ad31e4dc4ef9,PL,26-35,retail,2022-11,True
bccc9cac8a38c487,IT,36-45,retail,2023-07,True
c3c72ec63d7dac34,PL,26-35,retail,2023-01,True
058d3bdaf7afe4fe,IT,26-35,student,2023-06,True
2a4678b61fd08ca9,DE,36-45,retail,2022-07,True
1209ac6cbd26edcf,DE,56-65,retail,2023-06,True
fe98801491866720,PL,26-35,retail,2022-01,True
a6259b87eebba14a,IE,36-45,retail,2021-08,True
db4d19a1612748d4,DE,26-35,student,2023-01,True
311a48e3e8476d3d,SE,18-25,premium,2022-07,True
6193a6ca1b6a07ae,SE,36-45,business,2023-09,True
65867b92550cc708,DE,46-55,business,2023-11,True
eb20bea2388e0b50,FR,46-55,retail,2019-10,True
2dab539fc10662e4,DE,46-55,retail,2024-01,True
b417114352fe8564,DE,46-55,student,2021-11,True
60565a8bda304f92,IE,36-45,premium,2023-01,True
bd48ed1500dd5cba,PL,36-45,retail,2023-08,True
c0cd7db87847ab72,IT,66+,retail,2021-10,True
659f0411c53f95de,DE,36-45,student,2022-02,True
40603473a9898a4a,NL,36-45,retail,2022-05,True
98148362cf74d01b,ES,18-25,retail,2022-04,True
11887731e9d53707,NL,26-35,retail,2023-10,True
730b65c138752f19,IT,36-45,retail,2023-03,True
22c432084f3de1b2,ES,36-45,premium,2024-02,True
43c3e497cc8f99a3,NL,36-45,retail,2024-03,True
a53b11e967e417cb,FR,26-35,premium,2023-02,True
5883e921557bf27f,FR,46-55,retail,2023-12,True
774ecc2253088dc4,IT,46-55,retail,2023-01,True
4221d567bdb842d1,NL,46-55,retail,2023-05,True
27e12f290881547d,ES,36-45,business,2023-09,True
fd586b2bba8b5c10,ES,56-65,student,2024-03,True
acc45a9b61908125,FR,26-35,student,2021-08,True
96c62ff4cbdfa85f,DE,46-55,student,2020-08,True
700a2a79f071b53d,SE,46-55,student,2024-02,True
e0f9f5ade794356c,DE,36-45,retail,2023-12,True
384a9b2a75df39f1,FR,18-25,student,2023-11,True
f17215efa309e079,PL,46-55,premium,2022-02,True
3a5b0b30ab91428f,PL,46-55,premium,2024-03,False
066ad6d8270db550,PL,26-35,retail,2023-06,True
13fb65931ec6c66e,IT,36-45,business,2022-04,True
1e7362a00523746e,ES,46-55,retail,2023-08,True
83ae10e9bbf6f3c0,SE,46-55,premium,2023-08,True
d15ab6ffdf4727c4,IT,36-45,retail,2022-12,True
2af1394582cc39a7,DE,36-45,business,2023-02,True
84678b2a4d970cf9,NL,18-25,premium,2023-06,True
1d75622cd06363ea,FR,26-35,retail,2024-03,True
b20bd85ffb826aa5,IE,18-25,retail,2023-10,True
a61dee1628329040,IT,26-35,retail,2023-06,True
ff9a547a64ac0636,DE,26-35,retail,2024-03,True
92c7cd903409cd84,SE,46-55,business,2023-11,True
c00c8119f2383560,DE,66+,retail,2023-03,True
2abae9940d69e7fc,ES,36-45,business,2022-12,True
f76decfce2de9c01,FR,56-65,retail,2023-09,True
12a4e672f8e36ee7,PL,46-55,student,2023-11,True
0bb931e8b81a21de,SE,56-65,premium,2024-04,True
c5c26074e210cd92,FR,36-45,retail,2022-12,True
8f4f9a2cd97cb251,ES,26-35,retail,2023-09,True
17a4fdfe6cea1a45,SE,46-55,premium,2023-01,True
a99c501c4f564fa0,IT,36-45,premium,2024-03,True
310c786261e7d5f0,IT,46-55,business,2024-02,True
a5e0eec0fe04fee1,IT,46-55,retail,2024-01,True
707602d49ed214cd,FR,66+,retail,2024-03,True
0d67357f2488519d,FR,26-35,premium,2022-10,True
82a847f40f6dd14a,NL,66+,retail,2023-11,True
a823a26da631ff7e,ES,26-35,student,2022-07,True
b8211ee15dfa1d62,PL,18-25,retail,2023-04,True
36734c4aa8deeb27,NL,26-35,retail,2022-12,True
637a16728f0617bb,ES,26-35,premium,2024-03,True
f4f7b4192a70a6a2,FR,26-35,retail,2024-03,True
f1906782113aa9c8,NL,18-25,business,2023-12,True
a9803782b67a5637,NL,56-65,retail,2024-02,True
3200018b5c72060b,ES,36-45,retail,2024-03,True
06effc6dc5a3b03a,DE,46-55,student,2024-03,True
128bba392bcec061,FR,36-45,premium,2021-11,True
9593cac771a382e9,IE,36-45,business,2023-11,True
684f9e5d39feafc9,FR,46-55,premium,2024-01,True
df64b889bf7845e6,SE,18-25,retail,2022-04,True
807e72bf148aa127,FR,18-25,premium,2020-07,True
318810be3606d81f,IT,26-35,retail,2024-02,True
424ec8c6dcb482cd,ES,46-55,premium,2023-04,True
c5079cfa1d479b52,FR,46-55,retail,2024-03,True
33366c0683555cbe,FR,36-45,retail,2022-01,True
debd46cbd1c86ed8,DE,66+,retail,2022-07,True
b4915c726f158afb,IE,36-45,retail,2019-11,True
cc98d66d79824df2,IT,18-25,retail,2023-09,True
e11e204dac399249,SE,36-45,premium,2023-07,True
4061be76056483dd,IE,18-25,student,2023-09,True
83400c5d0f826852,IT,56-65,retail,2021-10,True
694a58c30239fb5f,ES,36-45,premium,2023-06,True
8b9aff6c54141623,DE,66+,premium,2022-11,True
fdd5f75617c30cf1,FR,36-45,student,2023-10,True
b6c946805869ac6b,DE,26-35,student,2024-03,True
d6082c8e8b7625ce,NL,46-55,student,2024-01,True
98135b5787bf9b12,IT,46-55,retail,2023-03,True
edcbe89700d346be,DE,46-55,retail,2023-09,True
f102f06adb8ed06e,FR,36-45,retail,2021-01,True
02706993be7eb49f,ES,36-45,retail,2023-11,True
e64000157158517e,SE,36-45,retail,2024-03,True
bb883d1db08642cd,FR,36-45,student,2023-11,True
50c7c00bb9e42f54,ES,36-45,retail,2023-07,True
2524048bb274c15a,IE,46-55,retail,2023-03,True
8f5e8568384ec614,DE,36-45,premium,2023-08,True
2ad304fbfec40e31,DE,56-65,retail,2022-12,True
c6dc725f73bad1c4,SE,36-45,retail,2023-06,True
8b1e06c3d0835a72,FR,56-65,retail,2023-07,True
2c5c83f6d0e5801c,IT,26-35,student,2023-11,True
d27209284b4a53af,PL,36-45,retail,2024-03,True
8389224d283c5be7,FR,36-45,student,2023-11,True
e74455e9821764a4,SE,26-35,retail,2021-10,True
13d1729e759b17c4,FR,36-45,premium,2023-09,True
f64648d9cd7218ff,DE,66+,student,2024-01,True
b5c52eed7cef756f,IE,26-35,student,2024-02,True
3982e62ffa133137,DE,56-65,business,2023-10,True
cc94b2a3b3f9b1ec,ES,18-25,retail,2023-10,True
c1e1433e01f51e2f,SE,36-45,student,2023-08,True
d0b7482504d04ebb,DE,36-45,retail,2021-12,True
228f0cd4c846c519,IT,66+,retail,2023-11,True
67eb68dd12ab0f47,NL,56-65,student,2023-09,True
0fd46361507fa443,PL,18-25,retail,2023-11,True
4e4a9a4aae8928ea,DE,18-25,retail,2022-04,True
1e5e8c7c26218ee4,FR,36-45,retail,2024-03,True
57f39fac00aed5f0,ES,46-55,retail,2023-04,True
d57655b1a644efcf,IE,18-25,premium,2023-06,True
9f345cf907a89713,SE,36-45,retail,2020-03,True
cc15358254e77848,SE,56-65,retail,2022-06,True
7ed4f0f12881b394,DE,46-55,retail,2023-06,True
277b651c2d3df4b4,DE,26-35,premium,2023-11,False
3d446f2e3a54fb8f,PL,46-55,retail,2023-08,True
ad33615511a2636b,DE,46-55,retail,2023-12,True
06a14d6e2728f01b,NL,26-35,business,2020-10,True
b7bc416fed817a3f,IE,36-45,business,2023-05,True
79e052ff6a4ee44d,FR,26-35,premium,2024-02,True
59a33c49a28090c8,IT,26-35,student,2024-01,True
9b1cd13bd16ab12e,FR,18-25,business,2023-10,True
361f117ae451a697,ES,46-55,student,2021-10,True
52ede519bbaea653,DE,26-35,retail,2020-10,True
20bb51ed60f3b98f,ES,36-45,retail,2023-01,True
b9a0659620fa551f,SE,66+,retail,2023-08,True
5c957a7c6f2ed020,ES,18-25,retail,2023-12,True
254d90d4852103cc,IE,46-55,business,2023-12,True
df694cb1d81c0d69,IE,46-55,student,2018-06,False
d2548bae035355d0,IT,36-45,retail,2023-04,True
9ef310a7672b5b25,IE,18-25,student,2024-01,True
f729ae2073928c14,IE,36-45,student,2020-02,True
fc226180ea2a9fa7,ES,46-55,retail,2022-11,True
cadb2b9530253e9f,NL,36-45,retail,2022-08,True
cee2c2c0ff882eb0,DE,18-25,business,2023-10,True
ab54eb3f85797119,IT,26-35,student,2022-03,True
51c3a4bcc46420f5,ES,26-35,retail,2024-03,True
9cdfbfdf489774d9,DE,26-35,business,2021-06,True
f5243070afa1e309,SE,18-25,retail,2023-09,True
bc1db161246aa87d,PL,36-45,student,2023-10,True
bc3bb98437150f9a,IT,46-55,premium,2023-10,True
bb30311b58f44a8f,DE,18-25,retail,2024-03,True
0d6f50fd77fa382f,PL,36-45,business,2023-11,True
b1c6777b06ef2f06,ES,46-55,retail,2022-09,True
abc327406aba1fa7,PL,66+,business,2021-01,True
9117111de3810b4f,SE,36-45,premium,2024-01,True
7e8f4e8eb0fdef05,FR,18-25,retail,2022-02,True
e2c34d62cfd7cf80,DE,36-45,student,2023-09,True
2ec9cc21833e7ade,FR,46-55,student,2022-12,True
c3a813031c94134a,DE,36-45,retail,2023-11,True
d63d94e88683b0d7,DE,56-65,retail,2022-08,True
25f651960ee512c2,ES,26-35,retail,2023-11,True
f4423666cee72288,NL,26-35,retail,2020-07,True
4a43584038ff813f,NL,36-45,retail,2023-11,True
9d8c70357162e43c,SE,56-65,retail,2024-01,True
88109c8d45ded6c9,SE,56-65,retail,2023-01,True
5e9f3306cfdded9b,NL,18-25,student,2024-01,True
24bd60cd567784ed,IE,18-25,student,2022-11,True
e5b342f4c28fe0f7,ES,46-55,retail,2023-06,True
f3b7709c154169ce,SE,56-65,business,2023-07,True
c3382bbf9953279c,NL,46-55,retail,2022-01,True
9206698ed28c2039,DE,18-25,business,2020-01,True
060e6c2d5b95a806,NL,18-25,business,2023-05,True
cfc380c8bda1fd53,FR,46-55,retail,2022-10,True
68e5e71db40a2d07,PL,26-35,student,2024-03,False
b220edb4378987ce,ES,46-55,retail,2022-05,False
30246f087e4d7ee0,DE,26-35,student,2023-06,True
a1a1274a264cb8e4,DE,36-45,retail,2023-09,True
eb37b269e6de4bf1,DE,56-65,retail,2023-11,True
0709234dbfc9a7ad,NL,26-35,premium,2023-03,True
b634d188e5c439e2,PL,46-55,premium,2024-03,True
06972258a3efb598,IT,26-35,premium,2023-10,True
7485441d2d39525f,NL,26-35,retail,2023-09,True
119c338f54da7388,FR,66+,retail,2023-10,True
0f43e0db9f52c12e,IE,26-35,premium,2023-02,True
e64972893d5fc20a,DE,56-65,retail,2024-02,True
593b0ef07d1e747b,ES,26-35,retail,2019-12,True
6dbbb9d42d0a994a,DE,56-65,retail,2022-12,True
a49f36b67ee4e9bb,FR,26-35,retail,2023-12,True
6eb7d819b044b006,FR,46-55,premium,2020-06,True
588ab1ff205aecfc,DE,18-25,retail,2020-12,True
16c493bf143508b9,IT,56-65,retail,2023-11,False
ea220f3130fab944,FR,56-65,student,2023-01,True
93f9a20c43930a52,FR,46-55,business,2022-01,True
44f14c4d0c422899,DE,18-25,student,2021-01,True
b29c298a5d6bc01d,DE,56-65,retail,2023-01,True
936c52e897bda453,IT,46-55,retail,2023-12,True
63b0d561907acb04,FR,36-45,business,2023-01,True
3ccb10469c3b4e6f,DE,46-55,retail,2023-08,True
5b7cca7b574048e6,PL,18-25,student,2023-08,True
e78e52246f0a50ec,IT,26-35,premium,2023-03,True
b378931daeed3089,NL,46-55,retail,2024-03,True
5e6d495d7aad7aa9,FR,46-55,retail,2023-12,True
6abdabe9a09e8d45,NL,56-65,business,2024-02,True
3b3dee16aee47a16,SE,46-55,business,2022-05,True
951062dc25eece91,DE,56-65,retail,2022-10,True
53fa321fbd7c0b4e,FR,46-55,premium,2021-06,True
2befd36a15772b32,FR,46-55,student,2023-01,True
1af711825f3c09a5,IT,36-45,student,2023-12,True
aa4d628b6f950ef4,ES,46-55,student,2024-03,True
b820f07e33df63b7,ES,36-45,retail,2024-03,True
e6c9b79ae503c299,DE,46-55,student,2024-02,True
dc432f635bd93420,IT,36-45,retail,2023-12,True
a8ff51d874b542b4,DE,46-55,student,2021-11,True
0799f437cfe7284f,DE,26-35,retail,2023-11,True
fd931397dd5cd256,ES,18-25,student,2023-10,True
da6318145d65cfd4,FR,46-55,business,2021-07,True
be03a6fe8abea29f,FR,46-55,retail,2021-12,True
c64f0833cc16f479,IT,36-45,retail,2023-06,True
56166c860fa923a8,NL,36-45,retail,2022-09,True
2a6489ff25db1234,DE,36-45,retail,2023-01,True
6c9ab054ebbf6ee6,FR,36-45,retail,2024-01,True
2a278e3ccab73b2f,DE,66+,retail,2021-10,True
f18d38998d3ff8c7,DE,36-45,retail,2023-03,True
61cea0875bac2259,FR,18-25,retail,2023-12,True
9fb71c5cdc1b04ba,IT,18-25,retail,2023-08,True
841100686bf7c364,NL,56-65,retail,2024-01,True
abe09bfb6cec4eea,PL,46-55,premium,2024-02,True
8c6065f2c8f73659,FR,66+,premium,2024-01,True
22f73d67003c8f31,FR,36-45,retail,2023-06,True
7c296ae9d4eb65c3,SE,36-45,retail,2024-03,True
c83552a43f2b408b,IT,26-35,student,2024-03,True
fb9e9a1ebbe58e9a,PL,46-55,student,2022-05,True
857305c6ecfba64a,FR,36-45,business,2024-01,True
5a92385a0defb944,ES,56-65,retail,2024-03,True
cf02671b786c3c5d,PL,36-45,business,2023-05,True
19f5db3694766987,IT,46-55,retail,2024-03,True
9bb574099ad476a8,ES,26-35,retail,2023-10,True
9d46278d26c32f63,FR,26-35,student,2023-07,True
94ef2c823ad5c83b,NL,36-45,student,2024-03,True
44680cbc9f0033d9,IT,66+,student,2024-03,True
7ab3984cb87bbfd3,SE,46-55,retail,2023-06,True
9ffbc66b72bbe56d,IT,46-55,retail,2022-10,True
b3baa2e2fed72991,PL,46-55,premium,2022-09,True
2a151bee3311f7dc,PL,36-45,premium,2023-04,True
7e9eac719bec4655,ES,26-35,retail,2024-01,True
0243a4cc8bba2cde,DE,46-55,business,2023-08,True
f35faa2d2dffc9be,DE,36-45,student,2023-09,True
eb31aaf29ff38c97,SE,26-35,premium,2023-11,True
49735bca317bbc3c,IE,18-25,retail,2023-11,True
8551cbbeae382ee1,DE,56-65,retail,2023-04,True
faa4586f12d05173,SE,46-55,retail,2024-01,True
469ec68ba900b2c0,FR,46-55,retail,2023-08,True
4a420ee3af422778,DE,36-45,retail,2023-05,True
61e84eea7719076c,FR,46-55,business,2021-10,True
b6945aa44d5a8467,PL,26-35,retail,2023-04,True
3e508fa7b5353773,IE,46-55,student,2023-10,True
3df22f59ae75e067,PL,36-45,retail,2024-02,True
d9fffca49bc3297c,SE,26-35,retail,2023-05,True
9b0619fa070eade5,FR,56-65,student,2024-03,True
af871991e870e0f4,IT,46-55,business,2023-03,True
8a9a36fde397c1c9,IT,66+,retail,2023-09,True
2f0ff50e9f2f5fee,PL,26-35,retail,2021-05,True
56316fcd53599d95,DE,56-65,premium,2022-11,True
2ba586ae0b034a0d,ES,46-55,premium,2023-01,True
735f65bc1d386442,IE,36-45,premium,2022-12,True
edd77228914cf8df,FR,18-25,premium,2024-01,True
b89f6f1b0ff9302a,DE,36-45,student,2023-01,True
5f0811d2647b529a,DE,66+,premium,2022-08,True
a1a06b7f4798fc23,PL,26-35,retail,2023-09,True
1de34146070bb6b7,FR,66+,premium,2021-06,True
d5d9c01bdadc0bb5,FR,26-35,business,2023-03,True
f5a2d36f8ea752d4,IT,36-45,business,2023-12,True
50546d1ad5202099,DE,26-35,business,2022-06,True
c53e715eb7b78e14,PL,46-55,business,2023-03,True
69d3ac2a35c153cb,PL,36-45,business,2024-03,True
d4cdd66809c68bbe,PL,26-35,retail,2021-03,True
44c3feaf0623fd64,DE,26-35,retail,2023-07,True
2ba15767b02a1767,DE,26-35,business,2024-01,True
dfa9b09e1a3ea960,IE,18-25,retail,2022-07,True
115e86a0f009f0cc,FR,26-35,retail,2024-02,True
6f1b8cdeab59e92e,NL,36-45,business,2023-10,True
cfa18a02bbfbd3e2,DE,46-55,retail,2023-07,True
0ba0bda5aa4b5336,SE,36-45,retail,2023-06,True
991f5c58df06bad2,FR,26-35,retail,2023-07,True
c002042763c3153f,FR,18-25,premium,2022-11,True
6a9bff11428b7c7c,SE,18-25,retail,2022-01,True
5331aa03824c223a,PL,18-25,student,2023-07,True
db67dbae32933a3d,ES,26-35,retail,2022-04,True
f817b48c08784bc5,ES,26-35,retail,2022-09,True
4b4753beb62feda0,IE,18-25,premium,2024-01,True
a8e56406b233c7a5,ES,18-25,retail,2023-05,True
1517da59ce3d4852,DE,46-55,retail,2023-04,True
3797bdb6ecda6c06,DE,46-55,business,2023-11,False
2acf8161552b4681,IT,26-35,retail,2024-01,True
649b4ada72e5f31f,FR,36-45,student,2022-03,True
1bbe1f0085a20d98,NL,26-35,retail,2023-12,True
a5a638f3d9067a8f,FR,46-55,student,2023-03,True
9cdcd8f05267e11d,ES,46-55,retail,2023-10,True
2081e9509d915f72,PL,26-35,retail,2021-08,True
7bae3b50a6df0687,SE,26-35,retail,2024-01,True
c2543f4d985f1df6,IT,56-65,retail,2024-01,True
41c34bfe4ed20419,FR,36-45,premium,2023-06,True
320427cadd0ddee5,ES,26-35,premium,2024-03,True
7809472ced2ea5f2,PL,36-45,retail,2024-01,True
cf9b1a0a00e10691,FR,36-45,retail,2023-11,True
267d4602e39f78bd,SE,26-35,student,2023-09,True
9c9fb04d8f5d1c20,SE,46-55,business,2023-05,True
6b41eb665cca926d,DE,26-35,student,2024-03,True
651b4d679089706b,SE,26-35,business,2024-03,True
cb1e73f3bff9d517,IE,18-25,premium,2023-11,True
799748f7c11713d5,FR,46-55,retail,2023-11,False
9c21cea93fa23c55,DE,46-55,student,2022-11,True
6ad98688cc9f4fb4,IE,26-35,retail,2024-02,True
7c52783ae157fada,FR,18-25,business,2022-04,True
f07d7ae2374a407d,FR,26-35,retail,2020-06,True
50dbbbdf28ddb67c,FR,46-55,premium,2023-07,True
58f2918159063e9b,SE,46-55,student,2022-05,True
b4f189692457290c,DE,36-45,premium,2023-12,True
8d795bff01f21c5f,ES,36-45,retail,2022-12,True
aa281bdc22f9124d,DE,46-55,retail,2023-10,True
cf33ed4c9aacbdfd,DE,36-45,retail,2023-11,True
518139f13269c22f,IT,56-65,retail,2023-08,True
e750af9b62e86131,IT,36-45,premium,2022-10,True
3de86571da19c22a,SE,46-55,premium,2023-05,True
5a35ba00d07b8d62,FR,46-55,premium,2024-02,True
fd409a868bb6659a,DE,46-55,retail,2019-12,True
e057cfc42f69c898,IT,46-55,retail,2024-02,True
301231f09e7041f1,FR,66+,student,2021-03,False
d78a937e26154d72,FR,36-45,retail,2023-10,True
69dd80dbb9426eea,NL,46-55,retail,2023-08,True
44fdbe07ef68abf3,FR,18-25,student,2022-05,True
17dff72a46af2c97,FR,56-65,student,2023-10,True
5fa10ee114d601b9,DE,36-45,student,2023-07,True
4460af5eb5cfad89,FR,26-35,student,2022-06,True
194f623014e1c93d,ES,46-55,business,2024-02,True
9690a98f505807d5,IT,36-45,retail,2024-03,True
7832e556a4fcf047,DE,36-45,student,2023-05,True
4bdd49889ff0784e,ES,36-45,premium,2024-02,True
10a863f35e200d45,NL,36-45,retail,2023-05,True
57b3a5a4b4961ddf,SE,26-35,retail,2023-03,True
8382da1599e42555,DE,26-35,premium,2023-01,True
84794392dd1ba3c5,FR,18-25,retail,2024-01,True
cbcf87811cde0010,DE,18-25,premium,2021-12,True
8c002ab6fc1d2c1e,ES,36-45,business,2022-10,True
ba26d4903f43087f,PL,56-65,student,2023-09,True
05f2c2aa6c446e86,NL,56-65,student,2023-08,True
c8b75d8f7fff5ee3,DE,36-45,retail,2022-03,True
22454c7b1d98391b,PL,56-65,student,2023-12,True
c9c83b306d5f9c4c,ES,46-55,retail,2023-10,True
08dbf6c131bcf91c,DE,18-25,business,2020-01,True
9ab71828452690d9,NL,56-65,business,2022-06,True
a63a0b2e80c32a16,SE,18-25,business,2023-11,True
f9438d9591e9c31b,IT,56-65,business,2024-02,True
948bae8db28344a7,IT,56-65,retail,2023-12,True
e334c5fbdc49a14a,ES,36-45,student,2023-08,True
c83a7dd3284d2c57,DE,36-45,retail,2023-09,True
b6c168e2b373e687,NL,26-35,retail,2023-12,True
b0d4401f4b4eab30,IE,46-55,retail,2024-02,True
b08f4609c0d91f3b,PL,26-35,premium,2024-03,True
2987987cc5000528,DE,36-45,retail,2023-04,True
5e2b40d25bb0c208,FR,36-45,business,2023-09,True
2934b2b816e9c0ba,FR,26-35,retail,2022-11,True
ebfba38c12fe635d,FR,26-35,student,2023-08,True
111c4fa12000931b,FR,36-45,student,2023-12,True
b0cc6edf58b3308c,DE,18-25,retail,2022-01,True
1306a6af5a9be96c,SE,26-35,retail,2024-03,True
a5a2001313b65f4c,FR,46-55,premium,2024-01,True
deafd2d03ffca10d,SE,18-25,retail,2024-01,True
e01653b3b2a5aa2a,FR,56-65,retail,2024-03,True
b9cb814b6f58890a,NL,26-35,premium,2024-01,True
07389a3c27ca6050,PL,36-45,retail,2023-12,True
a84c10301ab6b49d,NL,46-55,premium,2022-05,True
cb9849c2cafb7c2f,FR,46-55,premium,2023-10,True
4ff55b02aa611942,DE,26-35,retail,2018-11,False
b57e57e357b8eab0,IE,46-55,business,2023-04,True
4d9e4d10dafce312,ES,56-65,retail,2023-03,True
495146ff27dd6b68,FR,56-65,business,2024-01,True
93dd8ba125163cb7,SE,36-45,student,2023-05,True
b95d55cdffe9d949,SE,46-55,business,2023-12,True
a91803cbd69ca5d5,DE,26-35,premium,2020-01,True
b1c9532831d8691e,FR,46-55,premium,2023-03,True
ea26ef65e87724e8,ES,56-65,student,2023-11,True
4cf43a1e8bbdd552,NL,46-55,retail,2022-09,True
c6e80f6e362d3e88,DE,18-25,student,2023-03,True
c1feee2c27afeec4,NL,36-45,retail,2021-05,True
19699a0ce5b902bf,DE,18-25,retail,2024-02,True
b2f220521b31346f,IT,56-65,retail,2024-01,True
7d3647d58c382162,IE,18-25,business,2024-03,True
8178ef0e00bd2d02,IT,26-35,premium,2024-02,True
4ec0c0994c9ff4fd,PL,36-45,retail,2023-09,True
02cb8dec962825b5,FR,66+,student,2021-09,True
d79282f802387eeb,NL,36-45,retail,2021-01,True
6e70041417ae0d57,FR,46-55,premium,2023-02,True
7c67facc3e6dd5bd,NL,26-35,premium,2023-10,True
52e8ecbfbe95585c,FR,26-35,student,2023-09,True
3593455e5d1c32a2,DE,46-55,student,2024-04,True
657cf714ec4ac3b9,FR,36-45,business,2022-03,True
337051034a65c9e4,ES,36-45,retail,2024-02,True
1c4f3b2d41c4528d,IT,18-25,retail,2024-02,True
8d538956cb0de851,DE,26-35,retail,2019-06,True
461544ff8c92e909,PL,26-35,retail,2023-11,True
f57c8ad2ce20f128,NL,56-65,retail,2023-11,True
9d6228937f587efd,DE,66+,student,2022-12,True
799bdd1df3f3cf4c,ES,46-55,premium,2022-10,True
6764615192870540,DE,26-35,student,2023-03,True
023e1086b6e8d65c,DE,18-25,retail,2020-08,True
1abd461ac2e09025,IT,26-35,retail,2024-03,True
6a1cf474ecdacdb1,IT,36-45,premium,2023-12,True
d624f8de29ba2131,DE,66+,retail,2023-12,True
03e91c08c4681051,PL,36-45,premium,2022-06,True
436aaed51120d1ea,FR,26-35,student,2024-01,True
a977cd8ac05373db,FR,66+,retail,2021-08,True
9f5d4b32f518e90d,DE,46-55,premium,2023-10,True
57e24d074e10258a,SE,56-65,retail,2023-08,True
a071740d3c31546a,FR,36-45,retail,2020-06,True
3e9bfc2af80179d3,FR,26-35,retail,2023-06,True
e89d6f9e27c127ef,IE,18-25,retail,2023-09,True
97ef71cd0e6c5474,ES,26-35,premium,2023-09,True
ceb2918dcf444a73,IT,36-45,retail,2020-11,True
e7b98d8a4a632896,IT,46-55,retail,2023-04,True
758adeb6938d4859,DE,26-35,retail,2022-10,True
c4f5dd42551284c2,IT,36-45,business,2023-04,True
7b4f5c31ec93f7b0,FR,36-45,premium,2024-02,True
58a6e85d0c2db95d,FR,56-65,retail,2023-11,True
4c16583246b39695,ES,26-35,student,2021-03,True
ab8cc7d16c822b1d,SE,36-45,retail,2024-02,True
a55194bd8314bb38,SE,26-35,retail,2021-02,True
3300b4fee4cdc58d,IE,46-55,student,2024-01,True
7525c518a637a1e9,ES,66+,premium,2021-03,True
5bb7652b9a68155b,SE,46-55,retail,2020-12,False
ae9c50051f645996,DE,26-35,retail,2024-02,True
2cfec4cd75b3c481,FR,46-55,premium,2024-03,True
4e9f60a50fde4853,FR,36-45,student,2024-03,True
b6ba2038e804be3f,IT,18-25,student,2023-10,True
2d1a8670914db349,SE,56-65,retail,2023-04,True
149166bed143d5e5,IT,46-55,retail,2023-03,True
dac50bca9ce03726,IT,56-65,retail,2023-06,True
82c81a0db3099000,DE,46-55,retail,2023-08,True
2c5b0277913aff11,DE,26-35,retail,2023-09,True
0e77196d5d9bbd68,FR,36-45,retail,2022-04,True
63137d3e87aa2134,DE,36-45,business,2023-05,True
8d973506131a055d,IE,26-35,retail,2024-03,True
06294fb03b8036df,DE,66+,business,2024-03,True
3774f065cd5c8ad0,FR,46-55,retail,2024-02,True
52e9d9477bd2eba3,DE,18-25,business,2023-10,True
b186fd0cf4b444fe,IE,36-45,retail,2024-01,True
5720209010acb981,DE,26-35,retail,2023-07,True
35f42e5f0948dfed,FR,66+,retail,2024-01,True
6e4a96a54ac6860b,IT,26-35,retail,2023-09,True
bf8207fa09e20dd9,DE,56-65,premium,2022-07,True
137f63438e352b51,ES,26-35,business,2022-07,True
b50384ad71152ede,PL,18-25,retail,2022-04,True
e477a23b8e3cf601,ES,26-35,retail,2022-10,True
e22b5f0b1d4883a8,PL,56-65,business,2022-06,True
2042168a54f675db,NL,36-45,retail,2023-05,True
194245830e6bee31,IE,26-35,premium,2024-02,True
944fa4599072f402,DE,56-65,retail,2023-07,True
524a4baab7513f5f,IT,18-25,retail,2023-04,True
b240329a5a8f12be,IT,18-25,retail,2022-10,True
be51622a362ac896,SE,46-55,retail,2023-05,True
0083a6e64c8d1942,IT,46-55,retail,2023-03,True
20f9aad6bcbd26f0,FR,46-55,premium,2023-08,True
5fd50351067899ca,FR,36-45,student,2023-11,True
05903eee3036880d,IT,36-45,retail,2021-02,True
d0b1f4547324b19d,DE,46-55,retail,2023-09,True
49ad0601edf7f761,DE,66+,business,2024-03,True
260d05983f0a2f4b,PL,56-65,student,2023-08,True
0ce0ed22f455cf28,IT,46-55,retail,2024-01,True
d90c17d4846137cd,FR,46-55,retail,2023-04,True
9aba5c4afcf11de3,DE,18-25,retail,2024-02,True
3b47e8635982112f,DE,26-35,retail,2022-06,True
926a04d1b053c76f,NL,18-25,business,2022-06,True
742dd9ff21a53dc1,DE,36-45,premium,2023-05,True
5f6b6ae51d656605,IE,46-55,student,2017-11,True
2ba8e09b55014a4f,PL,36-45,retail,2023-12,True
4f68447b4b527306,ES,46-55,retail,2023-01,True
30fe266bf91e05d4,SE,26-35,business,2023-12,True
fa7f7d00ac322c7a,IE,18-25,student,2023-11,True
e3589dc4e472da03,NL,36-45,premium,2024-02,True
dd939da7a7240a62,IT,46-55,retail,2023-12,True
8bf8ba51be156171,ES,56-65,retail,2023-12,True
56fe3e85b2d448b0,DE,46-55,business,2022-07,True
8f923f2c26e3e438,SE,18-25,retail,2024-03,True
a4a487ab281419e8,FR,18-25,student,2023-11,True
d9a91f4cdec0e811,FR,26-35,business,2022-12,True
569165d14471b81a,FR,46-55,premium,2023-06,True
fc72336b89686f0e,DE,46-55,retail,2022-02,True
d6a748341b1dbc19,FR,26-35,student,2023-01,True
4a32f0f0070c4b6e,IE,46-55,student,2024-02,True
230b521b3e5651a1,NL,36-45,business,2023-12,True
d284b26f03188cc4,DE,36-45,retail,2022-03,True
3f628d096e56a855,PL,66+,retail,2023-05,True
b588bde0a7498ef8,ES,26-35,student,2022-04,True
13626474f0724563,DE,66+,premium,2022-04,True
745d2631637ff962,FR,46-55,retail,2024-02,True
06722d3ea095baa5,DE,46-55,premium,2020-09,True
d645d108520b7432,FR,46-55,retail,2023-09,True
529e53f379ba617b,IT,26-35,retail,2020-03,True
98e2ec424b07a9a7,FR,18-25,retail,2021-12,True
9155264214c05a53,DE,46-55,retail,2019-10,True
4357d76307fd0e7f,NL,18-25,student,2023-08,True
666c3badb9a03b78,SE,66+,retail,2023-02,True
6dead906b31b22cc,FR,36-45,premium,2023-10,False
4f0e9179316dfc68,ES,56-65,retail,2021-06,True
db887b3821f6f1d6,DE,18-25,business,2024-04,True
3fe51174f07a5710,NL,36-45,retail,2024-01,True
e29f5d66f43b3c5a,NL,36-45,retail,2024-02,True
861afc455a1f9655,FR,46-55,student,2023-03,True
82a6c94810653cb8,DE,36-45,retail,2022-06,True
5e34fd75c14ee6db,NL,26-35,business,2023-06,True
00e41da0b33fbfa9,DE,36-45,retail,2019-04,False
fe5ea5d930ff21ea,SE,56-65,retail,2023-12,False
17988d95c8c7857a,PL,46-55,retail,2023-10,True
6e11c3dd0a02fd85,FR,26-35,retail,2022-05,True
8186fbb15078a32e,DE,26-35,retail,2023-12,True
bb3b6d91db4c7a9d,IT,26-35,retail,2023-11,True
cb76cac2a358876b,PL,36-45,retail,2023-10,True
69cad956c2c1fe6c,DE,46-55,retail,2023-11,True
9b342a3f194b9e7c,DE,36-45,retail,2023-02,True
fa341b17522414d3,PL,46-55,student,2024-01,True
d3309e90c950a49a,DE,36-45,retail,2022-02,True
62fa68d6f2511c22,SE,36-45,business,2021-04,True
deebca95b286bb24,PL,26-35,retail,2023-11,True
4f6f825a513d39db,IT,26-35,premium,2024-01,True
6d498c5f9206db3f,FR,56-65,premium,2022-10,True
1ef9eff358dbd161,IT,36-45,retail,2024-02,True
aecdae4e35dd1525,DE,36-45,retail,2024-03,True
fb68515a16cba55f,IE,46-55,student,2024-02,True
9c8677dc9a3c6da3,IE,56-65,premium,2023-10,True
cc60a26417232c77,DE,26-35,business,2021-03,True
2b1c4307c0b3039f,IT,18-25,retail,2023-02,True
a431a77ea2402c70,IT,26-35,retail,2022-05,True
5d291bc98ebdaaf5,DE,26-35,premium,2023-02,True
a9b8f19bd10f928c,FR,26-35,retail,2022-05,True
ae5c0be2dcc26d4f,SE,36-45,retail,2022-12,True
9b19424c9f047f2b,FR,46-55,premium,2024-03,True
c5c11c8e18168d7e,FR,26-35,retail,2021-08,True
359672caac148fcd,DE,36-45,business,2023-11,True
a54b2c4165a2b2d4,IE,46-55,business,2023-05,True
7a15f085428edfc9,IT,26-35,retail,2024-01,True
50bda2799a96b559,FR,56-65,business,2023-10,True
6d754361e71e58d6,IT,26-35,retail,2021-12,True
37f1c67f53519d5d,ES,46-55,retail,2021-06,True
36043bf4a74ef2c3,IE,26-35,retail,2023-08,True
bdeb687d8d8e1f6d,PL,56-65,retail,2022-06,True
803cae9a06bdeefa,PL,46-55,student,2023-10,True
45e995deae8c792c,IT,46-55,retail,2022-03,True
79c50ad55cd4c450,ES,46-55,retail,2023-01,True
2d52d786ffa19fee,FR,26-35,retail,2022-09,True
928491190c644393,FR,46-55,retail,2022-09,True
bf0228602abea148,IE,26-35,retail,2021-10,True
99c7174d4549a501,FR,18-25,retail,2023-08,True
f71fe82f5677dd61,DE,46-55,premium,2022-04,True
75a7072bca6ed6cd,NL,18-25,student,2023-04,True
fa68f63197f3695a,IE,18-25,retail,2023-02,True
c3471fed0739ac2f,DE,46-55,student,2023-10,True
85a19dace46fd8a4,FR,56-65,business,2023-10,True
764653b21dfc158c,SE,36-45,retail,2022-03,True
e3ec8265466c09f4,DE,46-55,retail,2023-02,True
14692ffc4cde1612,DE,66+,premium,2023-10,True
f5993cfef7ae830c,NL,46-55,business,2022-11,True
ca9f59fb7ba91812,FR,36-45,student,2024-03,True
6c028af90912b5cc,FR,66+,retail,2023-03,True
268fb6fbfc3d32b3,IT,56-65,student,2020-06,True
1344071bf6bde8d8,SE,18-25,premium,2023-01,True
6058b2f9485cf84c,ES,46-55,retail,2023-06,True
eb52fadfcd8c46c1,DE,26-35,retail,2024-02,True
505abedcb8fd0e9a,ES,46-55,premium,2023-11,True
16477f82c427cb65,IE,36-45,student,2023-10,True
066e56bb4a0f6645,ES,46-55,business,2023-10,True
4afa1026adba8857,IT,36-45,business,2024-02,True
2ca2ad1aae7d4876,IT,56-65,retail,2023-12,True
e5701ba6a5e7e97f,DE,26-35,student,2023-06,True
c23f4c9492faf394,IT,26-35,retail,2024-02,True
be3a87b90d644bed,PL,56-65,retail,2023-12,True
18877308e7e2a84e,ES,36-45,premium,2023-04,True
5d70efa25810de93,FR,36-45,student,2024-02,False
3e48077619268c5f,IE,26-35,premium,2022-01,True
992a63d40183b4e5,FR,26-35,student,2023-07,True
ec316e1416f2fb68,FR,66+,retail,2021-06,True
939467b783c3218e,PL,46-55,retail,2023-12,True
d782d213a459c37e,IT,66+,retail,2023-06,True
51940df43f99d098,IE,56-65,premium,2024-02,True
29a0fc8ae617086d,IT,18-25,premium,2024-02,True
98d9b7bb49955db1,ES,46-55,premium,2021-09,True
f1e269de72885910,FR,46-55,business,2024-01,True
4aff1104ad3fe963,NL,26-35,retail,2022-09,True
7d04c3f97bfdf8fb,IT,26-35,retail,2024-03,True
dd4b39244f55dc87,DE,36-45,retail,2022-08,True
ff3d73a8c513bf0e,DE,36-45,retail,2024-03,True
eef0766967a2453b,PL,36-45,retail,2021-07,True
e67a879413b0a96a,DE,26-35,student,2021-04,True
1f6d6fac80b5805b,NL,46-55,retail,2023-11,True
60a086e0553a3b91,SE,36-45,retail,2021-05,True
73b5c7c9eeb308c5,NL,36-45,retail,2023-11,False
0d6800a2fde752e2,IT,26-35,business,2022-11,True
3b550a0679724b10,SE,56-65,business,2024-01,True
1f682dc00dea8ee7,FR,36-45,retail,2022-09,True
02934d8d0c5b5e7e,ES,26-35,retail,2024-03,True
eadaee032fa771ab,DE,46-55,retail,2023-10,True
47b4f34d1fa4d1b1,IT,56-65,student,2023-08,True
17f6df7c618c5275,ES,56-65,premium,2024-03,True
bc450ec73c360f90,DE,36-45,retail,2023-08,True
a9ad4687334e7e8c,NL,36-45,student,2023-04,True
dc965224c0e0945e,ES,18-25,premium,2020-07,True
c11f6521df949654,PL,26-35,retail,2023-07,True
4c2c0ffcc377b37b,ES,36-45,premium,2022-05,True
05e13c646fde4633,IE,46-55,retail,2023-06,True
69a8439b207c31ff,PL,26-35,retail,2024-02,True
cd804314a90487f2,ES,26-35,retail,2023-12,True
b44e107f5ae33082,IE,18-25,retail,2021-10,True
9e9af07a3215bc5f,IE,36-45,retail,2024-03,True
b6bae7f4b3a5d115,FR,36-45,retail,2023-03,True
a0d2df72f5f2c211,SE,26-35,student,2024-03,True
422664edf6cf9828,ES,18-25,business,2023-09,True
7f03a08e27f447b1,FR,66+,business,2023-03,False
075245405aa092dd,ES,18-25,retail,2020-10,True
cceff44148baca9f,FR,36-45,retail,2023-11,False
e9cd42e90c5e31b8,DE,26-35,retail,2024-01,True
f4e5af6c4fe2a8b9,FR,36-45,retail,2023-11,True
c20b9258637e4fe4,IE,36-45,business,2023-04,True
cd06b787a1d384ae,SE,46-55,retail,2021-01,True
b360a00215fe7953,IE,36-45,retail,2023-12,True
5fb447d61d0aa1d3,NL,36-45,retail,2018-05,True
8ba5f8986712f3e4,IT,18-25,business,2020-02,True
8e6db782777439cb,IT,36-45,retail,2023-12,True
37117cc5b6ccda70,ES,56-65,retail,2024-01,True
fa5b404ae1244200,ES,26-35,retail,2022-08,True
6f402c0950695d55,IT,56-65,retail,2023-12,True
8f9a329d48553da7,FR,26-35,premium,2024-03,True
0c61542cef5cfefe,ES,36-45,retail,2022-01,True
592f79b6e322ad13,PL,46-55,student,2023-04,True
4da34ff961445f5f,DE,18-25,retail,2022-01,False
2c000199744ea279,IE,26-35,retail,2023-12,True
e52610d6a91699c1,IE,18-25,premium,2023-06,True
86a98c4d03fbffc8,NL,26-35,retail,2024-03,True
e6031d126f5f441c,FR,36-45,retail,2023-10,True
8002a9ee7afa1140,IE,18-25,retail,2023-09,True
d432ce71804e0e4b,IE,46-55,premium,2022-11,True
222eec544cf3654b,NL,26-35,premium,2024-03,True
d3014f603ee2a185,DE,36-45,retail,2023-12,True
3b6a8608feca08d6,DE,56-65,retail,2024-01,True
c55950a765d3a12e,IT,36-45,retail,2023-12,True
3235e5bb3e2ba963,NL,26-35,retail,2023-12,True
d1a8f5426a0f058e,IE,26-35,student,2023-06,True
5f79f7ca0803adc0,PL,26-35,premium,2023-10,True
a4b197c413fbe9b2,DE,18-25,student,2022-12,True
4d23e32c11515cf3,SE,26-35,retail,2023-11,True
dcc2a9741e882ed4,NL,56-65,retail,2021-07,True
2f32fe6463f764d8,IT,56-65,retail,2023-11,True
28cb90084f1ea4a8,IT,36-45,retail,2023-02,True
a59681e85578b667,FR,46-55,retail,2023-07,True
38f9eb06644b2106,ES,18-25,retail,2023-07,True
0dde0a2c2a11dff3,PL,26-35,retail,2022-11,True
3148ba717335c2ba,SE,36-45,student,2023-02,True
71152a9bf0a2ed5b,IT,36-45,retail,2023-07,True
2884f25019bdb6a7,IT,36-45,retail,2023-11,True
c6e7eb94d2ec2fa4,NL,26-35,retail,2022-07,True
637d2c6783850f23,DE,36-45,retail,2023-07,True
8cda4d95623df7a6,PL,56-65,premium,2022-04,True
d310a32caff9fcec,DE,36-45,business,2023-09,True
b1c0dee16ae5f205,PL,26-35,retail,2022-11,True
910a96c9336efcac,FR,18-25,retail,2017-08,True
04ea1c954d440106,IE,56-65,premium,2024-03,True
7e84d036d366bc59,PL,56-65,premium,2024-02,False
f742fe4ec12ff07f,PL,56-65,retail,2023-08,True
1c1cb3f74cdf1b7b,SE,36-45,retail,2024-03,True
6bc34bce3172859f,PL,66+,retail,2023-02,True
80ab10a47512e12d,DE,36-45,retail,2023-07,True
c6256436d2153d69,NL,36-45,retail,2022-11,True
e361b56f69953478,DE,36-45,business,2023-04,True
a4e20a502f770410,ES,36-45,retail,2023-07,True
8660e221c530f739,SE,26-35,business,2022-04,True
39c771becdf4838f,IT,18-25,retail,2024-01,True
f686361d13032f26,SE,36-45,retail,2023-10,True
9d6e8786c2d51131,SE,56-65,retail,2023-04,True
c360c45662a1ee05,DE,36-45,retail,2022-03,True
9fecd2d9aac32c28,IT,26-35,retail,2022-05,True
e63d3068296994ae,IT,46-55,student,2023-04,True
23dace172f5df90b,DE,56-65,retail,2023-10,True
d656562f37b1207c,NL,18-25,student,2024-02,True
a63fa6558a7a1c63,IT,46-55,student,2022-08,True
6baf6f2ed9b9574e,DE,46-55,premium,2023-11,True
e31b0fb0971b8d50,IE,46-55,premium,2024-03,True
474894dbf352f1ab,NL,26-35,business,2023-07,True
d49f0afdb61ef9e1,DE,26-35,retail,2022-09,True
427b0e8a49557767,DE,18-25,premium,2024-01,True
ddead8fd9ca85bbf,SE,46-55,retail,2023-11,True
80272b170598e833,IE,26-35,premium,2023-10,True
5fae2c02b7b39f70,PL,26-35,business,2023-11,True
ddee41a346a5d02c,IT,36-45,premium,2021-01,True
8e648e9e02a4c156,DE,46-55,retail,2023-11,True
e35fa38660f4dc67,DE,56-65,retail,2024-02,True
4e0212e023d1d1e0,DE,36-45,retail,2024-02,True
64f4e1bab5afbb0f,SE,56-65,premium,2023-05,True
59b2c8ac97fb1650,IT,18-25,retail,2023-11,True
b292baf79c51e40c,PL,56-65,retail,2019-01,True
3465dddc45f8308f,NL,36-45,business,2019-12,True
c5b466d98d84caa9,FR,36-45,business,2022-08,True
92ee9d9327bb1473,IT,36-45,retail,2023-08,True
831b3ab091320f94,SE,36-45,retail,2022-10,True
5e9df6e97fa071af,FR,36-45,premium,2021-08,True
e0582eaede5caa1b,FR,56-65,student,2024-01,True
755a073ccb232c32,IT,18-25,premium,2023-09,True
32d925b35ccc40f6,DE,36-45,business,2022-05,True
67483e69309fce50,FR,46-55,business,2023-01,True
7fd4dc497b00c324,ES,36-45,business,2020-02,True
283467497bc02127,FR,46-55,retail,2024-02,True
b7bc55a5a3b3a4f6,FR,36-45,premium,2019-11,True
30e3e6bbf7824233,DE,26-35,student,2019-07,True
136d17d4256b2ddb,DE,46-55,student,2023-07,True
ab6f073f512a04cc,NL,36-45,retail,2022-10,True
4c19203e27f26edc,IT,36-45,business,2023-05,True
5ca751543fcfff15,SE,26-35,student,2023-08,True
84fc4e25416efb49,PL,66+,retail,2023-03,True
028004e6372007f5,DE,18-25,business,2024-03,True
783e27172d9bb9cc,DE,26-35,retail,2023-06,True
83a736315f62281e,PL,56-65,retail,2022-01,True
ada8c9b222c11baa,DE,18-25,retail,2023-06,True
9d8d33ed6f6b3542,NL,66+,student,2023-08,True
464c98a781527ae7,SE,18-25,premium,2023-12,True
857ca16d725727c6,ES,46-55,business,2023-12,True
eb3c2b41029c2fcb,ES,18-25,retail,2023-03,False
c2c1cc28bfdd8d74,ES,36-45,premium,2023-07,True
4e97c6e455b0ee4a,SE,66+,retail,2023-04,True
3cbe2c3931a54a60,ES,36-45,business,2023-12,True
a76419a578f4726a,IE,66+,retail,2023-05,True
32b5a4cada8b5197,DE,46-55,retail,2023-03,True
d45cf953180eef0c,FR,36-45,student,2021-05,True
9276ec4bfa3ab4e4,ES,18-25,business,2024-02,True
03b76baa13c8de14,FR,26-35,retail,2020-07,True
27ec3a200d8851ee,FR,36-45,student,2022-11,True
ff7a1ad5c20f2dfa,IT,18-25,retail,2019-05,True
4e1007fd7c6041a2,NL,26-35,retail,2023-12,True
0ef621b6e877496d,ES,18-25,premium,2024-03,True
5ad7c049cc2ae3c7,DE,18-25,student,2024-01,True
2d7e630bd42e000d,DE,18-25,student,2023-09,True
94db377082a2fad5,ES,46-55,retail,2021-01,True
6125fe852be61d39,ES,46-55,student,2024-01,True
efe3ef4fc27211b8,FR,46-55,retail,2020-12,True
aa6cbe5aaa139b56,IT,66+,business,2024-03,True
6ab486341433aa85,DE,46-55,premium,2024-03,True
45feeb6034937aee,NL,18-25,retail,2023-06,True
4ac5293c989e4969,ES,66+,retail,2022-08,True
81eef17efeb8a581,IT,36-45,retail,2023-03,False
23e15c4588c063c5,ES,36-45,premium,2024-03,True
0c398f8ddecd8997,SE,18-25,retail,2022-09,True
f06b48ec202823eb,IT,36-45,retail,2024-02,True
e99f1805b928ed07,PL,46-55,student,2024-02,True
f61e1bbe25f0a164,IT,36-45,student,2023-10,True
3a280e04950cdc8a,IT,46-55,retail,2021-12,True
a1878e015084d081,IT,26-35,retail,2024-02,True
8ec4a9826b985331,NL,36-45,student,2023-06,True
1c3b2a02f2ba1967,ES,36-45,retail,2020-12,True
3f0997312f2f26d9,PL,18-25,student,2023-07,True
ea8c3bada8c7f239,ES,26-35,retail,2023-10,True
4be54fe90f56b848,FR,36-45,retail,2023-10,True
e05d20f9febbce09,IE,56-65,retail,2023-11,True
8c11c7cc13d51e1e,FR,36-45,premium,2023-05,True
8bdda68842b631b2,ES,36-45,retail,2020-07,True
c88f7ba3b9c147a4,FR,56-65,student,2023-12,True
7c531ee481080433,ES,36-45,retail,2022-08,True
3179e2a826dc5cb5,DE,36-45,retail,2021-12,True
d3bfa63e8ee98528,FR,46-55,retail,2021-08,True
e70845295446a0f3,ES,46-55,retail,2023-05,True
3197bfd0a5f15e0e,IT,36-45,retail,2019-04,True
7b02b84b051300d4,DE,36-45,retail,2023-11,True
329ad5fe3efe2612,FR,56-65,retail,2022-09,True
2f672f3e8eb2fba8,DE,36-45,premium,2021-04,True
8ad24f2e93822d28,ES,26-35,retail,2023-10,True
03ea1bf18d4d8282,SE,36-45,premium,2023-07,True
592d5690ef75376b,IT,18-25,retail,2023-05,True
bab2f0698a26373d,DE,26-35,retail,2022-04,True
7017bb66c05783cb,FR,46-55,retail,2023-09,True
f90eaa37bd33f8c3,ES,26-35,retail,2022-04,True
ce9eb9053091364f,IT,36-45,retail,2024-01,True
a5ae79c417341d16,IT,36-45,retail,2020-05,True
a5f51e85f3477b07,SE,36-45,retail,2023-11,True
81348c345bb76874,NL,56-65,premium,2021-03,True
3e4692922c074d89,FR,46-55,retail,2022-03,True
1defe176d97e584e,NL,46-55,retail,2023-02,True
5a67aa565ab93b73,FR,36-45,retail,2023-10,True
a2cad0f00874e670,ES,36-45,student,2023-10,True
ff14df88a050c5f6,DE,26-35,retail,2023-10,True
96cdeff8b904661d,SE,26-35,retail,2023-10,True
a7a99463f39bda85,DE,46-55,student,2019-08,True
e98757e3313cb1a3,IT,36-45,retail,2024-01,True
80c1edb873655b82,IT,46-55,business,2023-02,True
4b38a70a379b54b0,PL,36-45,student,2022-10,True
9e7d24ee7d4de589,DE,26-35,student,2022-07,True
74ec55ed7b57fb45,ES,26-35,retail,2024-03,True
bb1238da5d5c19e9,IT,26-35,student,2023-01,True
ca65f5b00136ebd4,DE,36-45,student,2020-03,True
0ace9ee2a2abbbc5,IE,36-45,retail,2024-02,True
e667b1018f7acc7e,FR,66+,retail,2023-02,True
38d37a2ea69dae7c,PL,56-65,student,2024-01,True
fef8bae73c7370d6,SE,26-35,business,2023-05,True
bf132169ccfe7b6d,IE,46-55,retail,2023-08,True
1eb5cc3195d45cb4,IE,46-55,retail,2021-12,True
804b6563d02895d3,NL,36-45,student,2023-11,True
2ff95203ee7620c3,ES,26-35,retail,2023-08,True
33273adf892d26ab,ES,56-65,retail,2022-06,True
3cfff3bf1270acc6,NL,26-35,student,2021-04,True
50a0b65a2f83709c,IT,26-35,premium,2024-03,True
7a2e776d0671db8f,IT,26-35,business,2024-01,True
5aacd49c152d4701,ES,36-45,retail,2024-03,True
cdfed9c242973ee1,IT,18-25,retail,2022-10,True
0c23a508fb0809dc,ES,36-45,retail,2023-11,True
d75d83d67b443122,IT,36-45,retail,2024-03,False
6012c9778f4f6a48,IT,56-65,retail,2022-11,True
57f22da6dc16b1b5,DE,46-55,retail,2020-06,True
9bf5e422b542d7da,IE,36-45,retail,2023-01,True
8fcba217b9eb084a,FR,18-25,retail,2023-04,True
90e2a14f96ac3e40,ES,18-25,premium,2022-04,True
775673e0d8f14f34,IE,36-45,retail,2023-06,True
d4480a1d22b0de20,ES,46-55,premium,2023-03,True
f0b970fa0e477813,FR,26-35,student,2023-09,True
37d64fff3f1fcc92,IE,36-45,retail,2023-11,True
c4ed7152fc35c698,ES,46-55,retail,2021-11,True
da94f55be83b0ca1,DE,46-55,retail,2021-11,True
8c3bf5ba010b2426,ES,46-55,retail,2023-09,True
fbbe5453ad236e78,FR,36-45,student,2021-07,True
d396445976b8e5f5,IE,26-35,retail,2023-12,True
1ccc18c2f6527244,IE,36-45,retail,2022-08,True
b0f38b0bf3e14ab4,NL,56-65,premium,2023-05,True
5a3a5544ec91d05c,DE,36-45,retail,2023-06,True
573bc3af96e97764,NL,36-45,business,2023-05,True
8e516d7d8e1c6911,DE,36-45,student,2023-05,False
1092b7d00f6b56fa,ES,46-55,premium,2024-01,True
fab223ed5528ccc0,DE,36-45,retail,2023-10,True
dfe2476736e24cf4,IE,46-55,retail,2024-03,True
98d836c93ff163d5,IE,26-35,premium,2022-08,True
00dbc5e0e66e1b46,IT,36-45,retail,2024-02,True
a82e7f7f7896b0f1,IT,46-55,premium,2023-07,True
5e9263e1debde838,DE,46-55,retail,2023-09,True
2bf68631dc130885,IT,36-45,retail,2023-11,True
ca844e9174f65f80,IE,36-45,retail,2024-03,True
1eef86aa48e70321,DE,26-35,retail,2024-02,True
46eb2e3a3bbe0800,DE,46-55,business,2021-07,True
611643fc82d85372,DE,46-55,student,2022-07,True
28a32bfd95f7d9c2,ES,46-55,business,2022-10,True
a1e5f68dd1ed757e,FR,26-35,student,2023-12,True
153a02164618b6b1,DE,36-45,premium,2022-03,True
87ce33c7f127d293,PL,56-65,retail,2024-03,True
c4c88ee1b1a7fa5b,NL,36-45,retail,2023-03,True
dbfe1c439807d2e5,IE,46-55,retail,2023-11,True
5678fdd23c5fdafc,IT,18-25,retail,2023-08,True
9e58a4a47b6a85f8,IT,36-45,student,2024-03,True
b8b3bc83ed28392b,FR,26-35,retail,2023-04,True
cce1bfdd4f9394d4,NL,26-35,retail,2023-05,True
365480635af639a1,IT,46-55,retail,2023-11,True
2c25730c6b620693,PL,36-45,student,2021-02,True
dd407b9ff182203d,NL,26-35,retail,2024-03,True
343157d5e6e92dda,ES,18-25,retail,2023-11,True
bba64aaf06b7d56f,NL,26-35,business,2023-12,True
964384bb967b419a,IT,36-45,retail,2023-04,True
026a92b50fa7e416,ES,46-55,business,2023-11,True
25953c8fdb20ae0c,FR,36-45,retail,2024-03,True
331cf19b40001aac,DE,36-45,retail,2022-11,True
fb2f1334bb2d8717,ES,18-25,student,2023-05,True
9bc49a0b741cef01,SE,46-55,retail,2022-12,True
515c8b9997fd4794,NL,66+,premium,2023-06,True
94797a6462ebab30,PL,26-35,student,2023-08,True
7902d52034193c6b,ES,36-45,retail,2021-10,True
0d1e3a28542556d8,PL,46-55,retail,2022-02,True
1e41a3f6753a1c0d,FR,46-55,retail,2024-01,True
98bca54180ba7308,FR,26-35,premium,2023-11,True
ebe2b4ba1a2c18f0,FR,36-45,business,2022-10,True
cbf7ded70732a29d,FR,26-35,retail,2024-02,True
8f8ca0b0bb621b2b,FR,46-55,retail,2024-03,True
f4c633abe6c28601,IT,46-55,premium,2023-06,True
665e905e9f3fdd56,PL,18-25,premium,2023-11,True
0c414b4814b8e63f,FR,46-55,student,2024-03,True
5e75f4464b62a8b0,NL,18-25,premium,2022-06,True
fbc12bb3865824d6,NL,56-65,premium,2023-11,True
1156873245c3a740,FR,26-35,retail,2023-11,True
8d0025abdbdea50e,PL,66+,retail,2021-09,True
ad21cd2d09582404,NL,46-55,business,2022-05,True
0555f6c4e305820c,DE,18-25,student,2023-11,True
98a11f0181b2f0e1,SE,36-45,premium,2023-08,True
84a6c4e211960ef2,FR,36-45,business,2023-12,True
c1411fde42e1a818,DE,56-65,business,2023-05,True
cc7879471ee6c457,FR,36-45,retail,2022-01,False
81be41f649ff1d24,NL,26-35,business,2024-03,True
4309d2aa8b05e3c4,FR,18-25,retail,2024-02,True
b191d663dc702ee0,PL,46-55,business,2023-04,True
292dfd6c01d13717,FR,36-45,student,2023-11,True
63da0ad9b03990da,IE,36-45,business,2023-12,True
fdc4cb69e9d8d0d7,DE,46-55,retail,2024-01,True
b961fcb32b6deeac,NL,46-55,business,2023-08,True
8ebce96df67dbc08,FR,46-55,student,2023-11,True
f79ef6feca069fbb,IE,18-25,business,2022-06,True
17369821e41426e9,SE,26-35,retail,2023-11,True
2876fad34df180f8,IE,18-25,retail,2023-11,True
e2295f56d24a91c1,DE,36-45,retail,2023-07,True
a086485f9dbce1fe,NL,36-45,retail,2023-08,True
e0debdddd700dd1c,SE,36-45,retail,2024-02,True
0d1fc95a2ec44b7b,PL,56-65,retail,2022-11,True
56f9ef7d79c57bdc,IE,26-35,premium,2023-12,True
0ff036e638db42a3,IE,46-55,retail,2024-02,True
2a52bde589f2bef5,PL,36-45,retail,2023-03,False
dfff15b34b906114,PL,26-35,retail,2024-01,True
fcb1408616b0807e,PL,36-45,premium,2023-08,True
60f9c66f440676cc,FR,18-25,business,2021-04,True
611ec7a26d1cce0b,DE,56-65,business,2023-11,True
0b8e15da12e4cfce,DE,18-25,business,2021-08,True
2ae2477d42296a1c,IT,26-35,premium,2024-01,True
127e8e3e0a2ce683,ES,18-25,premium,2024-02,True
b1055121b3834108,PL,18-25,student,2024-01,True
42fff4e1c58be5a5,SE,36-45,retail,2023-12,True
3affa4b1bfb691d2,IE,26-35,retail,2023-06,True
d7dec0fcf14828df,IE,36-45,retail,2023-09,True
5383c5288a4220dc,SE,18-25,retail,2024-01,True
0223be2532da276b,FR,36-45,retail,2024-03,True
fadda0d102555e20,PL,18-25,retail,2020-01,True
63d6868976b14210,FR,26-35,retail,2024-01,True
b9ef87d2a9cc3c1a,IT,46-55,retail,2024-03,True
aece801b20623dc0,IT,36-45,retail,2024-03,True
2c603d5c54181944,NL,18-25,retail,2024-02,True
f3bc09e3b2618919,IE,56-65,retail,2023-07,True
262d1be7624b8eed,ES,46-55,premium,2022-01,True
70e003bd6f84a424,IT,26-35,retail,2022-09,True
fbe857726c6e2728,PL,18-25,student,2024-03,True
bc87f76584d6cca8,IT,18-25,student,2023-01,True
8f17b7deaf947334,IT,46-55,retail,2023-02,True
9a644e74fc00009a,PL,36-45,premium,2023-10,True
d9f086b80b2ff957,DE,26-35,retail,2023-09,True
319a82d906e5ece9,NL,36-45,student,2022-04,True
27a74545173761bf,DE,46-55,student,2022-04,True
f4567390bc9dd59b,ES,36-45,retail,2023-07,True
82e2a63220bf0951,IE,26-35,business,2024-02,True
f035ffb70852c20c,NL,26-35,retail,2021-08,True
7f3c8895612d836c,DE,46-55,retail,2022-08,True
ae22040198e11b0d,IT,36-45,retail,2024-04,True
c1dce27c08d826ae,FR,26-35,retail,2024-01,True
45e5904cf9373296,FR,46-55,retail,2024-02,True
57f141e34eb857dc,IT,46-55,retail,2023-07,False
3cd1f8a3b92fdcf4,FR,56-65,premium,2024-01,True
bc7134ffd01a2e3f,IT,18-25,retail,2022-04,True
5465d82ef24fc4a1,IT,66+,student,2023-01,True
afbe737bfb7d1056,IT,56-65,retail,2024-03,True
8a0056d42db9c34a,PL,26-35,business,2023-06,True
0eaec6cb627cc7ce,ES,36-45,business,2023-12,True
d97330bdceebcc8b,IE,36-45,premium,2023-06,True
5fd649b6a8f3fa47,DE,26-35,retail,2023-07,True
16ba9e82bddb9e75,FR,36-45,premium,2023-08,True
e1fa4afa069b249f,ES,46-55,premium,2023-02,True
df787de724592029,FR,18-25,retail,2022-08,True
0280d6015ad98553,IT,18-25,retail,2024-02,True
a91ab95fe5c10064,NL,46-55,retail,2024-02,True
3851871a8616acda,PL,18-25,retail,2024-03,True
d18bc6cb8fac4a59,PL,46-55,student,2023-08,True
0d6c2e879eeff59a,ES,36-45,student,2021-08,True
0f865057dc35856d,NL,18-25,business,2023-04,True
789fe507897b35ee,IT,36-45,retail,2023-07,True
738f682eba172049,FR,46-55,retail,2021-01,True
834d6dbf7644c6b0,NL,36-45,business,2022-10,True
08ca0e524db23654,NL,18-25,business,2024-02,True
d9c10aa180e389b0,SE,36-45,student,2022-11,True
7ec3ecd5a3ebeafd,ES,36-45,student,2023-03,True
aa585515330dead3,IE,36-45,retail,2022-05,True
fcc715953d362147,FR,46-55,student,2023-04,True
3a696cbdde23cd8f,IT,56-65,business,2024-03,True
20bf92767f528cda,FR,56-65,retail,2023-12,True
9ef040589a4b6a29,FR,36-45,business,2023-07,True
db76e898b1bb3706,DE,36-45,retail,2023-06,True
4674f32e2ec0f45c,SE,26-35,premium,2021-06,True
d62df91dd0498a11,ES,46-55,premium,2023-03,True
574252d13c6e9fb8,ES,46-55,retail,2023-05,True
cf809a904028f1d7,IE,26-35,retail,2021-01,True
ab43c180bae343ea,ES,26-35,retail,2023-09,True
7f715fe1355335b1,ES,26-35,retail,2024-01,True
d4e274f5797f7d6e,DE,56-65,business,2022-11,True
ea102eb018c872ce,IE,66+,retail,2023-12,True
689610840154d92f,PL,36-45,retail,2023-08,True
f55e5a58e8a680e2,FR,36-45,premium,2023-07,True
8714369e740a280e,NL,56-65,retail,2021-08,True
77d1db8f85573517,FR,36-45,premium,2024-03,True
ab29565dba8c5836,DE,46-55,retail,2021-07,True
052b4c92b4dfe338,FR,46-55,retail,2023-05,True
9925bb5cb5724329,NL,18-25,premium,2024-01,True
53e233331d155029,SE,36-45,retail,2024-02,True
044cc68623708e91,ES,18-25,premium,2020-08,True
07537a40815bdb6f,ES,26-35,retail,2021-12,True
df2b716b419bf92d,SE,56-65,retail,2024-03,True
ee34a6ad944ce1fc,DE,66+,retail,2023-06,True
ca125a89dbdb35e8,IE,46-55,retail,2024-02,True
89855e5ffca833a9,DE,46-55,retail,2020-01,True
6a5c74b2153240c1,FR,26-35,retail,2023-08,True
b05917940588092f,DE,46-55,student,2021-07,True
c4bbce129d9053d5,SE,18-25,retail,2023-10,False
c42c52a93b0e6eed,DE,36-45,retail,2023-02,True
4ad55e4171519ce8,FR,18-25,retail,2022-12,True
ab1935ee475de22b,DE,66+,retail,2022-10,True
04968699201928c8,DE,18-25,retail,2023-12,True
9f27b8fe87a77585,IT,36-45,business,2023-06,True
01b1a8b93e54c558,NL,66+,retail,2023-11,True
f54ed440866e8f74,NL,18-25,retail,2021-02,True
d40545dac2044f93,ES,18-25,business,2022-09,True
e45ec2d4e9eeb14c,DE,36-45,student,2021-12,True
d8a2c55ca6bf1df1,IT,36-45,retail,2023-09,True
48905f19997d396b,DE,56-65,premium,2021-09,True
05c6c92e46db1fbe,DE,26-35,retail,2024-02,True
3d496b96726b3f91,IT,36-45,retail,2024-02,True
c403f4ecf602b62d,IE,66+,retail,2023-10,False
85a816cd5553b3a4,FR,46-55,premium,2023-08,True
c148ffaf16f5a89a,SE,18-25,retail,2024-03,True
ee8ffe7db2aae751,NL,46-55,retail,2023-12,True
b65f3c721aae9383,IT,18-25,premium,2023-12,False
8c45260d43e6b573,DE,18-25,retail,2023-04,True
7173e894ccb292e1,FR,36-45,retail,2023-05,True
278785727a87103f,DE,56-65,retail,2022-11,True
7ce4235e1568a25c,FR,26-35,retail,2023-10,True
e8689cb31fb7372e,NL,18-25,retail,2023-01,True
1bfc1c7584e21a79,DE,36-45,retail,2023-12,True
8c6ac759b163d70f,IT,36-45,retail,2024-03,True
1960390cfbd73b8c,FR,46-55,premium,2023-12,True
1c26905c86680fd4,IT,66+,retail,2023-08,True
a0a10a7e6acd317a,PL,18-25,retail,2023-12,True
5add781009701bf9,PL,26-35,retail,2023-10,True
0e8e6b17a9ef99b5,PL,56-65,student,2023-10,True
bcedf370fcefa8da,PL,56-65,retail,2023-06,True
3308a42753b764ea,NL,18-25,retail,2024-02,True
7946eab913a424d5,ES,26-35,retail,2023-01,False
2eb7ab3d6b4dc146,IT,36-45,retail,2023-09,True
c23f89c8da7b7582,PL,36-45,retail,2024-02,True
35974cc4a98a0359,DE,46-55,retail,2022-04,True
d88332547b48be76,IT,66+,retail,2021-01,True
bb0fd71e70f01619,IT,36-45,retail,2022-05,True
062c719e764f7890,SE,26-35,retail,2024-03,True
de788982a648b89e,IT,26-35,premium,2023-03,True
4c40099a078acf67,IT,56-65,retail,2023-12,True
92471ad5b4cb5caa,FR,56-65,student,2022-12,True
121da03bedb5d70f,ES,36-45,retail,2023-09,True
0b7d47e13aded6f7,IT,46-55,business,2022-12,True
05bb9d9f291e7815,NL,26-35,premium,2023-07,True
39010748289a4a97,DE,66+,student,2022-06,True
9b1e326643383cb9,DE,46-55,retail,2022-11,True
ddd577b92ee6240a,PL,36-45,retail,2023-05,True
06305e552c447ba9,DE,36-45,premium,2024-01,True
4e8011a9478971d1,PL,56-65,retail,2023-09,True
518c74d8ab43e39f,IT,56-65,retail,2023-01,True
889a29e1bdd8067d,ES,46-55,retail,2021-10,False
3226ca65ec2f5e49,DE,46-55,business,2024-03,True
3c598cd7ff11a260,NL,46-55,retail,2021-09,True
ec507e6ad4ec8020,DE,18-25,retail,2023-03,True
2dd9aaa064f74e23,FR,18-25,retail,2023-08,True
609cbbb4a67de735,IE,26-35,business,2023-08,True
ff577453a3acd9af,DE,36-45,business,2023-02,True
bf9eccfc9336a98b,PL,66+,retail,2022-09,True
1dfdb43dc546c9c4,FR,36-45,retail,2023-03,True
67c6ac2db9dd4fa4,ES,36-45,retail,2023-10,True
3a5f9856ee1fe9bb,DE,36-45,retail,2024-01,True
b14c49bb588480f6,DE,66+,retail,2024-01,True
f5b4e4213cde67b1,SE,46-55,retail,2023-01,True
ace7308004d79297,DE,46-55,student,2023-03,True
9342e6e3b46f998e,FR,46-55,business,2022-12,True
7537408a2a21dc91,SE,18-25,business,2023-05,True
4dbbc27cddb4d1cf,ES,56-65,retail,2020-08,True
43030fc67a408d9a,IE,46-55,premium,2023-06,True
d44a4fe785d1479f,DE,46-55,retail,2023-11,True
3a7190e54d7b2a35,DE,46-55,retail,2021-12,True
6e6c426859a2de89,IE,26-35,retail,2022-12,True
655e3732c40068ae,IE,66+,premium,2022-09,True
df529c907fa708f2,DE,36-45,retail,2022-09,True
2dda11ae46bacee8,DE,26-35,retail,2023-10,True
8c4b52b626077fff,DE,36-45,premium,2019-08,True
bc4f721b15202c2d,DE,46-55,business,2022-09,True
67f230ef47ae0a77,DE,46-55,retail,2023-05,True
a42198974d19f335,DE,36-45,retail,2022-06,True
f045810e571ba359,PL,46-55,premium,2024-02,True
b9d9be8bff2a65eb,NL,26-35,retail,2023-11,True
fb85d421dc5abf35,DE,26-35,retail,2023-01,True
cba91bc1b3ef6c82,DE,56-65,retail,2023-08,True
b407245c10707ef0,FR,46-55,retail,2024-02,True
e4bf078a697e864d,IT,18-25,retail,2023-03,True
4ffabd6ffd949794,DE,36-45,retail,2022-11,True
f1ed56ce8dc67f52,FR,66+,retail,2024-03,True
eef245758986b577,PL,18-25,business,2024-03,True
8d1aa1e5c7112490,IE,56-65,retail,2023-07,True
7abdee2328693c52,DE,56-65,retail,2023-12,True
1d88b1374f545c5e,NL,66+,business,2024-04,True
bb40cc6fa1df193f,FR,26-35,student,2024-02,True
a293082c0fbeb0c1,FR,36-45,retail,2024-03,True
f9cd6b53eda85477,DE,18-25,retail,2023-06,True
eb6e41428a4a7305,PL,36-45,retail,2023-05,True
edba37e392bf6343,ES,36-45,business,2022-02,True
a226944473ac2968,IT,56-65,retail,2024-02,True
9b9a5e620daab7ae,DE,66+,retail,2022-12,True
1fe55f4327ede0f8,IT,26-35,retail,2023-08,True
1c7b2603026263a1,SE,56-65,retail,2023-07,True
87e3a8e9d0cb908a,FR,46-55,student,2022-12,True
bf7bff3dd8479fc2,ES,18-25,retail,2023-12,True
39064ba088adf1ef,DE,18-25,retail,2024-01,True
ff7e6ab488bcdb83,FR,18-25,student,2024-03,True
3c36ef742655bb1c,IE,18-25,retail,2021-10,True
c8f70940af41ffd2,IT,56-65,retail,2024-03,True
42f1fdb5b2b38016,IT,18-25,retail,2021-11,True
9e89a229282b0931,DE,18-25,retail,2023-09,True
06b7d9767b967cfa,SE,26-35,retail,2023-08,True
05f89e4603bbd897,NL,18-25,premium,2021-11,True
1856a3e86ca31506,FR,36-45,retail,2022-06,False
79d9ec2048987273,DE,26-35,business,2023-07,True
a9c591dcc1efa597,IT,56-65,retail,2024-03,True
9248146d6b9bfb8f,NL,66+,retail,2022-11,True
1e4f5c2d5e39b65c,IE,26-35,business,2023-12,True
a0d348e74a9d0865,SE,46-55,premium,2022-08,True
95b592f3d6760b6a,FR,36-45,retail,2024-02,True
bfeeb103114a447f,FR,18-25,business,2023-02,True
ab4394f311545066,FR,36-45,premium,2024-02,True
89f4ef474b60352c,IE,36-45,business,2024-03,True
f32fa741c0a51d6b,NL,26-35,retail,2022-04,True
75da6e67f2803fb2,PL,26-35,premium,2023-07,True
fa132bc32c7cd6fa,FR,36-45,retail,2024-03,True
db9b5baa60426f6b,IE,26-35,retail,2021-08,True
cd878720f4b874c6,PL,46-55,student,2022-09,True
828c6ada4ed3042d,DE,46-55,retail,2023-12,True
51a7f34b1ded2f7b,SE,26-35,student,2023-08,True
2ceacd3f7d8918bf,IT,26-35,retail,2023-11,True
7e66e6996976e080,DE,26-35,business,2023-08,True
395d21b8b7f3712d,NL,26-35,premium,2021-06,True
6bee7ad00ac785f2,SE,36-45,premium,2023-12,True
20beb0f1eabc08d5,PL,66+,premium,2023-12,True
7cda1fb6e42a54ec,ES,26-35,retail,2023-03,True
b55e49185286fe73,ES,46-55,retail,2023-09,True
15868fa1abe6c84c,SE,46-55,retail,2023-12,True
a376d4a49610b5ca,FR,18-25,student,2024-02,True
bd421ce81d00e523,FR,46-55,retail,2022-02,False
09422e837f32a4b6,IE,26-35,student,2024-02,True
d9f2106298bbe74f,PL,66+,retail,2024-02,True
4f5fe207387b55ae,IE,46-55,retail,2023-09,True
196b14f8c9e143e2,ES,46-55,premium,2023-05,True
220a14a0eb064c5d,IE,36-45,retail,2023-10,True
2477e742164800ee,ES,36-45,student,2023-08,True
8a9c39f22a5dfff1,PL,46-55,retail,2023-04,True
c8586a366cfb0872,FR,18-25,retail,2024-01,True
ff456a26c5f23bba,NL,46-55,retail,2022-10,True
8f63a2110ba7bc72,PL,36-45,premium,2023-08,False
1b64268eb52f077f,IT,36-45,student,2023-04,False
bc27ab0bb3f8900b,FR,18-25,student,2024-03,True
ea5eae2766fad935,DE,56-65,retail,2022-08,True
1d01d0dc55710922,IE,36-45,retail,2023-01,True
1104745092814e27,NL,26-35,retail,2023-06,True
865b5f438e2e25f6,DE,26-35,retail,2023-02,True
feb5b5052bc1441c,DE,46-55,business,2023-03,True
5bb474079ff6f12b,NL,26-35,retail,2024-03,False
ef5af59256f5a62c,IT,26-35,premium,2022-12,True
9e51690c5c4d93b0,IE,36-45,retail,2024-03,True
d7bdc761026a8bbe,FR,36-45,retail,2022-05,True
6a53fc95a36711c3,SE,18-25,student,2024-01,True
ff6b0170ed793249,ES,36-45,retail,2023-07,True
e0a4d54ebf495a5e,DE,26-35,retail,2022-12,True
136298005b0553c9,SE,36-45,premium,2023-11,True
66b6af3dd6372c46,FR,56-65,retail,2022-10,True
a6cc1ff651779b0e,DE,26-35,retail,2021-03,True
025198daa9cacd01,PL,26-35,retail,2023-09,True
7d6df882ae6d44a0,FR,56-65,premium,2023-11,True
cb5fc38ec746d173,DE,18-25,business,2023-09,True
43bbdb0511f1c66f,NL,26-35,retail,2024-03,True
048722ef4470a3b6,DE,36-45,retail,2022-09,True
0e433e08b110f617,FR,66+,retail,2023-11,True
2d9081a41ff78f7c,PL,46-55,retail,2024-01,True
13955a5b3dff0ed2,FR,18-25,premium,2024-02,True
4811b0b47b13a861,DE,46-55,student,2023-08,True
eca39d0cdf7aa6a9,DE,66+,premium,2022-07,True
5ddacbad20037f7d,NL,46-55,retail,2023-01,True
2bc06ad571c4b139,FR,26-35,business,2023-04,True
0d42f3f743889a2b,PL,46-55,retail,2020-01,True
8705bb55335cd4d8,ES,36-45,premium,2019-11,True
dcbfafd9f7d08185,DE,46-55,student,2024-01,True
3f22519b9f8321d2,SE,56-65,retail,2022-12,True
1e4eb55fd60871b6,DE,18-25,retail,2023-04,True
0cc141634e3b4be7,ES,18-25,retail,2024-03,False
9cc591494279d860,PL,18-25,premium,2023-10,True
8c3ff7169ffdc1da,ES,46-55,retail,2022-12,True
f7ae344609444a61,SE,36-45,premium,2022-03,True
bd18563ce9401265,DE,46-55,student,2023-12,True
001b8ecb52c330f6,DE,46-55,retail,2024-01,True
f2980cc640598722,ES,18-25,retail,2023-11,True
e53c4bcf31942d37,FR,56-65,business,2023-11,True
6022fbca5e71e2f0,PL,26-35,retail,2022-12,True
081567f5f54661dd,DE,36-45,retail,2022-05,True
98f7d8ace2e3a783,PL,56-65,student,2023-03,True
f4989f295a74999a,SE,36-45,business,2023-07,True
909a947a42b019a7,ES,46-55,retail,2023-05,True
df2ed42b265a8fde,IE,46-55,student,2022-09,True
2b0c8e58ffb11491,ES,56-65,business,2024-03,True
75c15a29d938622c,DE,46-55,retail,2023-11,True
7eb6f4e7222a8bee,DE,46-55,retail,2024-02,True
1edd2e96331efbd8,ES,36-45,retail,2022-09,True
42ccdd8cce9c87d8,IT,18-25,premium,2022-10,True
a810f03d56c718af,DE,18-25,premium,2023-12,True
7f3e19e20147ff6f,ES,46-55,retail,2022-02,True
9a09db5259458aa2,IE,26-35,premium,2023-10,True
7253dcbcc38f1029,IT,46-55,premium,2022-12,True
95c2de640cc4f0ff,PL,46-55,retail,2020-10,True
1ba0fe54c5f08e52,IT,18-25,retail,2023-12,True
bccaff557e1406f0,ES,66+,retail,2023-09,False
d31ad124012f4060,FR,26-35,student,2024-03,True
05ba6e779bd8792d,SE,36-45,premium,2024-01,True
3777551725660d5d,FR,26-35,retail,2019-08,True
ee431cc0cc9f10fd,DE,36-45,retail,2023-04,True
0dfd77e8bfde56b9,IE,36-45,premium,2024-03,True
c0b6570bf4093ca8,FR,18-25,premium,2023-12,True
e7cf37faee7e3d94,DE,46-55,retail,2022-02,True
5a6c1d555d9d13d6,NL,66+,premium,2024-02,True
9112b3016275c117,IE,46-55,business,2023-09,True
a9588aa167693454,IE,26-35,retail,2021-09,True
d6ba09190ad02c7e,IE,36-45,retail,2023-06,True
5d99b12b5163162c,FR,18-25,retail,2023-11,True
886925086e965074,PL,26-35,premium,2023-02,True
c6f720be8f62d74b,DE,36-45,business,2023-12,True
9227549e5a1d2eff,NL,36-45,retail,2023-06,True
6fc5dbf01e31bc1b,SE,36-45,retail,2024-02,True
9c131feff968c188,DE,18-25,retail,2023-11,True
514201ee4cad0fe2,FR,36-45,retail,2020-04,True
fc1e856804d7ced9,DE,46-55,retail,2023-11,True
866e7b01cd4fa48c,NL,36-45,retail,2022-12,True
f09cad42b8c05732,IE,36-45,retail,2022-03,True
8fc233f543018780,DE,46-55,retail,2023-08,True
a6574300b1817716,ES,46-55,business,2023-02,True
daed7dd4a0319b09,IT,56-65,retail,2022-07,True
4c82420d85195a54,DE,36-45,premium,2021-12,True
1529abf625ef1fb9,SE,56-65,retail,2023-01,True
2d96740c0de84247,SE,18-25,business,2024-02,True
5cb6f517d3fbf999,IT,18-25,retail,2023-09,True
3e2c23f8a8d250c6,DE,56-65,retail,2022-04,True
7821ee44b0dec761,IT,46-55,retail,2021-11,True
185cd4740f4078db,PL,36-45,retail,2023-11,True
94670d503a3481bb,FR,46-55,business,2023-11,True
fa34240624fa3821,NL,26-35,retail,2024-03,True
154911f6d77789fd,PL,26-35,retail,2023-12,True
78ef11a194f7f6d5,PL,36-45,student,2023-01,True
6e0e14b896a63f4a,ES,56-65,student,2021-08,True
d1243f6f0374d3e3,ES,46-55,retail,2023-01,True
5934bd624ce82c0e,PL,18-25,retail,2024-01,True
fd88e526c5abe7f0,NL,46-55,retail,2021-12,True
86d44c0d8db0a080,IE,18-25,retail,2024-02,True
590626d15c3b1a79,IE,36-45,retail,2022-03,True
c7af108734b36a0d,FR,18-25,retail,2022-01,True
3a9171300eef6c48,NL,18-25,student,2022-06,True
28c01b0930568458,IT,26-35,student,2023-03,True
16f41728a27fc056,FR,36-45,retail,2023-08,True
aca7eaee1ed00dc6,NL,18-25,retail,2023-12,True
0dd06a24b4c951c8,FR,18-25,retail,2023-08,True
ccd07b79055de7f5,DE,56-65,retail,2021-12,True
63434c8244dc51e6,DE,66+,student,2023-05,True
75d259d25f09cc51,FR,36-45,business,2022-06,True
91974a2f83750f9b,ES,26-35,retail,2022-11,True
24314240c464dddc,DE,36-45,retail,2022-06,True
1acaadf4513bbbcd,FR,18-25,retail,2024-02,True
65ac8b82695110d2,ES,46-55,retail,2023-01,True
f3f4286f20273458,ES,46-55,retail,2023-04,True
5629080b7c3bef52,PL,36-45,retail,2022-04,True
d728f5b8e9535d57,FR,56-65,retail,2023-06,True
bd92bbb99f57658e,SE,36-45,premium,2023-11,True
7de36fee9534e485,PL,36-45,business,2022-12,True
71779414a0616077,FR,56-65,retail,2022-09,True
36c510fe8deb8c96,PL,26-35,retail,2023-12,True
57d50d43ba10f5aa,DE,56-65,retail,2022-10,True
d87c27c0daae4398,FR,36-45,retail,2024-02,True
18b736e79f1216bd,IT,36-45,retail,2023-08,True
32d9dbb7a3984532,ES,18-25,retail,2024-02,True
5ef06eaced4d1b25,IT,36-45,retail,2024-01,True
310f5c9829e6f74b,IE,36-45,retail,2023-10,True
6f8cebd459030443,DE,46-55,retail,2023-01,True
1f5011e5cfdde003,DE,46-55,retail,2024-02,True
75769c3ef182318f,FR,46-55,premium,2023-12,True
447e84b87619b80f,IE,46-55,retail,2023-10,True
d108e2e861bdfef6,FR,26-35,premium,2023-01,True
b56a7142e01e907d,ES,36-45,business,2023-01,True
579fbadcd8d64823,DE,36-45,retail,2022-11,True
ab48ffbcb312b18a,DE,26-35,student,2023-07,True
abb9e89f735b0ee2,ES,36-45,premium,2018-12,True
aeb9d6795cbe9f44,ES,36-45,student,2023-09,True
8438f60bc37c090c,IT,36-45,premium,2022-11,True
35c09b0a01977306,IT,26-35,retail,2018-11,True
678e7a1ddaf707c8,PL,36-45,premium,2023-11,True
60bc6c05d200ffcf,FR,26-35,student,2023-09,True
6b9f514ebe442c76,IE,18-25,retail,2024-03,True
a3eefc98644b3bb5,PL,36-45,retail,2022-02,True
a7ac1d07f027b804,DE,26-35,business,2022-10,True
d388be5431ab08f9,ES,26-35,retail,2022-12,True
9829530dfcb47c1e,DE,36-45,premium,2024-03,True
56c41f4b427b1db4,ES,46-55,retail,2023-03,True
83f37a2ca8ee3dab,ES,36-45,premium,2023-05,True
7c4e4b4e73ba503a,PL,46-55,business,2024-03,True
9c9647ea686f3bb6,DE,26-35,retail,2023-10,True
d6bae90c52684da1,IT,26-35,student,2023-10,True
f32d8332f93079e5,NL,36-45,retail,2022-12,True
7768c9751c20ef7d,FR,36-45,retail,2024-02,True
b5f197ff57f088b3,DE,36-45,retail,2021-02,True
89366279436b0d6a,SE,46-55,premium,2023-03,True
d87840ab33b75c49,IT,56-65,student,2019-07,True
d91548e529b404bc,PL,66+,retail,2022-04,True
89a533a20b874529,ES,18-25,premium,2024-03,True
fa6bc3bc8c74eda0,DE,56-65,retail,2024-01,False
807113e0587dd846,FR,56-65,retail,2023-12,True
14c5ba0c9e340e5a,IT,26-35,retail,2021-10,True
e9e448ee76256f15,ES,36-45,business,2023-09,True
f31804f9bfb8ca4c,FR,46-55,retail,2021-04,True
6c3c85a08d9d26d9,FR,46-55,retail,2022-05,True
dcd6c4fc9dca3821,FR,56-65,premium,2022-03,True
2d1b370e8d99da5f,FR,18-25,retail,2023-06,True
a10e50b3cc0fa57d,IT,46-55,premium,2022-10,True
91a82b4cc926404a,DE,66+,retail,2023-04,True
3e89ede0dc686ab8,ES,18-25,premium,2022-11,True
43a9c751929c26e4,SE,46-55,premium,2023-02,True
7bfc98d236210701,DE,26-35,student,2021-02,True
a90dad27f7602d16,FR,56-65,retail,2024-01,True
8af1bd15a1c1e7b3,FR,18-25,retail,2020-02,True
d1d6048dec6e7e1c,PL,36-45,student,2023-06,True
5d8769e88b1f5fe6,IT,18-25,retail,2023-04,True
b81b579ab55c54d4,FR,26-35,retail,2023-10,True
4f8d580a1d8ff7df,FR,18-25,retail,2022-01,True
b3751ff80b706960,ES,46-55,premium,2023-09,True
04108ab17118ae27,IE,18-25,retail,2022-11,True
16a6c3a2f89baa13,ES,26-35,retail,2022-11,True
9f532839725cb15d,NL,26-35,business,2023-11,True
981f64d2de280b04,ES,36-45,retail,2024-03,True
5d2fa548a79b40f3,IE,56-65,retail,2023-05,True
e4ae8d226101d176,IT,36-45,business,2020-12,True
fef378ddb98da3f5,FR,46-55,retail,2023-09,True
9b5c2c15c63379c7,FR,46-55,retail,2023-06,True
2c8260655f1b9f5e,PL,26-35,retail,2023-06,True
3bf2f305f1750292,SE,56-65,student,2022-09,True
a153e1c371ca613b,FR,18-25,retail,2022-09,True
411bda31239574ba,FR,36-45,retail,2019-12,True
04bfcbda95d1592b,ES,36-45,retail,2022-12,True
e2a99049f5b7c680,FR,26-35,business,2024-02,True
4971558a4ceca81d,IT,26-35,retail,2022-11,True
b7aa41ca2432a383,DE,56-65,retail,2022-06,True
1deff26b55eb98d7,IE,66+,retail,2023-07,True
9b9fc09eec55de54,IT,66+,business,2019-07,True
11bfdc63d8e6a10a,PL,66+,retail,2021-10,False
d31472907b8c5d25,ES,36-45,student,2023-03,True
810f6a1891417071,FR,36-45,student,2023-11,True
8312c75293d0018e,NL,56-65,retail,2023-10,True
0d26e0995b3697a2,ES,66+,retail,2023-09,True
4f43ed9b33907863,ES,36-45,retail,2023-05,True
c8361f53857f8e6f,DE,18-25,business,2024-02,True
c547d06dc0ebeb0a,IT,36-45,business,2023-09,True
229d6d00a4709a03,SE,46-55,business,2022-05,True
aced128cf91b8138,FR,36-45,retail,2023-11,True
eda9fee23912e26d,DE,36-45,retail,2024-01,True
0495a2ac830a1616,IT,36-45,retail,2024-03,True
bdfd235baa09093e,DE,56-65,student,2022-11,True
d495091a73b7b9ff,IE,56-65,business,2022-05,True
d0abecb9bc8f750c,IE,46-55,student,2024-02,True
b8204775f0c76de7,NL,46-55,business,2023-04,True
9d15c0bba9a91764,IT,46-55,retail,2024-03,True
7337018e4e25987e,SE,36-45,business,2023-04,True
bb1f8dd0849de724,DE,36-45,retail,2023-10,True
ddf05d76df72fe9a,PL,36-45,retail,2024-02,True
4f2d66a70c47d8a1,IT,46-55,retail,2021-05,True
7aea030f706cffbd,FR,36-45,retail,2022-10,True
fa99132eb15c10e1,PL,56-65,retail,2023-10,True
26598584b84d9344,ES,36-45,retail,2022-12,True
7c1f0d1cf4caba08,NL,36-45,retail,2021-07,True
3e50f8c058a67843,DE,66+,retail,2023-11,True
728f59f441eca20e,FR,56-65,retail,2023-10,True
c3f41814e0e7d10c,SE,26-35,retail,2024-02,True
b6c5247756aae768,NL,56-65,retail,2024-03,True
714a0cc613cb5939,DE,46-55,retail,2023-11,True
55a790dbfe4ba07f,NL,56-65,retail,2023-10,True
6058c9e779e05107,DE,26-35,retail,2024-02,True
b22b1cc612a21e7e,NL,46-55,retail,2022-05,True
760aa116c0f0aa14,ES,56-65,retail,2023-05,True
3017f02dec68b504,IE,36-45,student,2023-07,True
ea3479a929159d54,NL,26-35,retail,2024-02,True
fe6fa393a3003265,DE,18-25,student,2023-10,True
84fcecf5ccd52984,IT,26-35,student,2024-02,True
eacd3922c0dbb89f,IT,26-35,premium,2021-11,True
a67b210316d26c4e,DE,46-55,student,2021-02,True
34ddf240e0ef8792,FR,46-55,retail,2022-08,True
774092b89d4b0b73,FR,46-55,premium,2023-12,False
9281dc1d3f295ea5,FR,66+,student,2023-05,True
9cd521bade2c5afe,DE,26-35,student,2017-03,True
2f7428e158567b6f,IT,46-55,retail,2024-01,True
b2457ae3b78a59b3,PL,36-45,business,2024-01,True
2f20c8901c99b379,ES,36-45,retail,2024-01,True
afb2e84afb982c7a,IT,56-65,student,2022-06,True
49fce66f5560bd49,SE,46-55,business,2023-09,True
25bc9af5acd2e390,DE,26-35,premium,2023-11,True
36558ffc68bfbb9f,IT,36-45,business,2023-05,False
8753265a908f41fd,FR,18-25,retail,2022-10,True
0bf5c3a966b55864,DE,26-35,premium,2024-03,True
94075f7ba05a731c,IT,18-25,retail,2023-11,True
3a1cd51a65a7b59a,FR,18-25,retail,2023-06,True
53411e02111b45b2,SE,36-45,retail,2024-02,True
3d182d1c2b19eb97,IT,36-45,business,2023-06,True
35d96fe21c0085ce,IT,18-25,business,2023-09,True
4cd1c04fc37f5694,FR,36-45,student,2022-04,True
c1e5d4886a10f84c,NL,56-65,retail,2023-11,True
a865dbd6b2cf9ac5,NL,26-35,retail,2024-02,True
9405254047318364,ES,46-55,business,2024-03,True
c34dfe92817f96ba,FR,26-35,retail,2023-03,True
8ebee83515510329,PL,18-25,retail,2023-12,True
ba30e09f58a3cd38,NL,56-65,student,2024-03,True
7e7b48d1ca47fe5d,SE,26-35,business,2020-11,True
e84cfb0596a94144,ES,26-35,business,2022-12,True
deba49ab6c619379,PL,18-25,business,2022-05,True
4b850a830e0fe7fc,FR,46-55,business,2022-06,True
306ae2315484deb8,DE,18-25,retail,2024-01,True
9e7e16074eb265a3,ES,36-45,premium,2024-01,True
2964f5153afc8938,ES,36-45,business,2023-08,True
d017d7a66d3534d8,ES,46-55,retail,2021-05,True
72d96b323623bdc7,DE,56-65,retail,2023-03,True
be6e80ac42ce9c19,IT,26-35,premium,2022-12,True
1eb5a6949b0afc33,ES,36-45,retail,2022-11,True
d3c9044affd942a4,FR,46-55,retail,2023-01,True
472fda989578758d,PL,36-45,business,2024-02,True
960367a7825fb2fd,DE,36-45,retail,2022-03,True
230c4bcc70620f90,IT,46-55,retail,2022-08,True
b6439c7e48b3ae89,DE,18-25,retail,2023-07,True
b422eb2121870ccb,DE,18-25,retail,2024-03,True
f40ee0367b990419,DE,56-65,retail,2022-05,True
3be3fe7bcef082af,NL,56-65,student,2023-04,True
6e2aae2e70922c0a,NL,18-25,premium,2023-10,True
5b79dc95c903d61c,ES,46-55,retail,2022-05,True
f1453ec296dbc742,DE,36-45,student,2023-10,True
03f910e69e1b5002,DE,26-35,retail,2023-12,True
5a5ec008d3fd6df2,DE,26-35,retail,2023-09,True
94d95d0144b5a53b,ES,46-55,student,2024-02,True
911fa5696b06fb8a,FR,36-45,retail,2023-10,True
776c2780da7e1ac1,DE,18-25,retail,2022-08,True
f143e434921a18f0,IT,46-55,retail,2023-07,True
d32a6bdcf4c410d3,NL,46-55,business,2023-12,True
276d4159ec72a172,IE,46-55,student,2021-03,True
455bda1f0f7128f4,ES,46-55,retail,2024-03,True
786ef34047b58ae1,FR,46-55,retail,2021-12,True
ec43caef62b1350a,DE,18-25,retail,2022-12,True
ab503882dfa12c19,FR,36-45,retail,2024-03,True
9d5444d7bac2edd6,FR,36-45,retail,2024-02,True
4b9f143f37ac348c,SE,66+,retail,2024-01,True
77100cb094213461,FR,46-55,retail,2023-12,True
cb48b920b5d16dc6,IE,46-55,premium,2022-05,True
5b8195f634143166,FR,18-25,retail,2024-03,True
bdcd32d13c3be151,DE,46-55,retail,2022-07,True
d60ba2963c4da16d,FR,26-35,retail,2024-01,True
b629dca6fc9d713d,IE,36-45,retail,2023-10,True
884f25a365fc6a37,FR,26-35,premium,2022-05,True
f44e6d04e1ce498f,FR,26-35,business,2022-04,True
fc12ab93e036121f,FR,18-25,retail,2022-03,True
3dc4286aed619be4,FR,36-45,student,2022-06,True
8ac1aa187d5b513e,NL,56-65,retail,2022-06,True
3802d0c3978308c8,DE,18-25,retail,2023-05,True
2eab73baee32dc73,FR,26-35,retail,2023-12,True
6a6dd7ff6c0a858e,DE,26-35,student,2022-11,True
140463aa4e12396a,NL,26-35,retail,2022-10,False
be9ffe0fa6cdee2d,SE,26-35,retail,2024-02,True
c8cd45f14ce61ded,ES,26-35,student,2022-07,True
19285a5fb9f90a5c,NL,26-35,student,2022-12,True
7b035dce8d39a156,DE,46-55,retail,2021-04,True
27d22f668a6e7800,ES,26-35,retail,2023-11,False
11456bde34c47c97,DE,46-55,business,2023-04,True
06d1b98f9f621ac6,IE,46-55,business,2022-09,True
b6bd8b377562d4da,SE,18-25,retail,2023-10,True
2de650ed82e63754,SE,66+,retail,2018-05,True
787ca62e84f5d36c,FR,18-25,premium,2023-09,True
37fd570a19ece741,IT,36-45,retail,2023-12,True
61c7b8d04ab4e1ee,FR,36-45,retail,2023-06,True
3d0e399c0455f675,ES,46-55,retail,2023-02,True
a92204754d16e3e9,SE,36-45,retail,2024-01,True
c8286ad8cea2a7ae,IT,46-55,business,2023-03,True
32061b8b78db29e8,DE,46-55,retail,2022-04,True
b3ca305309381c9c,IE,46-55,retail,2023-07,True
c8b77dd5cf29095d,IT,56-65,premium,2022-09,True
0ee609df7386e8fa,ES,36-45,student,2023-05,True
3e53de95fcb00eff,ES,56-65,retail,2021-10,False
6afed45d7a593c43,DE,46-55,business,2022-06,False
f99a91e494c41e1f,FR,26-35,retail,2022-11,True
f69ef6d1236809d1,PL,56-65,premium,2023-06,False
bbf036ba7dd0a887,DE,18-25,business,2023-04,True
12c6533e5123d160,DE,18-25,student,2024-01,True
0aee1e6168e6c94d,IE,46-55,premium,2022-06,True
df6717a7412c7b98,ES,26-35,retail,2023-06,True
ab5210d1b9722013,IT,26-35,retail,2024-02,True
7e526158c78914e9,NL,18-25,retail,2023-05,True
cbabdc2913f98109,DE,56-65,business,2023-01,True
bedbd2608a69215c,DE,56-65,student,2024-02,True
ab5f8105ec68b2bc,NL,26-35,student,2024-02,True
930e70245d3f4aad,PL,26-35,business,2023-05,True
2f4f359ed66606e9,PL,36-45,retail,2024-04,True
82503a1206ac8bd9,FR,26-35,retail,2021-03,True
2f3acce8591b4162,DE,66+,retail,2023-08,True
db5f43af97fbd692,IT,46-55,retail,2024-02,False
a86e81abefbd5976,PL,66+,student,2021-10,True
ec44f195504d7897,FR,36-45,business,2023-01,True
329daec589b449fb,IE,26-35,retail,2024-03,True
7e77ad5debdc1402,FR,26-35,retail,2023-11,True
485fd3a43965ffca,ES,18-25,retail,2023-01,True
d9edba303948883f,DE,56-65,premium,2022-09,True
a32c162cb350ac19,IT,26-35,retail,2023-04,True
f714fcd27e21f52f,ES,56-65,student,2024-02,True
685459f55f3a2700,DE,46-55,business,2020-02,True
aaa8879a8fdacc9d,ES,36-45,business,2022-04,True
e288aee6243496d9,FR,18-25,retail,2023-03,True
b68ca3d218b1df6d,PL,18-25,retail,2023-11,True
e0cee802052f3deb,ES,46-55,retail,2023-10,True
a4daf9021bd47893,DE,36-45,retail,2023-12,True
25d9ec6c7e58e990,DE,46-55,retail,2023-03,True
828b7b52ec393fbf,DE,56-65,business,2022-09,True
73f36cce3918a646,PL,46-55,retail,2023-10,True
44766d15b60357fc,DE,36-45,retail,2023-12,True
2c6853b65b718c7b,PL,36-45,student,2024-03,True
9e740ac16318dc37,PL,46-55,retail,2023-01,False
03b8ef204c84bab8,PL,46-55,premium,2021-10,True
2c4591813e0d3e89,PL,46-55,business,2024-02,True
17c9440da0c129f9,FR,18-25,student,2023-05,True
d0cab55dba8411d1,FR,46-55,retail,2023-09,True
b9bcd052eaa631e7,ES,36-45,retail,2022-08,True
bea18b5c9744571e,FR,36-45,retail,2023-12,True
955d8a17958bed04,NL,26-35,retail,2022-09,True
f9d1d435b27d6bcc,IE,46-55,business,2023-11,True
8e3800d05fba502b,DE,56-65,retail,2023-08,False
84677475b06fa73f,IT,66+,retail,2023-07,True
26bc75baa49e9c20,NL,46-55,student,2023-08,True
742e53cc55b6dcc1,FR,36-45,student,2022-03,True
990ea5181f24db9f,IT,26-35,retail,2022-11,True
a6996bbbbd3bfa33,IE,36-45,student,2023-10,True
6c3c5c80aa728f8b,FR,36-45,retail,2023-06,True
f74f34ebe77b7f88,FR,26-35,retail,2024-01,True
76277d296f601cb8,DE,36-45,retail,2022-09,True
70c9c77eda6ef904,PL,36-45,retail,2022-05,True
ab374f9aebc27db1,IT,36-45,business,2022-12,True
4e84a047c80d457d,IT,26-35,retail,2024-03,True
c5c49df03d00186e,IT,36-45,retail,2023-05,True
bda40af1d11f009c,PL,56-65,student,2022-08,True
8564d19867e817f5,PL,18-25,business,2023-09,True
ef5c7aedeb2e8eff,FR,18-25,business,2023-12,True
0e5820e0f4fb2fe8,IT,26-35,retail,2023-03,True
a20199b48f505d52,PL,36-45,retail,2023-10,True
3b1e645b9bf13275,ES,26-35,retail,2024-02,True
5c4adc2057222da1,DE,66+,premium,2022-10,True
fa92d177a1b260ec,FR,26-35,premium,2023-09,True
0a985fe18dddce68,PL,36-45,premium,2024-02,True
f167a38e3061c83e,DE,36-45,retail,2021-11,True
6a17599c590a1675,NL,26-35,retail,2023-12,True
a540023a67a7b644,FR,46-55,retail,2023-10,True
831623b8a2a9561c,SE,36-45,retail,2023-10,True
3fd0dd69218ca614,PL,36-45,premium,2022-07,True
03ec22f56390c0d5,IT,36-45,business,2022-11,True
fa35582404ce3f32,DE,26-35,student,2023-05,True
9b3f579cf5b8b252,DE,36-45,business,2023-10,True
6b2695243c5e730f,SE,18-25,student,2023-04,True
ba752214e5a67c84,PL,46-55,retail,2023-12,True
f2bf94f85e350ebf,FR,18-25,retail,2020-07,True
0b5faf79f530b302,IE,46-55,premium,2024-03,True
cc3da11a846a2b24,PL,36-45,premium,2024-02,True
1c67642b57b9c05f,NL,36-45,retail,2023-09,True
62a8627b7035df67,FR,26-35,business,2023-08,True
67fec8a0078b855b,PL,66+,retail,2022-04,True
f4b5a1fdf64f899b,ES,36-45,business,2023-09,True
7ec403cf0f0ac96d,DE,36-45,premium,2024-02,True
75ef56dfb8cc0142,ES,26-35,retail,2024-03,True
95063954eb1842fb,ES,36-45,business,2022-03,True
39c0314a21e7a525,DE,36-45,retail,2017-06,True
a690e03fa4d13f37,PL,36-45,business,2023-11,True
e846e26c0461859a,IE,36-45,student,2024-03,True
5541c42d5a4476dc,ES,46-55,premium,2024-01,True
742cb851b8db8d63,IE,26-35,retail,2024-03,True
d89fcb0cf60598d2,ES,36-45,student,2021-12,True
0c3cf92d128e1a48,DE,18-25,retail,2022-12,True
314bc04f3b9d051a,FR,18-25,retail,2022-02,True
7c1a72ccd2745820,DE,26-35,business,2022-11,True
28778d13a5e4fd4c,ES,36-45,premium,2023-07,True
3b2f40b1ef58510f,DE,46-55,retail,2022-05,True
2dd163b5cf50fed0,SE,26-35,business,2023-02,True
675e2b1d6f3221d3,IE,36-45,retail,2022-01,True
2b56cbf362a8eb9e,SE,56-65,retail,2023-03,True
28146ea988e360d6,ES,18-25,business,2023-07,True
286e660583151f75,DE,56-65,student,2022-08,True
1255fb5738bec8b1,FR,36-45,business,2022-01,True
a18ea48d63cb216c,DE,66+,retail,2023-05,True
266e6df75dacda6e,ES,46-55,retail,2023-02,True
d32dd9df323337aa,DE,26-35,business,2024-01,True
88289d7d1baf95bd,FR,26-35,premium,2023-04,True
9e59f069431a90ba,SE,26-35,business,2023-11,True
8ed40d1a9a4c2e0e,NL,46-55,retail,2024-02,True
cf374ea83f1e3f45,DE,66+,student,2023-10,True
73c54379c1e2bd7e,FR,26-35,retail,2022-04,True
f67a0cf21c50df98,DE,36-45,business,2023-07,True
001105f48f82e1d2,FR,26-35,retail,2023-06,True
6641c4c46238fbe0,NL,46-55,retail,2020-04,True
56532a90c8439132,FR,46-55,retail,2023-01,False
dad0908121591aa9,NL,18-25,retail,2023-09,True
e3175d45be726016,ES,36-45,business,2023-06,True
fa37b0971b395b01,DE,26-35,student,2023-10,True
670e10aa9677088f,IT,18-25,student,2022-02,True
0ed3eb248f79a7b8,NL,18-25,retail,2024-03,True
e7d5ef2e4b7eeaf1,FR,26-35,student,2022-12,True
449f034592a12dd0,DE,36-45,retail,2023-10,True
dea6daa2a2a8bbd5,FR,46-55,premium,2024-02,True
81139b3322a53632,ES,18-25,retail,2024-03,True
9bdbcb933d72ba8c,NL,46-55,student,2023-10,True
2a89b0ebc3860807,ES,66+,retail,2023-11,True
1b301b36b53cead3,FR,36-45,premium,2023-08,True
7b5b06c5f2a36041,IT,56-65,retail,2022-11,True
72d735eec3c4c214,PL,46-55,retail,2023-08,True
a35b9f8d5e8bf557,IT,36-45,retail,2023-08,True
f0144a76dbb31db7,IT,26-35,retail,2023-07,True
afc89e824c8eb631,NL,46-55,business,2023-09,True
38c9ebc8f5f0bf8b,FR,36-45,retail,2024-01,True
f53899f9b6c45b42,IT,56-65,retail,2023-06,True
8f60d5f97c27e696,FR,46-55,retail,2020-05,True
00d2fdc7b828f258,DE,46-55,business,2023-08,True
cf6b1b295428cca4,IT,46-55,retail,2022-03,True
2d4953ef3d28eefe,PL,36-45,retail,2019-02,True
270eb030c84228d0,ES,56-65,retail,2023-10,True
252b6a55e4dcf3bf,SE,46-55,retail,2023-03,True
56c377227a814ff8,PL,26-35,retail,2022-12,True
7bcc16ceabc952cd,DE,18-25,premium,2023-12,True
77b8466e61b5ea53,ES,36-45,premium,2023-12,True
eeccd81bc4cdb379,NL,36-45,retail,2022-09,True
ec8ef59f06628f13,FR,56-65,business,2023-06,True
8d889c0188ac8966,DE,26-35,premium,2023-11,True
c65f88e09f85210e,IE,26-35,student,2023-02,True
ccc6204d78bbe0d1,DE,66+,retail,2022-10,True
d433ff1b41e9d2d9,FR,56-65,retail,2020-09,True
7f57fca0a23ff671,SE,46-55,retail,2021-10,True
7a1532cafedd3eab,DE,18-25,business,2024-03,True
96fc88bdeafe0a55,IE,46-55,student,2022-05,True
adfd63fd5d4ce043,FR,36-45,retail,2021-04,True
12730fa463785a71,ES,18-25,business,2024-03,True
c7e94c835acf08a9,IT,66+,retail,2024-02,True
ad56b6c3159132ce,NL,26-35,retail,2024-01,True
e3f145958a87a600,PL,26-35,retail,2023-03,True
daa3f2f541ce6b0c,ES,26-35,retail,2023-11,True
07b19269a7d2c1b7,SE,56-65,student,2023-12,True
579fd061e82e873f,IE,36-45,business,2022-06,True
da96e2d984afd64e,NL,36-45,retail,2023-09,True
804fb66e86babda4,DE,66+,premium,2023-05,True
226630efe333d1ee,IT,56-65,business,2023-11,True
3c0101c4485a1b46,IE,46-55,retail,2023-12,True
c6306be24040c470,NL,26-35,retail,2023-09,True
cdbabc73a1892a25,DE,18-25,student,2022-02,True
cce7b75a110265f4,FR,56-65,student,2023-12,True
829c895f61cb68ec,FR,26-35,retail,2022-08,True
2786a0fcc687762b,ES,36-45,business,2023-04,True
6d33f11b5f0b6f08,ES,36-45,premium,2023-03,True
1ab2fa1f1a1052e5,DE,36-45,retail,2023-02,True
bf18412f50a127b9,FR,36-45,student,2023-09,True
ab797a6aaf9bc16b,SE,36-45,premium,2023-02,True
c4c38a72c2668821,ES,26-35,retail,2022-12,True
9c898184c6954cdf,DE,66+,retail,2024-03,True
f27aab2118d3cf9e,SE,46-55,student,2022-11,True
1a74534bebd31f68,DE,36-45,student,2024-03,True
c4cde3f6c2c3e2f8,SE,56-65,retail,2024-02,True
d5d6c3cb8652c004,ES,26-35,student,2023-10,True
98d4740c345a01cb,FR,36-45,student,2023-09,True
78e0aedb4d11d2a7,IT,26-35,retail,2022-09,True
6cff568aebeae807,NL,46-55,retail,2022-12,True
ce81b82027cef5ba,ES,36-45,business,2024-03,True
79e43e1ff48d7ac7,NL,26-35,business,2021-06,True
96eb030e7dce9f66,FR,36-45,retail,2024-02,True
8e48889d425fe2d6,ES,36-45,premium,2021-11,True
8b6de9f1f1a2cc8e,PL,46-55,business,2023-07,True
3dc5802cb081ef95,DE,36-45,business,2021-11,True
45ec101a3c2366da,ES,56-65,premium,2023-09,True
bb46e43d058d6fe1,FR,66+,student,2024-02,True
49fcc43c12f9e114,IE,46-55,retail,2023-10,True
a5f24ea1a2181da3,DE,36-45,retail,2023-10,True
17bf522ee138d61c,IT,56-65,business,2023-11,True
9b71bd6ac6a0d3fc,ES,26-35,retail,2021-04,True
cb65cd9bcba7e4b7,FR,36-45,retail,2023-04,True
d085d93820dc70ae,DE,46-55,business,2024-02,True
994d9a45a9f6f476,PL,26-35,premium,2023-10,True
d1438d74fbc68907,DE,36-45,retail,2023-11,True
42cb5f0aedf5017d,SE,36-45,premium,2023-01,True
49800752e1a55deb,ES,56-65,retail,2023-12,True
30bf9660e3916b08,DE,36-45,business,2021-10,True
ba96525709bf5534,DE,66+,student,2023-11,True
93aebaf0d5b4986c,FR,36-45,student,2024-03,True
37a2e2d4dcf78925,PL,56-65,business,2021-12,True
55455b31d2cae71b,DE,18-25,retail,2022-08,True
dc84b3c2b854690f,PL,36-45,retail,2023-01,True
21f832dd86e17f9e,FR,36-45,retail,2023-01,True
a8cd2ecbd7b2a3bb,FR,26-35,business,2024-02,True
01d68679173786c1,ES,46-55,premium,2022-12,True
89d6de9369393a40,FR,18-25,business,2023-10,True
987cdb3f0e200635,DE,66+,premium,2023-04,True
3d97da1b49da2108,FR,56-65,business,2023-08,True
1b99c4c4bb124187,ES,46-55,premium,2023-05,True
fd770c1650c145a1,PL,18-25,retail,2023-12,True
521b8069a1c6599d,PL,26-35,premium,2023-01,True
1a81856d0a8480f5,PL,56-65,business,2023-10,True
c389c4d5e578a66b,FR,36-45,retail,2023-05,True
48b99d7bcc9b7072,IT,36-45,premium,2020-12,True
4411f256397aa5c2,NL,36-45,retail,2023-10,True
7cfe28760091c18a,IE,46-55,premium,2021-06,True
7f894f79e8baef47,FR,36-45,student,2020-11,True
75d8c81535cd677d,PL,18-25,retail,2023-05,True
26f341866ef29fb6,PL,18-25,retail,2024-03,True
224a06d10d3995f2,ES,46-55,premium,2021-01,True
36406867f12ee23f,PL,46-55,premium,2022-08,True
7fa173626d6c6d93,PL,26-35,retail,2022-11,True
d42885c408d54dc2,ES,56-65,retail,2024-01,True
b85537b78b5cd299,IT,56-65,retail,2021-03,True
db0eb954815d8e3b,SE,18-25,business,2024-02,True
a459dfa9dbf88701,DE,36-45,retail,2023-06,True
70817bc5d2b1b3c8,FR,18-25,retail,2024-03,True
f48d2a791a0cb107,ES,26-35,business,2022-05,True
6a533d3e4b8278e0,FR,36-45,student,2023-03,True
10753855b8cbf426,PL,18-25,business,2023-02,True
254758f353a29a95,DE,66+,retail,2023-10,True
afb9fb1d8f135eb2,NL,46-55,retail,2019-04,True
c9e03f4dbdaf2fcd,SE,46-55,student,2023-10,True
793dd8ea299c194b,SE,18-25,premium,2023-01,True
50f0ce5412bf6d38,DE,46-55,premium,2023-08,True
6e7c6d455e3f4c92,PL,56-65,student,2023-08,True
2c1d5b69bde4e412,FR,36-45,retail,2023-02,True
182b819c2fd250bc,PL,26-35,student,2022-03,True
7be0d3e64f889eac,FR,18-25,premium,2023-01,True
c38e4f45eb306586,FR,46-55,student,2019-07,True
9f2512c2d2a00a75,DE,46-55,retail,2022-08,True
7036c498e78ef3b8,ES,46-55,retail,2022-02,True
a1d76c20eda84248,FR,36-45,student,2023-08,True
1e6f372a6f6aba89,IE,46-55,retail,2023-01,True
bf65d4586396f978,PL,26-35,retail,2022-09,True
fbab7370a91095e5,DE,36-45,student,2024-02,True
769bf1a896bb5717,IE,18-25,business,2022-12,True
8bd320a3c58efa4a,IT,36-45,student,2024-03,True
1f61b0f22c82fc29,SE,36-45,premium,2023-04,False
141c07d0a1dfaec7,DE,18-25,premium,2023-02,True
eeda68f945810c39,DE,46-55,retail,2023-03,True
682b4b12350d02d0,PL,36-45,retail,2021-02,True
38e068f2febdc182,IT,18-25,business,2022-09,True
418045255589f5aa,SE,26-35,premium,2022-11,True
65c15593e7c2fc08,PL,36-45,retail,2023-12,True
350bd2196d212b23,ES,26-35,student,2023-09,True
b41cd0b108afc931,ES,36-45,student,2023-08,True
545e49857afa23d1,FR,56-65,retail,2023-03,True
7db8503d8342fa52,DE,36-45,retail,2023-06,True
1722b028f33e656f,ES,26-35,retail,2021-12,True
76badaf32bcc5154,DE,26-35,retail,2022-08,True
55feac753b1a1b35,FR,36-45,business,2022-11,True
1cbabc4cfcc9a387,FR,56-65,retail,2020-11,True
d38a5a6dc19df444,PL,26-35,premium,2023-11,True
74c8512fcf3dd5c9,NL,26-35,premium,2021-10,True
e64d788950440e4e,IE,26-35,premium,2024-02,True
7977976aed076863,DE,26-35,retail,2023-11,True
0cbea306345f9e6b,SE,26-35,business,2023-12,True
c4c3f32e2187f342,PL,46-55,business,2024-01,True
33f75eb3378f7102,ES,46-55,premium,2023-10,True
1e072c965944992c,DE,56-65,retail,2024-03,True
9f858fde27f7d58f,NL,36-45,retail,2024-01,True
ad7f924970f0c7b5,DE,18-25,business,2024-03,True
a3dac6dadf487269,NL,18-25,business,2020-12,True
b01a0f35fcaa1c3c,IT,46-55,retail,2023-08,True
e5244320b391c1f2,IT,18-25,business,2024-03,True
ddb7c7d638bb66f2,ES,46-55,student,2024-02,True
14db776615202819,PL,26-35,retail,2023-05,True
7f576831a97677ed,PL,46-55,retail,2023-09,True
438b717a2a934f4d,FR,36-45,business,2020-12,True
3938bbda32cff335,DE,46-55,retail,2022-01,True
3d5da61193b5fe9e,FR,56-65,retail,2024-02,True
f41ba23823a39cb2,SE,46-55,student,2023-04,True
042a6abac7750df2,SE,18-25,retail,2022-10,False
9a620ec6f1cdfcd3,FR,26-35,business,2021-06,True
17e62c01b1848f29,SE,46-55,student,2023-08,True
b826da46f42a37c3,FR,36-45,retail,2024-01,True
23027f9f5d1681ac,IT,26-35,retail,2023-07,True
e2ccddde9bf5e10a,IE,46-55,retail,2023-09,True
dd09a5d9ed830dea,IT,56-65,student,2023-12,True
590b4d70e50f207f,FR,46-55,retail,2023-05,True
f76529388baa534c,PL,56-65,retail,2023-04,True
7343a7dc322cc7a3,ES,36-45,retail,2023-09,True
046489a4aab1537a,DE,36-45,business,2023-11,True
c4d1615e2fa75826,SE,26-35,student,2023-06,True
f0dcb81e24019b94,IE,56-65,retail,2023-10,True
e3344ff713dc629f,DE,36-45,retail,2023-07,True
10722947545f0dd8,IE,56-65,retail,2023-06,True
3240ff276d6599f4,PL,36-45,retail,2022-07,True
bec288eff3247cf1,FR,26-35,business,2022-04,True
f1c87893c3043d8e,DE,18-25,retail,2022-01,True
2e420b231017e660,DE,36-45,retail,2024-02,True
dc33f163c29a269e,PL,36-45,retail,2022-01,True
1c47ed39df80e7b1,IT,56-65,retail,2024-03,True
2fd748b56f5eba37,DE,18-25,retail,2022-02,True
40e031e9b77ef105,IE,66+,premium,2024-01,True
f4bb4cbcb1262aa6,FR,26-35,premium,2022-04,True
fa2739639c8c2324,IT,18-25,retail,2023-09,True
51ecb8b604104077,SE,36-45,business,2023-07,True
21fdf932b15c12d9,ES,36-45,retail,2023-05,True
d8dc6a4f980228ac,FR,56-65,retail,2016-03,True
de0509dda098ec30,NL,46-55,business,2022-03,True
edfad385d7c19ca0,FR,18-25,retail,2023-10,True
519bd957afaddab4,PL,56-65,retail,2023-03,True
dc09645f85f0b655,NL,26-35,premium,2022-02,True
98d7e52089551ef8,DE,36-45,retail,2022-09,True
8546b38392f6e48c,IT,26-35,business,2022-12,True
a8cf2136ab4865ef,PL,36-45,business,2022-03,True
cc82f40e9bf7cf2a,IT,26-35,student,2022-11,True
d56c91d4a8aff426,SE,18-25,retail,2023-08,True
7f741e0ead0f8e90,IT,26-35,retail,2020-11,True
86c532e23f5b0d83,SE,46-55,business,2023-05,True
716628a0816a07dd,DE,56-65,retail,2022-03,True
0ca0dd7f9deaf1c4,PL,56-65,retail,2023-12,True
231a0c0f62bb4ac4,DE,36-45,retail,2022-09,True
41a3e2abd9781b32,DE,46-55,premium,2024-01,True
69059d36d6aef4ac,NL,26-35,retail,2022-06,True
1804b784360b639b,PL,46-55,retail,2023-01,True
9700f2ff89556a82,SE,56-65,retail,2023-01,True
905e4955142698b9,FR,46-55,retail,2022-07,True
937be4f8a7f67e59,DE,36-45,retail,2023-01,True
707f29d312c24275,IE,26-35,retail,2022-07,True
42934aa47bd564fb,DE,56-65,business,2023-09,True
23eafa37247e69ae,DE,26-35,business,2024-03,True
d5b3d1aae05fb438,IT,56-65,retail,2023-11,True
639d59992eec20d5,DE,18-25,business,2023-08,True
24d8af496609a587,NL,36-45,retail,2021-11,True
d7b5661103bdfd13,IT,36-45,business,2023-09,True
6d846c676dfb0429,ES,66+,retail,2022-10,True
42a2e5230a032882,FR,36-45,retail,2022-05,True
93153d45ba45526b,DE,36-45,business,2024-01,True
9337a997e67771f3,IE,46-55,premium,2017-01,True
780104f217c9229c,SE,26-35,premium,2023-10,True
72a2ab78c02d6d36,NL,36-45,retail,2021-09,True
075eaa035843304b,FR,26-35,retail,2023-03,True
c3d8dcab6df7df26,DE,36-45,business,2023-11,True
98c61471e9a4772d,DE,18-25,retail,2022-10,True
3015703d9b3c79e8,FR,56-65,retail,2021-05,True
ea43eabbad4044b5,ES,46-55,business,2021-05,True
ac91b3889026136c,DE,26-35,retail,2023-10,True
190965ef73704ecd,IE,36-45,retail,2017-12,True
632db85804149a17,PL,46-55,retail,2023-09,True
ff19a2bddfce01fe,DE,26-35,retail,2022-12,True
e0cda373b291b801,DE,36-45,premium,2023-04,True
17d68e4b2c9e5b81,DE,56-65,retail,2022-10,True
9c8f692e3ec4fcf0,NL,26-35,retail,2023-07,True
6e1c6a72e8496aed,IT,26-35,student,2023-02,True
c13192bbceae3255,FR,18-25,student,2019-08,True
5a676ed222b59e89,DE,26-35,retail,2024-03,True
9d33114e82060d5e,IT,46-55,retail,2023-12,True
1c580e13fad2f1e6,SE,46-55,business,2022-04,True
1925c2c13cec3cbf,NL,36-45,retail,2023-12,True
807755f4de450903,FR,26-35,retail,2024-03,True
b0df7bca225f7bad,DE,36-45,business,2023-12,True
7421b9ce62593d12,DE,36-45,business,2023-05,True
fa0c8c13f62f3681,FR,66+,premium,2022-10,True
e99daf10569b4db9,PL,46-55,retail,2023-04,True
d04f070fe6d4ae0e,SE,36-45,retail,2021-12,True
28b0977f1bbfb4b6,DE,18-25,retail,2023-09,True
83ff060f372f556b,FR,46-55,retail,2024-03,True
fa7fa003b9a24d76,IE,26-35,retail,2021-02,True
dcc4779dd66471d7,FR,66+,student,2023-12,True
452b058c872143a3,PL,46-55,retail,2023-01,True
21b68886e277008d,SE,26-35,retail,2021-03,True
b7318039d5331e04,ES,18-25,student,2022-06,True
9502428bede1f91a,IT,36-45,retail,2022-08,True
229e1e371b4223eb,DE,26-35,business,2023-04,True
7728a4f45916c172,IE,26-35,retail,2020-04,True
f7aa5966e6d17f66,PL,46-55,premium,2022-09,True
195bebe89b47db06,IT,56-65,business,2022-09,True
fb8d3386555ea2a3,SE,26-35,student,2021-03,True
074f98afed766927,DE,36-45,business,2023-03,True
8d5468f50ec7ffe8,FR,36-45,student,2023-03,True
e80f03b82cd4b70a,SE,66+,retail,2022-02,True
29794205119aa700,DE,26-35,student,2024-04,True
1dcde72ebb471013,FR,46-55,premium,2023-09,True
8b4f1eb2050c2264,DE,18-25,retail,2023-06,True
a2b02e399c7d97cb,DE,46-55,retail,2024-02,False
de491fcf67fbb68c,NL,46-55,student,2023-08,True
e51bcca8b9090de5,SE,18-25,business,2024-03,True
d53e11d3eaa6c232,DE,26-35,business,2021-06,False
2c12615b6d28e6e1,PL,46-55,retail,2023-12,False
91290c1c14f6b35b,FR,46-55,retail,2022-01,True
070c3f85cfd3ed2c,ES,46-55,retail,2023-05,True
8f2fc5cf2992651f,FR,26-35,student,2024-01,True
db5f532fc9446f60,DE,26-35,retail,2024-02,True
7c16fd80f8c76e12,PL,36-45,retail,2022-05,True
9a14f95fcc2d39b3,IT,46-55,premium,2022-03,True
5d09aeb6eb8c142a,ES,46-55,business,2021-07,True
c403737445b00694,FR,36-45,business,2023-08,True
d4c632313805166e,FR,18-25,retail,2022-09,True
c3bc186ff2aa99e4,FR,26-35,retail,2022-02,True
5cc9db2d59db9cc8,ES,46-55,retail,2023-11,True
0a3e3ec300120c40,IT,36-45,retail,2023-04,True
68daafec6a1c45d2,SE,26-35,retail,2021-01,True
f1aead30f8f09667,IE,46-55,premium,2023-11,True
dec13acc5ebd7298,FR,36-45,retail,2022-08,True
69e3b204929f421e,ES,36-45,business,2020-01,True
b95467a3255ef03c,PL,56-65,retail,2022-03,True
1b5f801290f6da0e,DE,36-45,retail,2024-03,True
15d6d4d8ba580e2c,PL,46-55,retail,2020-03,True
f0d3787612f344a7,NL,18-25,retail,2023-11,True
e6fe477d55e060a0,SE,66+,business,2023-05,True
beeaf832e4e8b1e8,FR,36-45,premium,2023-12,True
1f8e8cc03b601c09,PL,56-65,student,2023-08,True
c492b5ca36427fb3,FR,26-35,premium,2023-10,True
2eb22a85505e8c6a,NL,26-35,student,2023-06,True
6860bfd31e644537,DE,46-55,premium,2022-07,True
662932bbe9ec99e2,IE,36-45,retail,2023-08,False
7ff7ec1efa86cdc8,PL,36-45,retail,2023-08,True
29b6a743c29965ee,ES,18-25,retail,2021-12,True
f98f9567dce041ca,DE,46-55,retail,2023-03,True
78faa54fca590b91,DE,56-65,premium,2023-11,True
6c45f441c8cc0f5a,IT,18-25,retail,2023-12,True
e12d7bea8ce9e7a9,IT,46-55,retail,2024-01,True
84da034332b9a915,NL,26-35,business,2023-12,True
b94a7395fd8db586,FR,66+,student,2022-03,True
36fc6aa5bdfbef05,ES,36-45,retail,2022-11,True
5e2851b3d4ac0064,IE,36-45,retail,2024-03,True
2ad707b80610abf4,SE,26-35,premium,2023-08,False
7825d99f91ea8961,FR,56-65,retail,2021-06,False
63b0851967b42e0c,NL,66+,retail,2023-11,True
a7e594aecf947725,DE,26-35,student,2023-10,True
b16559be10b58f04,DE,46-55,premium,2020-09,True
c0e8c70533055c1b,ES,56-65,retail,2023-02,True
be06a0ff14e28963,DE,26-35,retail,2023-07,True
2a7707c7b3c7f508,IT,18-25,retail,2023-11,True
26227bf42be74dfa,FR,36-45,retail,2023-03,True
85d7484814dad326,FR,26-35,business,2023-03,True
ff37e99c7ab71a3c,IT,18-25,retail,2021-12,False
7e2da01e0978d451,NL,18-25,retail,2022-12,True
31d964c294f76650,ES,36-45,retail,2021-10,True
fbd6a772fa7a4b12,DE,26-35,student,2022-11,True
0a01bd8b5376fa6e,ES,66+,business,2023-12,True
75c78a214b49921a,FR,18-25,student,2023-08,True
b0ec46b0ac9dc1aa,FR,18-25,retail,2022-07,True
75421438cddd126f,DE,56-65,business,2024-03,True
e0fb3eb3f977ed94,FR,46-55,business,2023-06,False
398fe31d632b668a,IT,18-25,retail,2023-08,True
189387bc57439e0e,DE,26-35,retail,2024-03,True
81fdddacfd31a7c6,SE,36-45,retail,2023-07,True
558593d66decad73,IT,46-55,retail,2020-02,True
ea147d4ad2d72a76,ES,18-25,student,2020-06,True
d734908fd67de40b,FR,36-45,premium,2020-05,True
5a97fbda344d20af,SE,36-45,student,2023-05,True
4a4d157716955488,FR,56-65,business,2022-05,True
7288dbda64b44c44,SE,66+,student,2024-02,True
e40481595654d644,DE,56-65,business,2024-02,True
98e6e3d499bc0f75,IE,18-25,retail,2022-11,True
6b5040558dfd028b,NL,56-65,retail,2023-09,False
f44596ed32b4db38,DE,46-55,retail,2023-08,True
9106542675b5099d,SE,26-35,retail,2024-03,True
140ea455b1689bdd,IE,36-45,retail,2023-07,True
f8dd3eaf269bc9e3,ES,26-35,business,2023-09,True
2cbcdc040d3b9a59,FR,36-45,business,2023-03,True
93d063795fb453f2,ES,46-55,retail,2023-01,True
3f6c00b0c2f2e974,NL,56-65,retail,2023-12,True
08805559a1918325,DE,36-45,retail,2020-06,True
9f98c46d8e71e444,DE,46-55,student,2022-07,True
cf51ab698fc4aa86,PL,46-55,business,2019-08,True
eee679eb96280df6,FR,18-25,retail,2024-02,True
ed11899bf68b1452,SE,46-55,retail,2023-10,True
acee8dee04e60091,ES,26-35,retail,2022-06,True
7a16ba77c27579f7,DE,46-55,retail,2022-02,True
da23c5d13a9995cd,IT,26-35,student,2023-12,True
b0f4263c79b153ba,DE,56-65,premium,2023-10,True
2ca7a8d7b3d71148,IT,36-45,student,2024-01,True
05152714d91b2d10,FR,18-25,business,2023-11,True
53992cb8498c83a2,DE,18-25,retail,2022-11,True
65ad2b46fef1de3c,FR,36-45,retail,2023-07,True
0a0c1a394207e94a,SE,66+,business,2023-08,True
d923d2bf09383451,NL,36-45,student,2022-01,True
279f1d0ab4b5ea90,IT,46-55,retail,2024-01,True
4857e4b7707007b2,NL,18-25,business,2023-11,True
9301a30faf34d5a5,DE,46-55,business,2023-12,False
c08aaf3588043067,IT,36-45,retail,2020-05,True
79643f5a4e582d0a,DE,46-55,student,2023-04,True
15b7fc5a4596bd6c,IE,18-25,premium,2023-07,True
9d72e0e2822d2ce2,ES,36-45,retail,2023-04,True
15b653cf62232501,IE,18-25,retail,2020-11,True
ba003086f34269af,DE,46-55,student,2023-12,True
30d7b41bd9e43287,PL,26-35,retail,2024-03,False
3f5b6c898ff06cc2,NL,36-45,business,2023-11,True
09ae1cadbbe3d698,DE,26-35,retail,2024-01,True
63e4e7f88ef5f801,ES,46-55,retail,2023-11,True
3fb2c93fc1ab6d5a,IE,26-35,retail,2023-12,True
2cf5cca778722f6c,IT,46-55,student,2023-03,True
2eb1e9675078d7f6,FR,56-65,retail,2023-10,True
49655d30bd626b32,FR,26-35,student,2024-02,True
9a2527a1cdf7de18,DE,36-45,retail,2023-12,True
f21b94a1b0937ffa,FR,36-45,student,2022-07,True
c6bd0712e3f7e5e3,FR,56-65,student,2022-03,True
40861fd2bc00c29b,DE,36-45,retail,2023-02,False
0c63fa35208f44ff,NL,36-45,retail,2019-04,True
6b30c6658a9d41ea,SE,46-55,retail,2023-08,False
68744a6b996b274d,ES,26-35,premium,2022-03,True
bc71e8d0e7599ddc,DE,36-45,retail,2023-04,True
fd1fe47570a0d7fc,IT,26-35,retail,2023-02,True
a7cada08137001b7,DE,26-35,premium,2023-04,True
15149df4bfe5043d,FR,46-55,retail,2023-12,True
a8ac92e0def56beb,IT,36-45,premium,2023-01,True
85cd4dd79c783e5d,ES,36-45,premium,2023-01,True
177030313d9d7532,NL,26-35,business,2023-02,True
c08d580b99dc7d2a,SE,46-55,retail,2021-09,True
789ffcdcf75618e7,NL,26-35,premium,2024-03,True
4ee17b2a03ab7a09,IE,36-45,premium,2024-02,True
5131cfaed877f5da,DE,36-45,retail,2023-05,True
6e2000c2228071a8,SE,36-45,retail,2022-05,True
b01953269dc06e80,DE,36-45,business,2022-08,True
0463437cec162586,PL,18-25,retail,2023-08,True
7742a7d38bf10600,NL,56-65,premium,2023-08,True
abf03d7ef59b8fae,FR,18-25,student,2023-09,True
1f6bf3a2c55c40ae,IT,18-25,business,2021-10,True
d0da552b64904b74,FR,46-55,retail,2023-02,True
1a41bcb52cc89d3f,DE,36-45,student,2023-02,True
a3955a263a200321,IE,26-35,retail,2023-12,True
2df4dbc4e5413e94,IT,26-35,retail,2022-10,True
fc4e64d0a31c8f8f,DE,66+,student,2023-12,True
f97796f6e07867d0,ES,46-55,retail,2022-10,True
df4a33cf49bf88de,SE,18-25,premium,2024-01,True
6f74a841ec158a02,FR,36-45,retail,2024-01,True
e44a7b5014414f4f,FR,46-55,retail,2024-03,True
0717ba62e99937e2,FR,26-35,premium,2023-03,True
f3c534e8a2914051,ES,56-65,retail,2022-09,True
edb5395f2eddce58,DE,26-35,premium,2024-02,True
54c488f883b13a15,FR,26-35,student,2022-09,True
01efe4985c1e3283,NL,56-65,retail,2022-09,True
993b0434e2a776c4,ES,36-45,premium,2024-01,True
d022e4ee7f11363b,IT,46-55,retail,2022-10,True
43b474cc7cb4c533,NL,26-35,business,2022-04,True
a42ca6c61a0e0070,ES,46-55,student,2023-12,True
8514f6b29771ce07,DE,36-45,retail,2022-07,True
7cae8540b3b64221,DE,36-45,premium,2024-01,True
ea5bd64e9fd7957d,DE,46-55,premium,2024-03,True
a60c95249981693c,PL,46-55,premium,2021-08,True
f4c985ae4927e040,SE,36-45,retail,2023-11,True
c7feaf341216f06a,IT,56-65,retail,2024-01,True
8aa273ef8d5c96c1,FR,46-55,premium,2022-09,True
46c7a21dd09bdb42,ES,36-45,business,2024-01,True
e7f117e4452a4371,DE,26-35,retail,2023-09,True
68c035fb5a7eac6d,DE,46-55,premium,2024-03,True
ce7f6b6484667866,FR,36-45,retail,2023-10,True
0b7cc6acdda30e7f,ES,46-55,student,2023-03,True
894185154abbf63a,IT,36-45,student,2023-10,True
bab872612af4ad65,DE,46-55,retail,2023-09,True
49942599d9d992aa,DE,36-45,premium,2023-07,True
85278694a8ef5563,DE,36-45,retail,2023-12,True
7a8284a633b0a6db,DE,36-45,retail,2023-10,True
66c5d2841a58f7de,SE,46-55,retail,2020-11,True
7b5cad8178bc9dcc,SE,66+,premium,2023-08,True
16b34acccdbea70d,NL,36-45,student,2024-03,True
0ec3f704a06213bf,FR,36-45,retail,2023-04,True
ba7d3a2d3911560c,FR,18-25,retail,2024-03,True
1c1af67f42a23798,SE,36-45,retail,2023-06,True
6c3abfe63f61fdea,DE,46-55,business,2023-03,True
3e33efd6544bb0c6,SE,36-45,retail,2024-02,True
afe7ac90c4e9241c,FR,36-45,retail,2023-08,True
e1fd03c862be0b61,PL,18-25,business,2023-11,True
1077d641bf1aeef9,ES,36-45,retail,2024-01,True
25c34ae56c9af7b4,IE,18-25,business,2023-09,True
b57f245922286036,FR,36-45,student,2023-12,True
96a67a4ef48a1f83,ES,26-35,retail,2020-09,True
ec46697212b19835,ES,26-35,retail,2022-08,True
0241066689d82fe9,IT,56-65,retail,2021-11,True
63c6f52cfe2e5292,IE,46-55,premium,2023-08,True
d35b399b151414d8,IT,46-55,premium,2022-06,True
3891686701ad319c,DE,26-35,retail,2024-02,True
66e1a6b389edab5c,IE,46-55,retail,2023-06,False
006e8939ee9880de,FR,56-65,retail,2024-02,True
a325861a594881fd,PL,56-65,student,2022-06,True
a06a8582210571b4,IT,66+,business,2020-06,True
c4ec523e4b8b602a,PL,18-25,retail,2023-03,True
9eb0bb67c0196259,PL,36-45,retail,2023-12,True
d1a40a4ff948a6fe,ES,26-35,premium,2023-06,True
d65780a9feb70d7c,ES,18-25,retail,2022-05,True
ce9d192723d68d1e,IT,46-55,retail,2024-03,True
e75941c57af07be2,FR,66+,retail,2023-01,True
4bdb4512108b217f,FR,36-45,business,2023-12,True
9d933abc07cfad8f,ES,18-25,premium,2022-03,True
051509d9ed47b9c2,ES,36-45,retail,2017-05,True
761193ddbc618af3,SE,46-55,retail,2024-01,True
4a73ff8ab200e7c6,ES,46-55,retail,2023-12,True
db76d5448bdaf361,SE,56-65,business,2023-10,True
67bed909b2f2e736,DE,26-35,retail,2023-06,True
6ff4b311c9e47465,FR,46-55,business,2021-08,True
dcd50c1c021cfd1c,ES,26-35,retail,2024-02,True
2efa914871ae3f6f,NL,36-45,retail,2022-01,True
946445402b95a3a0,IE,36-45,student,2023-02,True
32e2228148f469f5,IE,18-25,student,2023-02,True
68d3e7244d574a22,ES,36-45,business,2022-01,True
03868142eb7bec40,IT,46-55,retail,2024-03,True
13fd001ba7a07a9c,DE,26-35,retail,2023-10,True
58f430edd6ffbd03,DE,26-35,retail,2023-01,True
0d19398e0cf9fc18,IT,36-45,business,2023-02,True
57187726eda06f9a,ES,56-65,retail,2023-02,True
d15d2be5eaf9959f,IE,46-55,business,2023-09,True
47ea55277998508e,DE,36-45,retail,2023-04,True
280e0baff9848de8,SE,46-55,retail,2023-11,False
bcd2852e726177b6,FR,26-35,premium,2023-03,True
698f8e20199f70ba,PL,26-35,retail,2022-01,True
bb3fc38914f2eb75,IE,56-65,student,2023-03,True
a435d5efaabb546b,PL,36-45,retail,2024-01,True
0cc41ad20a038410,FR,36-45,retail,2024-03,False
86a288cd320f33b5,NL,18-25,retail,2023-10,True
5ecfc1c10c446fc4,PL,36-45,retail,2017-08,True
08c26d30245ee69c,FR,18-25,retail,2023-11,True
6830db31daa7b572,NL,36-45,retail,2023-02,True
23d75e1450eecf3f,IE,26-35,retail,2023-06,True
e71c8916a2d44e18,IT,26-35,retail,2023-06,True
b418d9ce72da2b9e,IE,46-55,retail,2024-03,True
20a0f579701c3fce,DE,26-35,retail,2024-03,True
eddff95a2b89d86b,NL,46-55,premium,2024-01,True
f5aff73f84c599f8,IT,26-35,business,2018-06,True
bf072d0df596e514,PL,26-35,retail,2024-02,True
adec9efeadea2b18,IE,18-25,student,2023-03,True
f9c8ecf83ae0ed97,FR,18-25,retail,2024-03,True
3a6674e5cc70163d,PL,26-35,retail,2024-02,True
16d2efa41d690186,IT,36-45,retail,2024-03,True
2cc8cfc2ebd65e5b,IT,26-35,retail,2022-12,True
cbab2aa6e767f71a,FR,26-35,student,2022-10,True
eb3ce11be2739379,FR,46-55,retail,2023-07,True
1eec6230f441b526,DE,36-45,retail,2022-03,True
f5a96b301c3363af,IE,18-25,student,2020-10,True
8d4bba37b15bb1ea,DE,56-65,business,2022-03,True
1868924ba6930d34,FR,66+,retail,2024-01,True
aa738d7fa13dec53,IT,36-45,premium,2021-07,True
72aba241a876e756,DE,56-65,premium,2022-02,True
790cb35f93daf59b,DE,18-25,student,2023-01,True
f0259fd808ccd0fb,ES,36-45,student,2019-11,True
b282d9b1eafae254,ES,26-35,retail,2022-11,True
8f25bbae2598cd05,DE,18-25,student,2023-08,True
99e42cc4a0ac4660,NL,56-65,retail,2023-01,True
ae03b822de4af692,IT,46-55,student,2023-07,True
faac9b3919e66ead,FR,26-35,retail,2023-11,True
3925d7b5d5686612,DE,26-35,student,2024-01,True
1cc95167fdcc5676,NL,46-55,retail,2020-10,True
60f28714d2e54841,IE,56-65,retail,2022-01,True
4a75df49ccfcfad0,DE,56-65,retail,2023-11,True
b289dcbb7f076988,ES,46-55,student,2022-02,True
ce610a298cbee956,IT,46-55,business,2020-10,True
544d96d362f8cb2d,FR,18-25,retail,2023-12,True
ce6105cefc9ac2e0,IT,26-35,retail,2024-02,True
af16a22d9222c47f,IT,56-65,premium,2022-04,True
b87dfa4d776431bb,IT,18-25,retail,2023-07,True
593b1bc227bf9e0d,ES,36-45,retail,2024-02,True
a37b132834492af4,PL,66+,premium,2023-10,True
3cadc367881bcf51,IT,46-55,retail,2024-03,True
74a67df9472226ba,FR,36-45,retail,2022-01,True
fad9d2badd4d7fa2,PL,18-25,retail,2023-11,True
d133dd564fc3471d,PL,36-45,premium,2023-01,True
e28b8b7cbe27a919,IT,36-45,retail,2024-01,True
b16b00ba161add3f,PL,46-55,retail,2023-02,True
38f2035612394ce8,DE,36-45,business,2017-09,True
ac9d3369bb4b2b68,FR,18-25,retail,2023-09,True
e8afaf2ad2666a4d,DE,18-25,student,2022-03,True
f11e9c7e5896a621,PL,26-35,business,2023-05,False
c14978aee10e10f6,IT,66+,retail,2022-09,True
de0af3ca2f9dcce4,NL,18-25,premium,2023-11,True
770f54aceff8e0f2,IT,18-25,retail,2024-01,True
ec1157cd130d4601,FR,36-45,retail,2023-07,True
67bf0d33e1102a22,IE,18-25,retail,2023-01,True
f0fd601a997d410c,FR,56-65,retail,2021-11,True
d0da9af9141a22f2,DE,18-25,retail,2023-12,True
6cb02fd8894fd97e,PL,26-35,business,2020-09,True
8856cfacf578ff27,IE,36-45,student,2023-12,True
1adc01ad21f57364,PL,26-35,retail,2022-08,True
6bd5e49b26c3e012,DE,56-65,retail,2021-04,True
634bbf4dd39bf3b0,FR,36-45,business,2022-08,True
c41ad189b1df72e8,FR,46-55,business,2022-09,True
e11c4e51e16ce817,FR,36-45,student,2023-04,True
64ba648766317592,SE,46-55,business,2023-04,True
8cf0d72123f72db0,ES,26-35,premium,2022-09,True
b5e210f7677084bf,ES,26-35,retail,2022-03,True
cc901468b02a17b6,DE,18-25,retail,2023-10,True
b093a5f968fdfeb1,DE,46-55,retail,2022-12,True
8c11fcc4d335e7f6,NL,36-45,retail,2019-01,True
829840ed4768f114,FR,36-45,business,2023-08,True
999e82ae18354d59,FR,66+,business,2023-09,True
a32cc8ca003b7fbc,FR,26-35,retail,2022-11,True
819d61c0860fd2d1,DE,36-45,retail,2022-07,True
f93ef99fb1617661,ES,46-55,student,2021-01,True
e7b2048c1378c8bc,DE,18-25,retail,2021-05,True
5108b45cd9055160,ES,66+,retail,2023-12,True
6c03646ed7b913ad,IT,36-45,retail,2023-11,True
c73d36b2d0d76ecf,PL,36-45,retail,2023-09,True
47ce2c9d66f21588,ES,26-35,student,2022-06,True
d150c227708cf3df,ES,18-25,retail,2021-12,True
56e53ba5a47859a2,DE,46-55,business,2023-05,True
1457c6792b480262,FR,66+,student,2023-05,True
94fded3beb0d7063,SE,18-25,retail,2022-09,True
9942db69339dca42,DE,36-45,premium,2023-10,True
3b2b514ae4bce989,ES,18-25,business,2023-08,True
49fbe94bd66846a5,DE,36-45,business,2024-03,True
e9f397741058573c,IT,26-35,business,2023-07,True
1776938c8b1364cc,DE,56-65,retail,2024-02,True
0ae05a450c052e7b,FR,26-35,business,2023-08,True
3b4564d0d61f0b9b,ES,26-35,premium,2023-09,True
78902099c9cb4f0c,DE,36-45,retail,2023-07,True
8f30dd2fd92e3f04,FR,18-25,retail,2022-12,True
40c93a32ed830388,IT,36-45,retail,2024-02,True
b3c956ce826de776,DE,46-55,retail,2023-08,True
b8a6b3e9a6806d3d,ES,46-55,retail,2023-03,True
e593243fda8dac2f,ES,26-35,business,2024-03,False
aecc77a71b39f913,DE,56-65,student,2022-03,True
42dac3de65e160c2,IT,56-65,retail,2022-12,True
61ec2b715bc569aa,IT,66+,student,2023-03,True
603b8492821d111f,ES,46-55,retail,2022-12,True
41b2e95862afdbd9,DE,66+,retail,2020-05,True
df73a16980b99191,DE,56-65,student,2024-03,True
f41c874409b4f0e6,IT,36-45,retail,2021-12,True
6b2a768a1393e9bb,PL,66+,retail,2022-02,True
a38338b1e470addd,DE,18-25,retail,2021-11,True
b5224540be6743b3,IE,46-55,student,2022-03,True
bfa98de99829d2d2,SE,46-55,retail,2019-09,True
f12ddece4fda3d09,ES,18-25,student,2024-03,True
3dfdc68a2687aaa6,IT,26-35,business,2024-02,True
0bdea4d81d501eb9,NL,26-35,retail,2023-06,True
9e3b4b5adda6c8e6,IT,36-45,student,2024-01,True
ea750c4e42741686,DE,56-65,premium,2023-12,True
19811232a38c2a25,FR,36-45,retail,2022-09,True
f94bba9bd321aef7,IE,26-35,business,2020-11,True
72edf919b3e117da,DE,26-35,business,2023-10,True
415c73d90061bcee,NL,26-35,business,2024-01,True
200365f2c30db86c,DE,36-45,premium,2024-02,True
40db505ae07bc022,DE,46-55,business,2023-10,True
e5f6cce8fd4ca6e3,NL,26-35,retail,2023-12,True
e57a66f8d337803e,FR,26-35,retail,2022-05,True
db679c1f8439837f,DE,26-35,student,2020-02,True
0b45c6a58aeb5d9d,DE,36-45,student,2023-04,True
01b728aad7b41353,IT,46-55,business,2022-06,True
b55c2180b0beb0b4,ES,46-55,student,2023-05,True
e742db3c65aab8a6,IE,26-35,student,2023-12,True
33f138161bed13d9,NL,26-35,retail,2022-12,True
ad2c75e0f0f0c355,IT,46-55,business,2022-02,True
3c07fb731392bf0f,PL,46-55,business,2022-06,True
d358b5ac78f3a9f7,IE,56-65,retail,2024-02,True
6f33f9668d038352,FR,36-45,student,2024-02,True
d7b1d25b43ad8588,FR,46-55,retail,2023-12,True
a46bb3cd9acc9694,IT,18-25,retail,2024-02,True
59373e0ede8932e7,IE,56-65,retail,2023-12,True
2483dcb32b852dab,DE,18-25,retail,2023-07,True
1dc2294dae2ae308,NL,46-55,retail,2022-04,True
1600a1e8c6a0c420,DE,36-45,retail,2023-06,True
4e1f5d8e8925258d,ES,46-55,retail,2023-08,True
b4b34c32f217483c,DE,26-35,business,2023-04,True
a1e5d61c151dc235,FR,36-45,retail,2023-09,True
7e0ba7fc60e278fe,FR,56-65,student,2021-11,True
9c1c7712557d3201,SE,46-55,student,2023-07,True
e43dc79bc10664dc,IT,18-25,retail,2021-11,True
2f33f16f24a9bd59,ES,56-65,retail,2020-12,True
d26a53a73978a3fe,IT,18-25,retail,2024-02,True
7e9d238dffab424d,NL,56-65,retail,2022-03,True
cc31be9c219e31a2,IT,46-55,premium,2022-12,True
cd861357d6ee95a5,IE,36-45,premium,2022-05,True
1fb0629d1d8c3773,ES,26-35,business,2023-09,True
e65885f2f53e453d,PL,46-55,premium,2024-02,True
9530d3ded46e27ea,ES,26-35,student,2022-09,True
13be88de994116b5,PL,18-25,retail,2024-03,True
ae9a3ae2d6d6043a,IT,36-45,retail,2024-01,True
a9a7aa8f4ea975d7,PL,18-25,retail,2021-10,False
bd1aef98543f2fe7,IT,56-65,premium,2024-01,True
6219f6850247ae1b,ES,26-35,retail,2023-12,True
fb040f98c6e8a6c3,DE,36-45,retail,2023-08,True
98c7c7b07977bccc,IE,26-35,premium,2023-09,True
2a9178de0d0bd118,FR,36-45,business,2023-04,True
c74abc0454573b62,SE,18-25,student,2023-05,True
c7f1dae1815b7e16,SE,36-45,premium,2024-01,True
9948f4e61eab1fbf,DE,36-45,retail,2022-03,True
82deea3a2f0b419f,IE,36-45,retail,2023-09,True
45f442659ac3d957,DE,18-25,business,2023-10,True
d03e180951fe534f,PL,46-55,retail,2023-07,True
9283f9a856ae114a,DE,36-45,student,2023-07,True
c584f8ad024dfd4e,FR,26-35,retail,2023-04,False
ddbc476ac22ed966,PL,36-45,retail,2022-08,True
87f68d75d360ceee,IE,46-55,business,2024-03,True
bb1dda62727f8025,SE,26-35,premium,2023-12,True
f5879577c99c35f3,IT,18-25,retail,2024-03,True
6227a8016abcc779,ES,36-45,premium,2023-12,True
61359f80185979dd,FR,36-45,retail,2023-09,True
c8dd8a7543a93d31,DE,46-55,retail,2024-03,True
983c2317deb772d9,DE,26-35,business,2024-01,True
0e554dfa97904c47,IT,56-65,retail,2023-04,True
d5613abf5bcc1912,ES,26-35,retail,2022-05,False
3e3111fe641a1ef0,SE,36-45,student,2023-07,True
62a8e86cd9d2fe45,IE,46-55,student,2023-10,True
5193cc7ce95aa82c,IT,26-35,retail,2021-04,True
3c63d674c2e3476b,IT,26-35,retail,2024-02,True
c980252f94b2b539,DE,26-35,student,2023-08,True
1950a11bcf223d71,DE,26-35,business,2023-05,True
82d3a753b64f3ae3,ES,46-55,premium,2020-03,True
be12a7e1f4477e7f,NL,56-65,retail,2022-10,True
5c088a8bda62e968,SE,46-55,student,2023-12,True
d0ff665c998a170b,SE,18-25,retail,2023-03,True
ac9a493190f50160,FR,26-35,business,2024-03,True
995c84e1485b526c,NL,18-25,premium,2023-09,True
552d7fd63b5ae570,NL,46-55,premium,2024-02,True
2d710f3ea8fc088a,DE,56-65,retail,2023-08,True
7452bd1704ff88b5,NL,26-35,premium,2024-03,True
c8547b7a7518223e,FR,18-25,retail,2022-11,True
6399bdf8021201dd,ES,56-65,retail,2023-11,True
b89bd953c6e3ba89,IT,56-65,retail,2021-12,True
1569673e5a904879,SE,56-65,retail,2024-03,True
796475450e530510,NL,46-55,retail,2024-03,True
0d73497e7a8006e6,FR,36-45,student,2023-10,True
9a0f3367494a51d6,NL,36-45,business,2022-05,True
c926c412d7638165,FR,26-35,retail,2023-12,True
a748810c3fbb6053,PL,36-45,premium,2023-10,True
563b179fcb209c24,ES,18-25,retail,2024-03,True
430fa5fc705c65fc,DE,66+,retail,2024-03,True
817520e20f1884af,NL,18-25,student,2021-11,True
e588eaec3d00f8c4,SE,66+,retail,2023-02,True
6843de3d24489dd2,PL,36-45,retail,2024-02,True
01a9ce17172b8f41,FR,46-55,student,2023-07,False
b742e700fe6deabb,ES,66+,retail,2023-05,True
ce974230d7a2e35f,DE,66+,retail,2024-02,True
3167d6d2841806f6,DE,36-45,student,2024-01,True
ee3dc977be9b4643,PL,18-25,student,2023-08,True
0ce0c8033199b1f1,DE,26-35,retail,2018-04,True
9cbe17c57ede7a60,ES,56-65,student,2022-04,True
b30ff49e00ed40ff,FR,36-45,retail,2022-04,True
5dcb189f1651f380,NL,26-35,business,2023-12,True
b289bb84f8ff763b,PL,36-45,retail,2023-08,True
df175944b79b6819,DE,18-25,retail,2024-01,True
bdc9265181161097,SE,46-55,premium,2023-02,True
f959bb3fec04f25d,ES,36-45,retail,2022-12,True
6c2ccc918e1a349c,SE,46-55,retail,2024-03,True
a49eb7dcd445914a,SE,26-35,student,2022-09,True
d585e6b05af64259,ES,26-35,retail,2023-02,True
4810270fc6e42b87,ES,46-55,retail,2023-02,True
85dc2fc14e18e38f,DE,26-35,premium,2023-09,True
cbcca05efe95ccb9,SE,26-35,retail,2022-11,True
e2fd869e321d22a9,PL,36-45,business,2023-04,True
3a75eddb388950ba,ES,36-45,retail,2023-09,True
c5ae24b33a18d98d,DE,26-35,premium,2020-09,False
0ba9ceb742a747a3,FR,26-35,retail,2023-08,True
9771439985378f6b,DE,18-25,retail,2023-10,True
79eebdcffa4ad676,FR,36-45,retail,2023-10,True
a02bf5325db7a846,IE,46-55,business,2022-03,True
810c8f13409b0ca4,IT,36-45,retail,2022-02,True
4f5ba2e54af47e7d,IE,46-55,student,2022-11,True
6ab2461033e3580d,PL,46-55,student,2022-05,True
909b0cefe48daac5,FR,18-25,student,2024-01,True
7bd4e989100a6f52,SE,46-55,retail,2023-02,True
f27faddd0308e18d,DE,36-45,business,2023-06,True
30d217b8f3d82c5f,SE,66+,retail,2024-03,True
5150ee90a2b039aa,DE,36-45,retail,2024-03,True
a4e1016af1e9a265,SE,56-65,premium,2023-08,True
32a8ef153d606ec8,IT,46-55,student,2023-03,True
4eeb49eb4bf60654,IE,18-25,business,2024-01,True
1b47bb66ec1a7358,NL,36-45,student,2022-08,True
bd15cbc6b7221b18,IT,26-35,business,2024-02,True
a9c25627ad3a17eb,DE,56-65,premium,2023-08,True
89f96aecc3831f71,FR,26-35,retail,2023-08,True
d93c3bf2d9d412a9,FR,46-55,retail,2023-07,True
ac78d5b63f6ee488,PL,36-45,retail,2024-01,False
f3e9708d316676b2,FR,18-25,student,2024-02,True
eaaf08ec6ee03700,IE,26-35,retail,2022-08,True
1fb57ad697df125a,IE,18-25,premium,2021-08,True
df9e679eb848c3d4,PL,26-35,retail,2018-10,True
decbfc8dfd4aa4fe,FR,46-55,retail,2020-04,True
b38aebd80b210fa4,DE,36-45,retail,2023-05,True
4442f7823e91c47d,DE,26-35,retail,2022-04,True
d9fe3cb2ddab525a,PL,36-45,retail,2022-10,True
e40450007da8ee4c,NL,56-65,retail,2023-08,True
bd18a79b7e3dfa26,NL,26-35,retail,2021-09,True
856ac5d7d13f97be,DE,56-65,business,2023-10,True
0b8eb7da554813ef,IE,36-45,retail,2022-09,True
264e03efb566d73d,FR,36-45,business,2023-07,True
f2fe9b7a0cfc80c1,SE,18-25,business,2021-02,True
d9745f444a883ec1,ES,26-35,student,2023-10,True
31dd450c1c615967,ES,18-25,retail,2019-10,True
b3b1f5c212b765e5,SE,46-55,business,2023-12,True
fd5a2ffdacbf87d3,FR,26-35,retail,2023-04,True
fff2868f6495f125,ES,46-55,premium,2023-04,True
1b2efeb3def9fb3e,FR,18-25,student,2024-02,True
624369f3f0ea3ad2,FR,36-45,premium,2023-06,True
fe7c00f5be359426,NL,18-25,retail,2024-03,True
042806125d2f01f9,ES,36-45,retail,2023-09,True
f1363d2d7348f0cc,IT,46-55,retail,2022-02,True
822288400d6f5fcd,IE,18-25,retail,2023-12,True
ca258195b97b7f61,ES,36-45,student,2023-08,True
0b651a9ff61e03b1,IE,46-55,student,2024-02,False
ba93417343dc8c2a,SE,18-25,retail,2023-05,True
29cd2130a4b51761,IE,36-45,student,2023-11,True
d687d9f93596a1d8,SE,36-45,retail,2023-02,True
54c5bf606056abf6,FR,46-55,retail,2022-12,True
9ac0a97f8e5f7f13,FR,46-55,student,2023-09,True
f0872b95952f79b8,PL,18-25,retail,2021-11,True
161e6f4e4ff13f57,FR,18-25,premium,2023-11,True
063c4757ca16c2bc,PL,26-35,premium,2022-12,True
14f53205d937940c,FR,46-55,premium,2023-09,True
e05179ba6def4273,IT,46-55,student,2023-03,True
1d224c552ee53548,PL,46-55,student,2023-03,True
7cbf8afe944ec55f,DE,18-25,retail,2022-12,True
08d2d4fcaad8f219,NL,46-55,retail,2022-12,False
499e1ab41aa629d7,PL,26-35,retail,2023-05,True
3f30eba229305ddf,DE,56-65,premium,2023-05,True
40a36daa9663e45a,ES,26-35,retail,2024-03,True
d6a488574d32e9a5,ES,46-55,retail,2021-12,True
48a40eb95c9816d6,NL,36-45,retail,2024-01,True
e5fa58d578d9b604,IE,36-45,student,2023-09,True
4388f028ec9442b9,SE,26-35,retail,2023-11,True
4d075eb3777401cc,DE,46-55,business,2023-02,True
95893872d57d55eb,IT,46-55,retail,2023-06,True
519df5476505f6b8,FR,36-45,retail,2024-03,True
c93fa34fd9d35018,IT,46-55,business,2024-02,True
6de60de3395e68dd,DE,18-25,premium,2023-10,True
be7f50ce7126a33b,FR,46-55,premium,2022-02,True
5b541722b61ed3aa,IE,36-45,business,2021-04,True
8a721c8603c3fb77,DE,46-55,retail,2024-03,True
d01543d2e579f001,PL,66+,business,2023-10,True
cbff00bb28c46229,SE,26-35,retail,2023-08,True
f84e28f15065e7a6,DE,36-45,retail,2019-01,True
691392cc4130bea0,ES,18-25,retail,2022-08,True
d56eb7fddf4db214,NL,56-65,premium,2024-03,True
3f55acb7ebbe35c4,DE,46-55,retail,2023-10,False
d89a68f62e2d468d,DE,36-45,business,2024-03,True
187a2896b0e5e1f6,ES,56-65,retail,2022-10,True
ddb69ed245f83875,ES,36-45,business,2022-02,True
5205f50fd9c2ebf6,PL,18-25,student,2022-08,True
b336db7600651e2f,DE,66+,retail,2021-05,True
50e19669b0cb5b05,IT,26-35,retail,2022-04,True
f7f2a64bed17f5ce,ES,46-55,business,2022-10,True
06970b9cc7a0cbfd,IE,18-25,premium,2022-04,False
8337e27bf7b9f0a3,FR,46-55,retail,2023-07,True
ca0a5d8f7bdafb3d,IT,18-25,retail,2023-10,True
46bf547e8ef549c5,FR,18-25,retail,2024-04,True
7c8cba59c2496147,FR,36-45,premium,2022-12,True
285fc5e14688dd3c,ES,26-35,student,2023-06,True
479aed992ff29691,NL,18-25,retail,2022-09,True
6dc88bd69926b738,FR,18-25,retail,2023-10,True
17c974e7496fdfd7,SE,26-35,premium,2019-05,True
832fb388c2d0e657,PL,56-65,student,2022-10,True
befc0aab2d301964,ES,36-45,premium,2022-12,True
eeb51a07b7b87b32,FR,56-65,retail,2023-04,True
229726dd57c5fac6,NL,36-45,retail,2023-08,True
6bdac94ecc347e2a,DE,36-45,retail,2023-08,True
5a6d15f061567d69,SE,36-45,premium,2021-04,True
32f1709787b763fd,SE,36-45,premium,2024-01,True
737538d967a9cfd3,ES,36-45,business,2024-03,True
933526007843ea67,NL,46-55,retail,2023-07,True
d594d53726861fd0,DE,36-45,retail,2024-01,True
c692ddd6e3e0fa27,DE,26-35,retail,2024-01,True
0ca129fa865880dd,NL,36-45,retail,2023-06,True
cff9c91c69765fc8,FR,56-65,student,2023-05,True
7326969e07ed0518,FR,36-45,student,2023-10,True
00c4d9d1678c41d0,NL,36-45,business,2021-08,True
abcbd0624e87b055,ES,36-45,retail,2023-08,True
3a9dec5550972568,DE,36-45,premium,2023-06,True
b05177794ff4e960,DE,36-45,retail,2022-09,True
806cf3d9401fed7c,DE,56-65,retail,2023-10,False
1b9a72efacacd2b7,DE,18-25,premium,2023-11,True
bb675f71f6e9e47d,SE,18-25,premium,2023-10,True
277bf2fcb8fa20e6,PL,46-55,retail,2023-09,True
f0e7ca413d254c6f,PL,56-65,retail,2024-02,True
e1ffd495264a8f02,ES,26-35,business,2023-03,True
20b4268e36ab8e57,DE,18-25,retail,2024-01,True
ce20f696d28217f0,IT,46-55,retail,2022-10,True
dba4ecda4004c649,IE,26-35,student,2023-09,True
4629d8900853e8da,SE,46-55,business,2022-02,True
cc18508d944ee603,FR,56-65,student,2023-09,True
7e71e346bfc6449f,DE,36-45,retail,2023-12,True
9863cf552a908d1b,IT,36-45,retail,2024-02,True
cef6deab80394601,FR,36-45,retail,2024-01,True
3dec7b659219f399,IE,66+,business,2023-07,True
afac7952a5732db9,ES,26-35,retail,2022-12,True
a8f7123a08f96752,DE,46-55,retail,2022-08,True
7762907b7f32af00,FR,36-45,premium,2023-10,True
3391323edc4cf2f2,DE,66+,premium,2021-07,True
1c655efa19bdecf6,FR,56-65,retail,2023-08,True
f8b76d9fdcc1789a,DE,36-45,student,2023-02,True
d3cac0784b40dfc9,DE,18-25,business,2023-07,True
0a0497b82c31f7f9,DE,26-35,retail,2021-10,True
3a1594428ff179f6,DE,18-25,retail,2023-08,True
88798b00666ab886,DE,46-55,retail,2023-12,True
c7108b88784ece0f,DE,26-35,business,2021-01,True
4209c32435cc3ec9,IT,46-55,business,2024-03,True
ef4955556ad36dff,DE,26-35,premium,2023-09,True
923e562edff6f641,FR,36-45,retail,2024-02,True
6f23ac9ad70527d7,SE,36-45,retail,2023-10,True
6758c7f3521ab897,ES,26-35,premium,2023-09,True
57c449ec913480bc,FR,66+,retail,2024-03,True
d044c04302086159,DE,46-55,business,2023-05,True
23f1d87df88d9878,DE,66+,student,2024-01,True
2b80269afad3e242,PL,18-25,retail,2024-03,True
c687b0de663faab1,NL,56-65,retail,2024-03,True
c1be31d26497419c,DE,66+,premium,2023-11,True
47b095bf74d7f5a4,PL,18-25,business,2019-08,True
61c45a8709c92a60,SE,26-35,retail,2024-02,True
7f923a77ee13c156,FR,46-55,student,2019-11,True
08ccfc88c0d87785,NL,46-55,student,2016-01,True
00aaa0cb0abf9494,IE,46-55,business,2022-03,True
592d4f1b39578748,ES,26-35,retail,2023-01,True
a07aff2f54673c85,FR,26-35,retail,2023-06,True
4a25765b00ad07f1,FR,18-25,retail,2024-01,True
9295a946f623ae92,IT,26-35,student,2024-02,True
68a84e732553de00,IE,46-55,retail,2022-11,True
bf181bd7dae4b27c,ES,46-55,retail,2023-06,True
f81a4ca75341c5b8,ES,26-35,retail,2023-06,True
e05de810162254ef,IE,36-45,retail,2023-12,True
9771e663772e33f8,SE,36-45,retail,2021-07,True
20b628ac06589299,IT,18-25,retail,2024-01,True
32512f6f22d247fd,SE,46-55,retail,2022-09,True
3f94e889f5b0a2dc,PL,56-65,retail,2024-03,True
d1e20417735e4835,PL,36-45,retail,2024-02,True
8c855992e9ef5be6,PL,56-65,retail,2021-10,True
92d7756f4cc3a507,PL,26-35,retail,2023-07,True
d9e64ceac06c7791,FR,18-25,business,2024-03,True
34d4a14920484929,ES,66+,retail,2020-11,True
b7a14a04730926e4,SE,46-55,retail,2023-11,True
714031476eeac1ae,DE,26-35,premium,2022-09,True
52dc05de7478860b,SE,46-55,premium,2023-02,True
c311869d66308409,IT,26-35,premium,2023-07,True
1845f59ee21d1bad,DE,18-25,retail,2024-02,True
9db69758f6c7b22b,FR,46-55,retail,2022-09,True
3dc1aa8967855847,ES,18-25,business,2020-08,True
01c5505284600d3f,PL,56-65,retail,2023-08,True
d6cf3c0a0f319a10,NL,46-55,retail,2017-07,True
f6fd26f3e8eb6cc1,NL,46-55,retail,2022-12,True
73f20229faa093d7,PL,46-55,business,2023-09,True
3e037b92c7b9ed7e,FR,18-25,premium,2023-09,True
7e57f073f71d58fa,IT,26-35,retail,2024-03,True
0cf56e515bb79e0a,DE,46-55,student,2023-12,True
e9a70fa9120dfac1,SE,36-45,premium,2023-05,True
014f86793df07bf4,IE,46-55,retail,2023-07,True
0eefa287b98e7276,IT,36-45,retail,2022-04,True
7570e3b7e959d47c,ES,66+,student,2024-03,True
47b1dc3bf203fc6c,FR,36-45,retail,2023-05,True
50d47f41d028d4c4,DE,56-65,premium,2023-07,True
709c2fb61f20b0e6,FR,46-55,retail,2021-05,True
ee8ced175a00a4a7,PL,56-65,retail,2024-03,True
7b032203fd5f9104,PL,36-45,retail,2023-09,True
25072e3f2d0481e6,NL,36-45,retail,2023-07,True
6a72651afc827394,PL,46-55,business,2024-01,True
4e3a334664fe645d,DE,46-55,business,2022-03,True
d7d491c7187a4e89,FR,36-45,retail,2021-10,True
a308a9076efbbc80,FR,18-25,business,2022-06,True
11a3f67b9e51b5f4,FR,36-45,premium,2022-12,True
e0de885ccd99c88a,PL,56-65,business,2024-01,True
d33000396d94b18f,NL,26-35,student,2023-11,True
e4e129e62139cd23,PL,18-25,premium,2023-11,True
94db98a57c1a1705,DE,26-35,retail,2023-10,True
8dfbf9306db4310f,DE,18-25,business,2022-11,True
4ea3d0297afc2efc,IT,46-55,premium,2020-01,True
556ced0e70999095,ES,18-25,student,2024-03,True
af8ea5e9922bf0d3,NL,36-45,retail,2023-04,True
137f0f090153e074,ES,18-25,retail,2023-11,True
bbc67e81b6f4095e,IT,18-25,business,2023-07,True
dda4f5202ff7b3cf,NL,36-45,retail,2023-05,True
0529480c9dcf63de,FR,46-55,business,2023-02,True
2bad186b684859cb,NL,26-35,retail,2022-04,True
8d8e289b8cb11e00,IT,36-45,student,2024-02,True
00d612a166c08739,IE,26-35,premium,2024-01,True
751bb5a8f58cca64,IT,46-55,business,2022-05,True
fb7d3852cd58ec45,FR,46-55,retail,2022-12,True
33c48658a94e6453,IT,18-25,retail,2022-06,True
500daf28c28c7160,DE,18-25,business,2022-02,True
9a4c759862938010,FR,36-45,student,2022-03,True
ac255f678bd54bfc,ES,46-55,retail,2024-01,True
281187cea15435f2,PL,36-45,retail,2024-02,True
48be6e95588067fa,ES,66+,retail,2023-03,False
5d6f401bdabf52c2,FR,36-45,student,2024-02,True
6227035d88635786,ES,56-65,retail,2023-06,True
35f11b36d5a1c26d,PL,36-45,retail,2021-09,True
4ea6c343c2d3d385,IT,36-45,retail,2023-04,True
8bb4b3fe19bdfe0b,DE,46-55,premium,2023-01,True
8f9cd2b534a82d5a,DE,46-55,retail,2022-06,True
a174ded8d238cc8d,DE,36-45,business,2022-06,True
f558c8203c6298d1,PL,26-35,retail,2021-08,True
2340d9aabf3df742,SE,26-35,retail,2023-12,True
7b9cc1cee678e688,DE,26-35,business,2023-08,True
5a54b3fac8aba0f4,PL,26-35,retail,2023-04,True
a73b8750d9633bc9,SE,26-35,business,2022-09,True
d7cbbb4d8292c65d,DE,26-35,retail,2023-11,True
daac8dc676aad796,DE,36-45,premium,2024-03,True
8c2b803c9dfd8a6b,NL,26-35,retail,2023-11,True
4a6ab9989dee34e8,NL,46-55,retail,2024-01,False
55e6187ec5b62477,IT,26-35,student,2023-12,True
8a1a59b1e2537aac,NL,46-55,premium,2023-05,True
f13baa760e15fec0,FR,46-55,retail,2023-11,True
a200d00b928b4bcd,IE,36-45,retail,2023-08,True
e194456cf0050fa4,SE,36-45,premium,2023-10,True
e5259be8b10841f1,PL,66+,retail,2024-02,True
aa4f90d58c5bd362,IE,26-35,premium,2024-03,True
2121be8c82ec861e,PL,56-65,retail,2022-09,True
aa55c22a5b14e3aa,PL,26-35,student,2021-03,True
d0c1670372aa8b85,DE,26-35,retail,2024-01,True
2c7b21fa012c3b09,SE,46-55,retail,2023-12,False
40b443e12b980a17,FR,26-35,retail,2023-09,True
41ced72b873fd7db,ES,56-65,retail,2022-05,True
2fcf1c8ec69a2110,IT,26-35,premium,2024-03,True
2dcf6c225d667bd6,DE,26-35,business,2023-04,True
7d9b281b08b3c1dd,SE,46-55,retail,2024-03,True
2926fb0cb0c1405e,SE,36-45,retail,2021-09,True
443f170140b084a6,IT,26-35,retail,2024-02,True
1b95614e023b49e3,PL,46-55,retail,2023-07,True
d446096992f0c627,ES,56-65,retail,2024-03,True
b4ee8bd09d69929b,ES,36-45,retail,2023-05,True
d19a0cde84766571,DE,26-35,retail,2022-02,True
a1408b39065af410,DE,26-35,retail,2022-10,True
d2ae39cccbda1173,SE,56-65,business,2024-03,True
b2badbff28256022,ES,26-35,student,2023-12,True
84e9a17bb9ab99fb,PL,56-65,retail,2023-09,True
417806e4f66d88df,FR,26-35,retail,2023-08,True
6b1279b89e5ac04c,PL,56-65,retail,2023-01,True
4a72b25b65d40d50,IT,36-45,retail,2022-05,True
11f8b5d065072b21,PL,26-35,premium,2022-04,True
ff413cdfb74e41e7,DE,46-55,retail,2024-03,True
dc44ed2dfc9c773b,IT,18-25,premium,2023-03,True
12de98479a7dd8c7,FR,36-45,business,2021-10,True
8d0e06321205d742,PL,36-45,retail,2023-02,False
734891b41f7c925d,DE,26-35,premium,2023-09,True
d156d505f0f15213,FR,46-55,retail,2023-10,True
4ecbc5224ff8e873,SE,18-25,retail,2022-06,True
2fc601ac066cb423,FR,36-45,retail,2021-12,True
d390dae1aa3c9d32,ES,46-55,retail,2023-08,True
c2e1fd73916cdbdf,DE,18-25,business,2022-05,True
e21fa984ca8f1bcf,DE,36-45,retail,2022-11,True
69d8ea50f0096c22,NL,26-35,retail,2021-04,True
a48932ebb37d4cbd,DE,46-55,retail,2023-04,True
09ea93d71d67db12,FR,46-55,retail,2023-05,True
815cfd9859dd6b09,NL,26-35,student,2024-02,True
911f96a0e4ecadba,PL,18-25,business,2023-07,True
ee1a9be3b3cd6e30,IT,36-45,retail,2023-10,True
ff13d1fbb5b25207,NL,46-55,retail,2022-08,True
258fa3c6896df544,DE,26-35,retail,2021-09,True
9b8f752435cc9a59,PL,46-55,retail,2023-07,True
f7bd1ac690170a77,DE,36-45,premium,2023-12,True
8fada58213ab2822,SE,36-45,business,2021-05,True
2f7e4b8524152da1,FR,36-45,retail,2023-05,True
1f14eff49a19bc56,DE,36-45,retail,2024-03,True
e84b7b711cb21dde,DE,18-25,student,2024-01,True
48b00840c63345ac,NL,36-45,retail,2023-10,True
69212f4079032e08,DE,56-65,retail,2023-04,True
74d029572fe4645d,NL,36-45,retail,2021-10,True
43c357b8cc5031e0,FR,26-35,retail,2023-12,True
fc7568fdea5306d7,IE,26-35,retail,2024-01,True
cad253661ced66bf,IE,46-55,student,2024-02,True
41e3add6835a48ee,FR,46-55,student,2023-04,True
e6fa4b5a099e6599,PL,36-45,retail,2021-12,True
7e9ed20f570ac17f,FR,36-45,retail,2023-10,True
f00ec8de9ce5ba31,PL,36-45,retail,2024-03,True
d1b11fc40c3be002,FR,36-45,retail,2021-12,True
f2214723a57f6370,IT,26-35,retail,2023-05,True
fb24e42bf1ed1866,ES,26-35,business,2022-08,True
25ffca12a36656dd,FR,26-35,student,2022-06,True
33f8980c629becf7,IT,26-35,premium,2024-03,True
306236fb837ecb3d,IT,46-55,retail,2023-10,True
13f44c97ddc59f53,FR,18-25,business,2022-11,True
00b776aea445e523,IE,66+,retail,2022-02,True
9af7c8a42cf1c405,DE,36-45,premium,2024-01,True
49c961aafc5aa373,PL,46-55,business,2023-10,True
c22f802370718d96,NL,66+,premium,2023-06,True
ca85e36653cff5fa,IE,46-55,premium,2024-03,True
2e1c358915239611,NL,36-45,retail,2021-09,True
5982a4e92a3dd93f,ES,36-45,retail,2024-03,True
0c69e546380b707a,DE,18-25,retail,2023-10,False
6549aeab75892bbc,DE,46-55,business,2022-07,False
d20c92c2c414ff1d,ES,36-45,retail,2022-12,True
f8f9fed5ebbb8250,SE,66+,retail,2022-10,True
c26206ca966ff315,ES,36-45,business,2023-12,True
d39ac5934886d824,SE,18-25,premium,2022-06,True
8b65970b9d10a1ed,DE,46-55,retail,2021-10,True
87fd0e3be43b548f,FR,46-55,premium,2024-01,True
13c675bf1bb3aa47,SE,36-45,premium,2023-06,True
4af21525a71ffa1f,PL,26-35,retail,2017-12,True
19783cb2208e1da2,FR,56-65,retail,2024-02,True
a5bb5449ddb3c13e,DE,26-35,retail,2024-01,True
43f40b51239da864,FR,36-45,business,2023-04,True
82eaf7f81984d16e,PL,26-35,student,2024-03,True
da52115c14f37304,IT,26-35,retail,2023-12,False
1770286c787ba1ff,SE,36-45,premium,2022-01,True
385a73847b9735c9,FR,56-65,premium,2023-04,True
47a40b51e27c7e48,PL,36-45,retail,2023-09,True
8e8224b4be2a7508,IT,46-55,retail,2024-03,True
fa785c9e65596afa,SE,36-45,retail,2022-06,True
12f996be762f997e,FR,18-25,retail,2023-12,False
bc705f0daa6d28a2,SE,18-25,student,2023-12,True
75b4f75d51433f4d,FR,26-35,retail,2023-09,True
cc1a481ac7691682,PL,46-55,student,2023-08,True
36b5eda7e884a562,PL,36-45,retail,2024-03,True
f13543d964e30e83,ES,46-55,retail,2024-02,True
e6411aba0dac726b,PL,36-45,retail,2020-08,True
53942d46b9bc3977,SE,26-35,business,2021-11,True
811f5b4e5ee60fa5,IT,56-65,premium,2023-11,True
0f03e1f2263785b7,FR,36-45,retail,2024-01,True
59d48469f0dfdffd,IT,36-45,retail,2023-09,True
55bf747c571b3f32,ES,36-45,retail,2023-02,True
e9d7732f813845b0,PL,36-45,business,2021-02,True
4b7d9b4b047989b4,IT,66+,business,2024-01,True
ce765a96dcc57d43,ES,18-25,retail,2023-11,True
c1f0e4a121f325fc,FR,36-45,premium,2023-02,True
33e640565354b1c5,IE,46-55,business,2023-03,True
5a0ab501bb27e54e,NL,36-45,student,2022-09,True
1d35c9d73242f818,FR,26-35,business,2020-03,True
56993778d722e489,IE,56-65,business,2023-10,True
602a4ce8a520defb,ES,26-35,retail,2023-08,True
788f2a3cbc114d95,DE,46-55,retail,2023-10,True
a91a4918b83687a6,DE,46-55,retail,2021-01,True
5d5f19804d25b2dc,DE,36-45,student,2024-03,True
aa91b183b9d185c9,NL,46-55,retail,2023-05,True
220b9ecdeff21837,ES,36-45,retail,2023-03,True
0f5b93049f7fba26,IT,66+,retail,2023-08,True
d4e5b83693c96e25,NL,36-45,retail,2023-09,True
a3294313104bfbd3,DE,36-45,student,2018-02,True
24e752749e8b3c0c,DE,26-35,business,2022-07,True
f2240c1a4905661a,DE,56-65,business,2022-08,True
1a2ee7bc0dbc24ac,NL,26-35,business,2022-10,True
796190983afc5c23,SE,18-25,retail,2024-01,True
d24153ab726101fb,DE,18-25,student,2022-07,True
d262be9595d1d7fd,DE,46-55,business,2023-02,True
b61d42f2298f3b7e,DE,46-55,retail,2022-03,True
8f7cd2e9b025a4f3,FR,26-35,retail,2021-08,True
570ef2f48efd7322,ES,18-25,premium,2023-10,True
057a644397e8a2b8,FR,56-65,retail,2024-01,True
f2f2348030263d75,IT,26-35,retail,2023-06,True
8f2ff049f3a1798f,FR,26-35,business,2023-04,True
f659e4de84ff1363,IE,36-45,retail,2023-12,True
c92e990ec32d2e54,NL,36-45,retail,2021-03,True
cc791ef054c98f29,NL,36-45,retail,2020-05,True
10b8d8edae9bf44e,IT,46-55,retail,2023-09,True
5793186074993df3,SE,26-35,retail,2023-06,True
1c16766a597029f5,IT,56-65,retail,2024-02,True
c554d0b2df26b598,DE,36-45,retail,2019-10,True
0d4c8ca85546e3bc,FR,46-55,retail,2022-03,True
85111c093533d6eb,PL,36-45,premium,2023-09,True
df78ebc72a4682ac,ES,36-45,premium,2024-03,True
9292283bf8e51a00,ES,26-35,retail,2024-01,True
01f13b33878d5cff,ES,36-45,retail,2020-12,True
c26f8bf48fdbe04e,ES,56-65,retail,2023-12,True
329733bb8cdeafd2,FR,36-45,retail,2024-03,True
db12432ba54cbc02,IT,36-45,retail,2023-07,False
2448bc2820c282b6,DE,18-25,premium,2020-12,True
207449685b75bf41,ES,56-65,retail,2021-10,True
9af8be1ccc2d807a,ES,36-45,retail,2021-09,True
9d40866e458d7244,NL,46-55,business,2023-09,True
3b7ac8b3892e1345,NL,56-65,premium,2023-10,True
30d635cbd511c34b,FR,36-45,retail,2022-12,True
db5896be58678861,ES,66+,retail,2023-04,True
12f82f67a668788f,SE,26-35,premium,2023-01,True
4159394c34ec194a,NL,26-35,retail,2023-09,True
67057a315a1ae3f1,DE,26-35,student,2021-03,True
faf3578cb51fa706,PL,36-45,student,2023-09,True
7ac69b3ba0d01fc0,DE,26-35,retail,2023-01,True
0277eb19f32e14c6,DE,46-55,retail,2022-12,True
7d944bdad2350312,ES,46-55,retail,2023-12,True
b5825d126f65be67,FR,26-35,student,2023-09,True
507d03df0e38b06a,DE,26-35,retail,2023-05,True
06a5b3c73894104a,DE,18-25,retail,2023-08,True
1df1a231079de2c2,IE,46-55,retail,2023-11,True
4c45ddbb79f187f5,FR,36-45,retail,2023-11,True
197f7c7d958bcf0e,FR,36-45,retail,2021-11,True
8dde4b39466a6f25,IT,26-35,retail,2023-08,True
6aa46f2d16684fc9,IT,18-25,business,2024-02,True
2a6d6399c06d722c,IT,26-35,business,2023-07,True
63034e15dac737bf,ES,36-45,retail,2024-02,True
a4072b9c7478e2c4,PL,46-55,premium,2023-05,True
e5f1ee149f053998,ES,26-35,student,2020-09,True
cb63f10a25688907,FR,46-55,retail,2024-01,True
ba18f3781dd34c6c,IT,56-65,retail,2022-05,True
f7c864beff076450,SE,18-25,premium,2023-05,True
857d38627a430636,IE,36-45,retail,2024-02,True
767caf54d709d001,DE,26-35,business,2020-08,True
9ff12eabbc312f89,IT,56-65,retail,2023-03,True
fe7ffec9f6cc4c59,NL,36-45,business,2023-06,True
481b851fffe373ec,ES,26-35,business,2024-01,True
120d63e3f101e9cd,DE,18-25,student,2019-11,True
cb6fb720ad0aa47a,DE,66+,premium,2023-05,True
89d4f8a79f9e5006,FR,36-45,retail,2022-03,True
e27464d0eac3f2c9,DE,18-25,premium,2022-06,True
8095f8bef885ed49,IT,18-25,retail,2024-03,True
cc03e8d5245d7ef4,IT,26-35,premium,2022-11,False
c1f73b6545582f7a,DE,56-65,premium,2023-05,False
e40c42bf481c42ad,DE,18-25,retail,2023-06,True
4858e05d55acdfb0,IT,46-55,retail,2023-10,True
92c86f987bbb1022,DE,36-45,retail,2022-05,True
67363916d9cd0794,ES,46-55,retail,2023-04,True
6412845e8e2ee344,IT,26-35,retail,2023-03,True
fee0f273125de389,FR,26-35,student,2023-06,True
b0d9f7559c55ffcb,FR,46-55,student,2023-11,True
59df79c4cb063f2f,ES,56-65,business,2020-02,True
47787f59267a7a2d,DE,36-45,business,2021-02,True
8c426bc7c0c60ef3,IT,36-45,retail,2024-03,True
0ed541dabac99a76,SE,18-25,premium,2024-01,True
a03be45709527711,NL,46-55,premium,2023-10,True
fdcf8c2fde01ef1a,IE,46-55,premium,2023-08,True
0b7f1d13ab8c01b0,DE,56-65,business,2023-09,True
6e134ab571cd482f,DE,36-45,retail,2023-12,True
776436438dfb73e9,IT,46-55,student,2023-07,True
e56294b19b262b05,SE,46-55,premium,2023-01,True
53e93c67c76bcd03,NL,26-35,business,2024-02,True
22a6ebf053f70743,DE,56-65,business,2024-03,False
637e6e2b086fae85,IT,46-55,student,2023-07,True
4aaa010f650e0a7f,ES,36-45,retail,2023-12,True
feff58e1ca9c629a,FR,36-45,premium,2023-09,True
4cec94f39798817c,NL,66+,retail,2024-03,True
f29f55ca7d2c4e2a,PL,56-65,retail,2021-07,True
1585e0169c219b25,PL,56-65,student,2021-09,True
19208ddaffc59990,DE,66+,student,2023-06,True
6b5cd15bb107b1bf,SE,46-55,retail,2023-03,True
ccd2bc31f38aeb1a,NL,26-35,retail,2023-02,True
adc1f4d483387106,ES,26-35,retail,2021-06,True
b948a1ab3798bc23,SE,36-45,retail,2023-12,True
d021731f0438be3a,SE,56-65,premium,2021-10,True
bfb917577feae073,IT,36-45,premium,2023-09,True
874e9fcc7790aea5,ES,26-35,retail,2023-08,True
0034164615622bc2,ES,18-25,retail,2023-04,True
91209440864f61b5,PL,36-45,business,2024-03,True
815c19b23633b7c0,FR,46-55,retail,2024-01,True
d3eb5a9b9cc140d4,DE,36-45,student,2022-12,True
5ff4ba7b1ab69a1b,PL,46-55,retail,2020-07,True
82f4808eb4c688d5,NL,36-45,business,2022-12,True
54eb9dbbc32431d4,IT,26-35,retail,2024-03,True
e935cc3b7ffc6c90,ES,26-35,retail,2023-06,True
0528d26577a8dcf6,ES,46-55,premium,2024-02,True
3d536a9005e2daa5,DE,66+,premium,2024-03,True
b0017214045ce8f2,NL,56-65,premium,2024-02,True
3465e75816440a88,DE,46-55,premium,2022-10,True
29400e544ec9393c,SE,46-55,retail,2023-01,True
97233f43a7bfa5b6,PL,36-45,premium,2018-08,True
bd7f39a5be8989a0,SE,36-45,retail,2023-11,True
8ee73fcf155427aa,FR,18-25,student,2023-02,True
e2322d3f0b4f1498,DE,26-35,premium,2023-01,True
d00235105912037e,DE,36-45,retail,2023-03,True
710676e7f466b522,FR,56-65,retail,2023-12,True
8e7ab4fc418e9b74,NL,56-65,business,2023-08,True
c96714d2b0ac93ab,FR,66+,premium,2023-12,True
871da7289fc34b19,DE,46-55,retail,2023-01,True
e19a7f8d6ab3ada0,IE,46-55,retail,2022-01,True
2e90d904c0fac0fd,ES,56-65,retail,2020-07,True
0a6c8594272c6db0,PL,26-35,business,2024-03,True
03c20f4ec187d305,IE,18-25,business,2023-10,True
01b9e5b325931ddc,NL,26-35,student,2024-01,True
bd876d529f965acd,ES,36-45,premium,2022-07,True
af02c306999666da,DE,36-45,retail,2024-03,True
e478c69f8eaf5823,FR,46-55,student,2023-06,True
3df371514cc86432,FR,36-45,retail,2023-07,True
69cf368405bafb72,PL,46-55,premium,2024-02,False
12099fecf9093ab9,IE,36-45,retail,2023-07,True
b7adbe374a876582,PL,36-45,student,2022-08,True
d25d331a7ce5e5c9,SE,46-55,retail,2022-12,True
47796b437d3ada22,NL,18-25,premium,2022-06,True
99f5d89b1e685f83,DE,36-45,retail,2023-02,True
fb77eece71fce259,DE,56-65,business,2023-10,True
243631fb973fee7f,FR,46-55,retail,2024-03,True
a46324bb6a481ce3,PL,66+,retail,2024-02,True
90e12436934f45f7,IT,18-25,student,2023-01,True
9b426c6868756997,SE,46-55,business,2023-08,True
f4b73f4a66e63ec3,ES,46-55,business,2023-09,True
265ab5f767047618,PL,46-55,retail,2024-02,False
4328e27b38206ea1,FR,56-65,student,2024-02,True
8a21311a935a2ad4,FR,36-45,student,2024-03,True
292313c8179085ee,PL,18-25,premium,2022-06,True
c0898cee5b0aa1f9,ES,18-25,retail,2022-03,True
43e83b381ee900b5,DE,26-35,business,2024-02,True
7064a9ff9f84c37d,ES,18-25,retail,2022-11,True
a1af797972b56a56,IT,36-45,retail,2021-07,True
38df64be54215da7,IT,36-45,retail,2024-02,True
c69ee498454fb6a5,NL,26-35,retail,2024-02,True
d09195ef7e70cacd,PL,56-65,student,2020-10,True
77411acf66a3def8,FR,66+,premium,2023-05,True
16aaeb7e0607826d,IT,26-35,student,2023-09,True
70c60f317ea8577a,ES,36-45,retail,2023-02,True
ef8d3fdb9c0bd61c,IT,46-55,retail,2023-12,False
9fab331cecf8d275,DE,46-55,business,2022-12,True
a1855c0d61ef50ee,PL,36-45,retail,2023-12,True
f1125177dde55a21,PL,36-45,premium,2022-03,True
d98cf7dee0d4c4db,DE,46-55,student,2021-08,True
ba362cae7a3dbf8a,NL,46-55,retail,2023-02,True
1def1356310c53c8,IT,26-35,retail,2023-11,True
0a333e7b7f37ca72,FR,36-45,retail,2023-06,True
9367471b1a307c1e,ES,26-35,retail,2023-10,True
1c26d8ced3335c0e,SE,36-45,premium,2023-12,True
5e65dd660c54230e,IE,36-45,student,2022-12,True
e3b3c5d430fd6502,NL,46-55,premium,2020-10,True
6665c24a06eed7b7,PL,56-65,retail,2023-12,True
7c62d27669afa80b,ES,46-55,business,2023-08,True
13befb47d468cd59,SE,46-55,premium,2023-03,True
87732b032cc471b4,IT,26-35,premium,2023-02,True
d56d0fba520bb9ac,PL,36-45,student,2020-05,True
a59922b877db1ce5,ES,36-45,retail,2023-12,True
b1e944e49dbd547e,DE,26-35,student,2023-11,True
b8cf0474c9c73a74,IE,56-65,retail,2023-02,True
03a0295605394174,FR,26-35,retail,2018-12,True
fbc1d169df156354,DE,18-25,retail,2022-11,True
6f579936bedbe5f2,DE,26-35,retail,2023-06,True
f5d8c00df1f79f8c,IT,36-45,retail,2022-11,True
cb2f7794df25ca79,DE,66+,student,2023-07,True
954be1047b6bb055,SE,66+,premium,2024-01,True
bbfaa5425a21349f,NL,26-35,premium,2022-01,True
7cd968641740f579,DE,36-45,business,2023-05,True
7cdd4fc755e88ca1,IE,36-45,retail,2022-07,True
4dfccd0521a42001,IT,26-35,student,2023-03,True
08b1a6a1e11ae314,SE,26-35,student,2023-09,True
8b187e2a53555637,DE,46-55,retail,2023-05,True
8b56bce2d9d8a01e,ES,46-55,retail,2020-07,True
c2ecac5e3d0351df,ES,46-55,premium,2023-10,True
575dd8557df3f8da,DE,46-55,student,2023-09,True
f5648727d4e9e3b5,PL,46-55,retail,2024-01,True
029b67399169f893,FR,36-45,retail,2022-02,True
50174df4e1e4da4d,FR,18-25,retail,2023-09,True
ed073fb114c511c7,DE,26-35,retail,2023-10,True
82db44ca1cc8f788,FR,18-25,premium,2023-06,True
97dcb405e0ced932,NL,18-25,retail,2022-06,True
2529bb194cdccb38,IT,66+,business,2023-03,True
3614b66c2fabec9b,IT,36-45,retail,2023-05,True
d894351ee4ddfe6b,SE,56-65,retail,2024-03,True
abc12e092c4b596b,DE,46-55,student,2023-04,True
8bfdc9272161d9cd,ES,18-25,retail,2022-11,True
7d151084018f7c01,PL,18-25,premium,2024-03,True
49bb2bb7ab6e0da0,ES,18-25,retail,2022-06,True
91812e88349bd9e7,SE,46-55,retail,2023-03,True
448db676d635950d,DE,26-35,retail,2019-04,True
32f15045c8e32cee,DE,46-55,retail,2023-12,True
a9fe0a51e539e7ae,ES,46-55,premium,2022-12,True
7bef38ab7148ded1,SE,46-55,retail,2024-01,True
acdc7ccd0034dc50,FR,56-65,student,2023-12,True
62ca6a2f90af6cf3,IT,36-45,student,2024-01,False
1099b525f0c3ee1e,NL,36-45,premium,2018-11,True
1f1b4b670a90125d,DE,18-25,retail,2022-05,True
0fbbd04f83b07af4,IE,46-55,student,2023-12,True
8f68116a714af4d4,FR,18-25,premium,2022-08,True
f2ed3f4fd03a6b73,SE,36-45,student,2023-12,True
9c5d4c8e152d987b,PL,26-35,retail,2019-11,True
0f73d97f454644ab,DE,56-65,student,2019-12,True
67bbff29b3b7c4e5,DE,46-55,retail,2023-01,True
a30d0f322388b5ea,DE,46-55,retail,2023-07,True
a4843c367ba12909,DE,36-45,retail,2023-09,True
662ce5f2fd7a1dde,PL,46-55,retail,2024-01,False
31c6785f27d3bfdd,FR,46-55,premium,2018-03,True
3adc902ad01c2e3f,DE,36-45,retail,2023-07,True
beca71c1b3f5dff4,ES,36-45,business,2022-12,True
65ddad3a7c063c9c,FR,46-55,retail,2024-02,True
18e085405349d76d,FR,46-55,retail,2024-01,True
25e21444e03b236a,FR,36-45,business,2023-06,True
b5f6c879278fe47a,DE,26-35,premium,2023-12,True
b9ba00f347783c58,ES,36-45,retail,2023-03,True
8fcb986c8bb8b2d7,IE,56-65,retail,2023-10,True
fe7eb4455283a7ee,FR,26-35,retail,2024-03,True
7020a3a4c4af8bdd,NL,36-45,student,2021-10,True
41dd48f320647b98,PL,26-35,retail,2023-11,True
58a11bd5c0bcee3f,PL,18-25,retail,2023-03,True
48f42515c695567a,FR,66+,business,2023-11,True
41010cdd51309268,IT,36-45,retail,2022-12,True
b0ca29e9a5335f4b,DE,66+,retail,2023-09,True
8bec8bde720c32c5,NL,46-55,premium,2023-07,True
8582328a79290373,ES,36-45,retail,2022-04,True
2e90e324bc407516,NL,66+,retail,2023-09,True
5f639a3a9a11574f,IE,36-45,retail,2021-10,True
79d1e94e0a112613,IE,46-55,premium,2022-08,False
12861fec58e3ed82,ES,18-25,student,2022-11,True
29170ad4128ddbf2,PL,18-25,retail,2024-02,True
ff5867903f03f624,PL,56-65,retail,2023-12,True
c5687933368dbeae,NL,36-45,premium,2023-03,True
1e3b1d65f3d4f209,NL,46-55,premium,2023-03,True
00fcfd28f5e3a44d,SE,36-45,retail,2024-02,True
5581e1c6dc6e82b3,DE,36-45,retail,2024-03,True
6abf47d570c6f840,ES,26-35,retail,2022-10,True
4203137f5a9a2a60,IT,36-45,retail,2023-05,True
35838fd215fdf063,FR,26-35,student,2024-01,True
69cdabc87c7db442,DE,46-55,student,2024-02,True
3db4b754e3854a82,FR,26-35,retail,2023-06,True
ba7e5d82b0b24463,DE,46-55,retail,2023-07,True
c78a9364c8e03742,DE,56-65,student,2023-09,True
8134820bd0c27c9c,ES,26-35,business,2023-05,True
bdca81ce3f80850d,DE,46-55,retail,2019-03,True
0717e6b3140bf72f,IT,36-45,premium,2023-05,True
ab331286ca2808dc,NL,18-25,retail,2023-02,True
a8263ca5f92e00de,DE,36-45,retail,2024-01,True
2dbe6f4ba2f3bc67,FR,18-25,business,2024-02,True
51431c799eb9b005,DE,46-55,retail,2022-11,False
23912b19789fcb02,FR,46-55,retail,2022-04,True
8414cb951fd464ac,DE,18-25,retail,2021-07,True
2b0fa83cad57283a,ES,46-55,premium,2019-03,True
281cd67378b51210,ES,36-45,retail,2023-06,True
ce74578cfd408e40,DE,56-65,premium,2024-02,True
d64278ed2a759922,NL,56-65,premium,2024-02,True
0c5048025745bdf9,ES,46-55,premium,2024-02,False
49f454e9dac0abaa,DE,46-55,student,2022-02,True
d3051eda19c2b002,FR,46-55,retail,2023-10,True
c025f53de4ee4075,DE,36-45,premium,2022-07,True
418c9b21f6fe881c,SE,36-45,retail,2022-08,False
54ac627963a94949,NL,26-35,business,2024-03,True
5aac22115929c402,DE,46-55,retail,2023-05,True
55c47580338e7912,FR,46-55,retail,2023-10,True
d8569ac452d5f072,PL,26-35,student,2022-04,True
91fd3003ff16cb89,DE,26-35,retail,2024-01,True
42b2475fc57f9b1a,ES,18-25,premium,2023-07,True
d547554b44af796d,NL,46-55,retail,2023-08,True
20d0c99bd5c5994a,ES,36-45,business,2024-03,True
f7e1e0eb330116de,DE,46-55,student,2023-09,True
108868c212215df6,IT,26-35,student,2023-10,True
4008e7b02376c229,DE,36-45,premium,2024-01,True
2789bdca3af47853,FR,18-25,retail,2023-11,True
43b6341b379e0b8f,ES,46-55,student,2022-05,True
24e29da70d3fe849,FR,46-55,retail,2024-03,True
2b1b17360f767a0f,DE,46-55,retail,2023-05,True
ec79c3055d509efa,FR,26-35,retail,2023-02,True
920b372e20db50d9,PL,36-45,retail,2023-07,True
bdc69ae321dac526,PL,36-45,retail,2023-03,True
89e8af88efda3825,IE,36-45,retail,2021-02,True
a68f194acca4534e,IE,18-25,retail,2022-11,True
0c8d52cb3aa4e5ab,PL,36-45,retail,2024-01,True
e230a78269b1711f,IT,36-45,student,2023-03,True
2a65bfd15f296d3b,SE,26-35,premium,2023-12,True
2279bff6ca96e1fb,DE,26-35,retail,2024-01,True
356ae7e3ed44d039,FR,46-55,retail,2024-01,True
e9aa4527a6c9df07,ES,56-65,business,2022-11,True
f6c0917bc1ab64a1,IE,36-45,business,2023-10,True
66a00c31a22c3e88,ES,18-25,student,2022-03,False
0834440dbcee81df,IT,18-25,retail,2023-07,False
6126c823d57626c3,IT,26-35,business,2023-05,True
32c14efd205adefd,FR,56-65,student,2024-01,True
2b1312ea4e3d6dfc,DE,36-45,retail,2023-09,True
5dc0eb50be9a6bbb,IE,18-25,student,2023-11,True
4c270c53f08769a4,FR,36-45,retail,2023-08,True
895a80457000acea,ES,18-25,retail,2023-02,True
61a47aba9b3497ed,FR,56-65,retail,2022-08,True
c21a76ef68e2ccce,IE,36-45,retail,2023-03,True
0d17a10304de034e,DE,36-45,retail,2023-09,True
dd451b8eb8d93372,PL,56-65,retail,2024-03,True
203693e17b67e881,FR,66+,retail,2023-07,True
332be530a6cf2287,IT,18-25,retail,2021-06,True
125290e523e73132,FR,26-35,retail,2021-11,True
a9db57a93a24e3c6,IT,46-55,retail,2023-01,True
c2449e7a129df627,DE,36-45,student,2022-02,True
7cc9899223ae98ba,IT,26-35,student,2024-02,True
4f97b65f5747bb1d,IT,46-55,premium,2021-12,True
baccd5fc2a07d886,IT,36-45,retail,2023-04,True
c9da694b1249be30,ES,18-25,student,2023-12,True
fde9a0a64c5ccb35,DE,66+,business,2023-10,True
f8282f03aa4e7784,FR,36-45,retail,2023-10,True
265b499e703d9192,PL,36-45,retail,2023-09,True
245ec32fc06d3c0e,DE,26-35,retail,2022-10,True
63ad54936bc87ca5,IT,36-45,retail,2024-01,True
9ec91f9d4d314262,ES,46-55,student,2024-01,True
80f5f9bf0aa4825c,ES,26-35,student,2022-03,True
3265f61036c520f7,FR,66+,student,2023-03,True
87e4baebc13669bb,NL,46-55,premium,2022-05,True
d6b566524b644abc,ES,46-55,retail,2023-11,True
678aa8a80f7c91fb,IT,46-55,premium,2024-01,False
704a657246cd7927,SE,26-35,retail,2021-12,True
82be7bb14fe8e10b,FR,46-55,retail,2024-03,True
ae74889cea152f99,NL,36-45,retail,2021-11,True
b6218681b71b49d7,PL,36-45,retail,2022-11,True
4f3ebeaafa15999d,NL,46-55,retail,2020-12,True
bf285b2f24c439f1,NL,26-35,retail,2023-01,True
9245806432048099,ES,46-55,retail,2024-02,True
2a9dc606d6fde8a8,DE,46-55,student,2022-06,True
ecb6433ab0d2bba0,DE,46-55,retail,2023-08,True
ca1de19a786606e6,DE,46-55,business,2021-10,False
8cbb682e7ff383c8,IT,26-35,premium,2023-01,True
ae6a2022d4ecdf42,PL,46-55,business,2021-03,True
6509709af7722952,DE,46-55,retail,2023-09,True
4c1b4f1ed8393f8c,FR,56-65,premium,2023-07,True
10b7fb44248c33b8,SE,18-25,retail,2023-12,True
7ec8b4ef607813df,IE,26-35,retail,2023-04,True
4a9d0710b36513b1,IT,26-35,retail,2020-12,True
39534f075c17248e,DE,36-45,retail,2023-04,True
5830d401bf6308c8,FR,26-35,retail,2023-11,True
e35546c7159c631c,ES,36-45,retail,2024-02,True
d5491ba9dfd4c5ea,FR,36-45,student,2021-07,True
80b47d301cc357b5,PL,26-35,student,2020-04,True
5a130732a9639cf0,FR,46-55,retail,2018-06,True
0a54a454b31983e8,ES,26-35,retail,2023-08,True
dcd38d18e35d2cd3,FR,46-55,retail,2021-11,True
8ed6be16367c4c5f,FR,46-55,student,2023-11,True
653335203b5653cf,DE,56-65,premium,2023-10,True
80ef3e4ab410a59f,NL,26-35,retail,2021-10,True
4e510135f75b7953,FR,56-65,retail,2024-03,True
4fd336935eba4401,NL,26-35,student,2022-10,True
8c968fc081073537,NL,46-55,retail,2023-05,True
fe86b9565ef29fb0,NL,36-45,retail,2021-06,True
2220b516c6d805ab,PL,36-45,premium,2023-09,True
c6cb31c4f81b24d1,PL,46-55,retail,2024-02,True
204e034fdbd77218,FR,26-35,retail,2021-07,True
bbfce73150a6cf2d,FR,46-55,premium,2023-12,True
b0598ad735a215b2,SE,46-55,business,2023-08,True
882736baf57edbaf,IE,56-65,retail,2022-05,True
f0cc62ac9accdf6f,IT,46-55,retail,2022-07,True
9041a52d583bfa69,DE,66+,premium,2023-04,True
7d3f52dd15444e8d,IT,26-35,student,2023-01,True
82ce2d299664c8c8,DE,56-65,student,2023-07,True
7981ad167436aa7b,SE,26-35,student,2023-04,True
447959daff008d82,DE,26-35,retail,2022-11,True
6c4d64d0059b4d2f,DE,46-55,retail,2023-10,True
1572777d8e3dd15d,FR,18-25,retail,2023-01,True
b8707203f6c9d6f8,DE,26-35,premium,2024-03,True
3646f63968cad576,PL,26-35,retail,2024-02,True
f140ce9157ea15c2,SE,26-35,retail,2023-11,True
80165050323baa0a,IT,18-25,premium,2022-07,True
3c04af1cf1539f73,DE,26-35,premium,2023-08,True
5d67b224571c5781,NL,46-55,retail,2023-01,True
2f8d85902628faed,DE,36-45,business,2023-07,True
86b81a7b10d6948e,DE,36-45,student,2020-03,True
17d625142bdd6955,PL,18-25,student,2023-07,True
b1d0ce7f432dd76d,DE,26-35,retail,2020-10,True
658e40b4d5997681,IT,26-35,retail,2022-01,True
69a538e1fe78fd23,ES,36-45,retail,2022-10,True
adc9e0864c3f298d,FR,36-45,business,2023-12,True
7369b347e7627dbd,DE,56-65,premium,2016-09,True
be4d79a9ca239e5b,FR,56-65,retail,2023-12,True
34f11ff5810f2cc1,IT,46-55,retail,2024-01,True
942f70be1f2a7751,SE,18-25,retail,2023-08,True
00fb526140f99443,SE,36-45,retail,2023-12,True
1cb7fe5b4e6cfdab,IT,56-65,retail,2022-08,True
175b1a89223819c7,SE,36-45,business,2022-08,True
cfd562c0ac9fba33,FR,36-45,retail,2021-05,True
23011dd3a788e904,DE,46-55,retail,2023-06,True
204bb63bc10ce96d,DE,18-25,retail,2024-02,True
ce55c6ead4188772,IE,56-65,retail,2023-10,True
8ce55815acdaeb11,IT,46-55,retail,2021-01,False
150682b4417799ed,PL,56-65,premium,2023-04,True
7b20a1c6a5bbbd5f,DE,18-25,retail,2022-09,True
85f198c89c90bc91,NL,46-55,retail,2022-10,True
f99d5369e46a839d,FR,26-35,retail,2023-03,True
b44ea5d60cc38de3,SE,36-45,student,2024-03,True
3ab23a97bbecdb56,IE,26-35,business,2024-03,True
2e67a8580d97afe2,FR,36-45,retail,2023-03,False
259eaccfde7d2415,IE,36-45,student,2022-04,False
fe070716d129bcac,IT,36-45,premium,2024-02,True
c5ae84dc55259462,FR,56-65,retail,2023-09,True
914e02c9b1c3cdb4,IE,18-25,retail,2022-09,True
fc82ddf7ae92b875,NL,26-35,retail,2022-08,True
bbc82a54ef384fa8,IE,66+,student,2023-12,True
447d156b0697baf3,FR,18-25,retail,2023-08,True
b4fe00647816f1ad,NL,36-45,business,2024-03,True
1d00e0152fa3c00a,FR,36-45,retail,2023-06,True
25e1096804ad00bc,IT,66+,retail,2024-02,True
ee4847b533848c78,IT,36-45,retail,2023-12,True
a66a4414b8fc7b7f,ES,26-35,business,2023-08,True
2801464f1a28eebb,IT,46-55,retail,2023-04,False
50c4e93fa0ec604e,PL,18-25,retail,2022-09,True
0394417524ef2632,DE,56-65,business,2023-08,True
60053863d77c2a83,ES,26-35,retail,2023-02,True
c85d9a99c4b1fe98,IE,46-55,student,2023-09,True
50ce3f48914871ce,IT,26-35,retail,2022-08,True
c22b209206b25f1c,DE,56-65,business,2023-07,True
48374c9ce1ff450b,SE,18-25,student,2023-09,True
56ea526296a91bd9,FR,26-35,retail,2023-10,True
7737c259c6fba73a,FR,36-45,retail,2021-09,True
b6f46dbc96b80b51,ES,36-45,retail,2023-12,True
92b2e2d7a07f6880,NL,36-45,retail,2023-06,True
0da95ec921d21588,FR,46-55,retail,2020-08,True
4d23afb812820d7d,FR,46-55,retail,2023-01,True
646b50568492f4a5,PL,36-45,retail,2023-07,False
6d858e6bf3ce8094,DE,56-65,premium,2023-04,True
67d35d09b5fcff3f,SE,26-35,retail,2023-09,True
c049af3771a85246,NL,46-55,premium,2022-09,True
c43974829bfcf6b6,DE,26-35,retail,2022-11,True
57e1ffde25d45ea1,NL,36-45,retail,2023-07,True
2c78b0c84d838c34,FR,26-35,student,2022-04,True
462ddfb9fb92e105,NL,46-55,student,2023-01,True
12586b4abd5f3b40,DE,26-35,student,2022-07,True
4ad1a14564e9eae3,DE,18-25,premium,2024-03,True
5bfc9cef22047f67,FR,26-35,retail,2023-02,True
79863b4cc62075d8,PL,36-45,business,2024-01,True
a1ba0f5f5edfd264,PL,46-55,student,2023-09,True
449fc849ed43f2a2,ES,18-25,retail,2021-07,True
339720c6ccb3a260,IT,26-35,business,2023-07,True
25463a78d68ea5a2,DE,66+,business,2023-12,True
0eb7af82c61dba55,PL,56-65,retail,2022-11,True
95396ca12374ed5b,IT,26-35,student,2023-07,True
6482cf1819716cc4,PL,36-45,student,2023-09,True
e38bead6b933939d,FR,56-65,retail,2023-06,True
c546ff4d7b63149c,FR,46-55,student,2023-03,True
63de9794d5b78651,IT,46-55,retail,2020-09,True
44539db465be255b,ES,26-35,premium,2023-05,False
e5a31e28f57f06e7,IE,36-45,retail,2020-07,False
a01b180b28128c49,ES,36-45,business,2023-06,True
ec09fc5b6f834cbc,NL,46-55,retail,2022-07,True
088f80c08e5871d0,IT,46-55,retail,2024-01,True
707d43fd0d5d95cd,IT,26-35,premium,2022-11,True
6786ec05ee559561,ES,56-65,retail,2023-10,True
7765847e6c531795,FR,36-45,retail,2022-03,True
d94d33e6121cb4bb,DE,18-25,business,2022-05,True
61d5e2321579153c,SE,18-25,business,2022-12,True
fe474f1b8ed5990c,DE,46-55,retail,2024-03,True
afdca1450fc90568,PL,66+,business,2022-06,True
f3d6fc8c56904d53,DE,36-45,student,2023-06,True
c6b928e7fffad55f,IT,36-45,retail,2021-05,True
9caa25a0e899430a,ES,46-55,retail,2023-09,True
ff08b74602ab3a8c,NL,36-45,retail,2018-06,True
38749ff708b32064,DE,26-35,retail,2022-09,True
2043421252e18534,FR,26-35,student,2024-02,True
dd55f6465b5a2aa7,FR,46-55,retail,2023-01,True
66f1dd9f57731ba8,ES,18-25,business,2023-10,True
5da95d0c376e3d43,IT,56-65,premium,2022-03,True
a7f617b5e6625949,NL,26-35,retail,2023-04,True
b31e486df2515dda,DE,46-55,retail,2022-05,True
e3ce616727db8159,DE,46-55,business,2022-10,True
a4c0209ff3443f76,DE,66+,student,2022-08,False
e10a1a06b27ae95d,DE,18-25,premium,2023-04,True
89fa44b2f6d4cce9,PL,36-45,retail,2022-04,True
047a6b01f2049b0e,FR,46-55,business,2022-05,True
0a9327fde4460192,DE,46-55,retail,2020-09,True
64e6a08686ddaec1,ES,56-65,retail,2024-02,True
30ca60b827a70cc5,FR,26-35,premium,2021-09,True
d78376d7a57d65b3,NL,18-25,business,2022-04,True
34b7321a905b5f46,PL,18-25,retail,2021-12,True
8956ff86ab0f5eeb,DE,36-45,business,2023-09,True
92946c0e2a4f1dac,IE,66+,student,2022-01,True
7a614f15240c1dd8,IE,46-55,business,2022-12,True
8fb4e0a5340020c7,DE,18-25,retail,2022-07,False
c84a3d10e8c62bc6,FR,26-35,retail,2023-08,True
317678416a66d8e7,DE,46-55,retail,2024-01,True
117f1e7e22d8ed3c,DE,26-35,retail,2023-08,True
fe478dd827a00f7d,NL,66+,student,2023-10,True
1e8e63ec794898a4,FR,18-25,business,2022-10,True
3abcba636a4b37d8,FR,36-45,retail,2023-05,True
7c0beb8c2b611190,IT,18-25,retail,2023-04,True
2fb061b35ddc76ab,FR,46-55,retail,2023-07,True
11b18dddb21fcd23,SE,36-45,retail,2022-08,True
e9c6de100b6017fc,ES,56-65,retail,2023-07,True
6f026a5b41769659,ES,56-65,retail,2018-07,True
584d19d7904acb8b,NL,56-65,retail,2023-07,True
60c12fd9286b2c51,ES,26-35,retail,2021-06,True
76e40104ed18029d,DE,46-55,retail,2021-09,True
dfa53f5a5a8a6088,NL,46-55,retail,2024-02,True
667a793aa889b12c,ES,46-55,business,2023-06,True
93c059dcbc271c96,PL,56-65,retail,2022-12,True
a169793864e803dd,ES,36-45,premium,2022-03,True
235cfdc94c5ef1d8,IT,56-65,retail,2024-01,True
1a4ed2d00f7b0da5,DE,36-45,retail,2023-07,True
fd685cf661e4c8e9,NL,18-25,retail,2022-12,True
dd8f4c2295cb21ab,IT,26-35,business,2024-04,True
29be969e37151084,DE,46-55,premium,2023-09,True
f542e8a467e6a9ec,PL,36-45,retail,2024-02,True
4e74b59e2bb48202,PL,26-35,student,2023-06,True
71faf64bd5f13809,FR,26-35,retail,2022-06,True
d4ec406e87d35ddf,DE,18-25,student,2024-02,True
b60303a3d9043030,NL,26-35,student,2024-01,True
a26d5a505832b94f,FR,46-55,retail,2024-02,True
5eab45b2e3e49852,DE,26-35,retail,2024-02,True
bdfd47f024895e31,IT,18-25,retail,2021-04,True
338b95e88725fbde,DE,26-35,business,2024-04,True
21d820a953fc5e8f,PL,46-55,retail,2023-10,True
127c561757c6dd96,NL,46-55,student,2024-03,True
600adbccf5138196,DE,36-45,retail,2023-06,True
4fea0b39c907e5de,DE,18-25,retail,2023-11,True
fcb94d41e0200a14,IE,18-25,retail,2021-02,False
6aba250188cf84ac,NL,36-45,business,2022-03,True
e755eda648121592,DE,46-55,retail,2024-01,True
edcd007a1fef2f7d,ES,18-25,retail,2023-07,True
21c02f92b11b8f8f,IE,26-35,retail,2024-02,True
ace7ee1e3c9d7e96,ES,26-35,business,2022-04,True
afd3e4dbca398ac0,DE,46-55,student,2021-10,True
c04c42f553d80eb6,DE,36-45,premium,2023-12,True
748474d8fce67ca6,NL,46-55,retail,2023-03,True
89f268c0414b2368,PL,46-55,retail,2023-10,True
f4da5ccbd7cb70ca,FR,26-35,business,2024-03,True
e3bc76a43e7202eb,ES,46-55,retail,2023-09,True
c2cbb32ee230c8d6,FR,18-25,premium,2024-01,True
d2d6cb51b6f64f8d,DE,46-55,business,2023-08,True
a2e7e6b0935ff40d,FR,36-45,retail,2023-02,True
49a3ebe402160d57,FR,18-25,business,2024-03,True
88f5498495676bc5,IE,46-55,premium,2022-11,True
e0939edc5b40d95e,DE,26-35,retail,2021-10,True
4cf84212dc10418d,ES,26-35,retail,2022-11,True
3022a3790b502e10,IE,26-35,retail,2024-01,True
9a2600db0e5560e0,IT,26-35,premium,2023-08,True
4ccec7978d7e8be5,SE,26-35,student,2022-07,True
140c3e9d3b13643f,FR,36-45,retail,2023-08,True
c641531cc7050a02,ES,36-45,student,2023-05,True
174e0e68189dd127,PL,36-45,business,2016-12,True
b16b71769f7d0242,SE,18-25,student,2023-01,False
1e82f905a8b7b00f,IT,46-55,premium,2023-11,False
9e3ae337401e5a64,DE,46-55,retail,2024-01,True
6b468b845ee13f99,PL,18-25,retail,2024-03,True
c8f4e61f82c7a34d,IE,36-45,retail,2020-12,True
7d428b131533bfaf,IT,36-45,retail,2023-12,True
59184b90a039456c,PL,56-65,retail,2024-01,False
58fd88505e5f3d26,SE,18-25,retail,2020-09,True
c3c5d4362fb6ca30,ES,18-25,retail,2022-10,True
4b7032494a0c2614,FR,36-45,student,2023-05,True
e1fb8f56d5f5cb7e,ES,36-45,retail,2024-03,True
6afea6206dd3066d,IE,46-55,business,2018-03,True
0773d4b976c40255,IE,56-65,retail,2023-09,True
dbebe71c71076b63,DE,46-55,business,2023-10,True
daed55178bd7bc22,DE,36-45,retail,2017-11,True
e201fff07ebbbf4a,PL,26-35,retail,2021-11,True
791fc34e3f81acbf,IT,36-45,retail,2019-01,True
854b3d0732a7ce47,FR,56-65,business,2023-08,True
65c3e3f7ddadc8e0,DE,18-25,premium,2020-07,True
62c71ab9831e7d94,NL,18-25,premium,2022-08,True
406edbc4eb4a953a,PL,46-55,student,2018-01,True
903ee92304f95617,IE,46-55,retail,2024-01,True
e5e448da49106a98,FR,46-55,business,2022-11,True
d279368d1fa40472,NL,46-55,retail,2023-05,True
1157af5e64e7e2b9,PL,56-65,retail,2023-05,True
37d7a2a907c66c3f,FR,46-55,retail,2020-04,False
4db958fd5f71e1f2,IE,36-45,retail,2020-08,True
a32603535bcbe106,FR,36-45,retail,2021-01,True
66a7fbdb3001227f,DE,26-35,premium,2022-02,True
643ab0577c31ebbe,NL,36-45,retail,2020-05,True
01f5b33841eb0c87,IT,56-65,student,2023-02,True
96982c798bf53966,DE,36-45,retail,2023-02,True
46c56a24e86f76e3,NL,56-65,student,2022-03,True
9303fcd6cd4191ca,FR,36-45,retail,2024-02,True
197191b7c9c7aa2e,NL,26-35,business,2023-09,True
2f29f651db2ed62e,SE,56-65,retail,2023-11,True
30e936d1cc49f753,FR,46-55,student,2023-05,True
bfbc7fdc260d811b,FR,56-65,premium,2022-10,True
f04495ea88dfb03e,PL,56-65,retail,2021-11,True
1382a513a6a7b50f,ES,36-45,business,2023-08,True
b93d5f3002a15bfd,DE,56-65,retail,2022-08,True
564fc93f659589ea,NL,46-55,premium,2023-06,True
af3c303e6a196d40,SE,26-35,retail,2023-11,True
b15f451f3b4f14bf,IT,26-35,retail,2024-03,True
f38e1fe7b105ba39,IT,18-25,retail,2021-09,True
8913acd8ea95272d,PL,26-35,business,2023-05,True
555b822f4d16ed63,ES,36-45,retail,2023-08,True
01ec5e788519e7e5,IE,36-45,retail,2024-02,True
35051f37b01f0537,ES,36-45,student,2024-03,True
672914efaae01ea4,ES,56-65,retail,2023-04,True
fac44e344ab007b0,FR,46-55,retail,2023-06,True
9a6baed31affe56a,FR,36-45,retail,2023-03,True
16f3846cf80bfaf6,IT,36-45,retail,2024-03,True
fc99510156a4d081,FR,36-45,student,2022-08,True
e123cb7b76b83b29,PL,46-55,retail,2023-09,True
56816f355d21655a,DE,36-45,retail,2020-03,True
ecacde0ff50c77b3,FR,36-45,premium,2024-02,False
1a825b27a812e74d,FR,46-55,business,2023-11,True
fd81d1bd49d2253c,ES,26-35,business,2023-12,True
1abae89146d7ec0f,ES,18-25,retail,2023-01,True
cbef0a2480a9e720,IT,18-25,student,2024-04,True
cec01e954dbf1d39,IE,18-25,retail,2022-11,True
d20ba94ac4304881,IE,56-65,student,2022-12,True
d6f242d7c68c54f9,FR,46-55,business,2023-01,True
5e344e67c95d4f2a,ES,56-65,premium,2022-10,True
a184860c2ba3797f,PL,26-35,student,2023-05,True
2d92281366b34994,FR,18-25,retail,2022-09,True
269647d19704f18a,PL,66+,retail,2023-04,True
7de2dedcc4a54b05,IE,46-55,business,2023-08,True
727f0334556f2d48,IT,18-25,business,2024-03,True
d736c341ec63c591,IE,66+,student,2024-03,True
3ec45f0519b41d90,FR,36-45,retail,2024-02,True
ff7bd70b5562173e,FR,36-45,retail,2022-11,True
9ce59c0dcf4784e7,ES,46-55,student,2020-01,True
f89ad8270d32ecf6,SE,36-45,retail,2024-03,True
73b89ebe07562aa0,NL,18-25,student,2023-07,True
fbf245ef07ceb59f,DE,46-55,premium,2021-09,True
0708f397fdfb2043,SE,46-55,retail,2024-01,True
f6cbd4f07319f990,FR,36-45,student,2023-08,True
de7c407afa3ec134,DE,36-45,retail,2024-03,True
8c46cc4f8a554104,IE,46-55,premium,2023-09,True
4acb71d4b319da90,DE,36-45,retail,2024-02,True
faabb78512e9799f,NL,46-55,student,2023-11,True
8fd5dea11b6e6782,SE,18-25,retail,2023-06,True
fa878279a2a24a1b,DE,26-35,premium,2023-01,True
d7896295671852c3,ES,26-35,business,2024-02,True
c3af40d5e3672451,ES,18-25,retail,2024-02,True
f3d61aa841c9b3fd,FR,46-55,retail,2021-10,True
c14029632669c356,NL,46-55,retail,2024-01,True
5c25c5a91b88835e,NL,56-65,retail,2023-12,True
f25931e677895a11,ES,46-55,retail,2024-03,True
e5ed13a5259d8637,IT,36-45,retail,2023-03,True
7088c003a17ef7d4,DE,56-65,retail,2023-04,True
db4882f6db2d9c49,NL,56-65,retail,2023-05,True
6949bcc697740cdd,PL,46-55,retail,2021-06,True
dc38178a948edc5b,ES,18-25,student,2023-09,True
d2414abb87cf7779,DE,56-65,premium,2024-01,True
f43754d9f512fe47,FR,26-35,premium,2023-03,True
956334830359a855,FR,36-45,retail,2023-08,True
fe92f52bff269c54,DE,36-45,retail,2023-05,True
e90ed4d08f5b6dfd,ES,36-45,retail,2023-11,True
97fa005c0c859ad3,FR,18-25,retail,2022-12,True
d26d535b0c24e965,SE,36-45,retail,2023-07,True
40ec0bc3e2a7cb72,FR,66+,retail,2023-06,True
100ccdcc3ea7ae49,NL,18-25,retail,2023-09,True
56a738c429634db1,PL,18-25,business,2022-12,True
0bee06917c8f0cfc,IE,46-55,retail,2024-01,True
ad1803f2c1305dbb,IE,36-45,retail,2023-08,True
f61877eae277d305,IT,56-65,business,2020-03,True
95d99e90de117203,FR,26-35,retail,2023-09,True
7879e7f4795fe4c1,SE,46-55,retail,2021-05,False
c1edb3f89f78cbea,NL,36-45,retail,2023-06,True
c843f8b4df483f4d,FR,26-35,retail,2023-03,True
ed4ad98c7661da58,IT,36-45,retail,2023-04,True
d32b75d22e7b0195,PL,26-35,retail,2023-06,True
f77050856fbd51a4,IT,36-45,student,2022-06,True
03bf46ed9c704eb1,PL,46-55,retail,2024-03,True
68f355b5bc7eeec8,FR,36-45,premium,2022-08,True
87acdc4c9dbc30b9,IT,18-25,business,2018-04,True
ef0882820e63d3a3,IT,36-45,student,2023-11,True
f932214768da0b69,FR,36-45,business,2023-09,True
3e1b31ad1a9f481e,ES,56-65,retail,2023-01,True
dddb78a6b6780b39,IE,46-55,retail,2023-11,False
3235479f69096b37,FR,46-55,retail,2024-01,True
db801e0d178c32cb,DE,56-65,student,2022-02,True
63d527ba9fde29f5,DE,46-55,retail,2024-03,True
3da92eacd2c6dff6,FR,18-25,retail,2022-07,True
41ac53c56a25f35d,IE,36-45,student,2022-11,True
33fff667d08daeab,DE,26-35,premium,2023-05,True
cf9c9ce901808a7c,NL,56-65,retail,2024-02,True
6a941063a3b58c0d,FR,36-45,retail,2023-10,True
22f6167c53c878aa,IE,36-45,student,2022-08,True
2e905106da0fe652,IT,46-55,premium,2022-09,True
cb5d3fabdf3a235a,DE,36-45,premium,2024-03,True
f925e6c46d1fe31e,DE,26-35,business,2023-03,True
b52b8eaf8ca8c0e5,DE,46-55,retail,2024-02,True
754a368bc08c2491,DE,18-25,business,2022-11,True
0670e4ab57fe38d0,IT,26-35,student,2024-02,True
3c91a863c6fc48dc,DE,26-35,business,2023-12,True
18f8de953a8a255e,FR,46-55,premium,2023-10,True
f7c1a62ff32479f5,DE,46-55,business,2023-12,True
6315e80f1e72b6b7,FR,36-45,retail,2022-09,True
94a8413c3e8567de,SE,46-55,retail,2022-06,True
e9d1b38966170719,DE,26-35,business,2023-04,True
d84fc1a9b005ff06,ES,18-25,retail,2024-01,True
6eb3765db34d5ce3,ES,46-55,premium,2020-11,True
2a6c056243c938ed,DE,36-45,retail,2023-06,True
f499e82e16af8793,NL,46-55,retail,2021-09,True
d1cce32ee14f59b6,NL,46-55,retail,2022-12,True
cb55301b8bdb5f50,IT,18-25,student,2022-01,True
0953453a007e77fc,DE,36-45,business,2023-08,True
11f79ae8f781b878,PL,36-45,retail,2023-10,True
c96a2fd21379140e,ES,26-35,premium,2020-12,True
186f9be46d3dd9df,DE,46-55,business,2023-07,True
3a8db70949ddacde,DE,26-35,student,2024-01,True
e0a87156a3607697,FR,18-25,retail,2023-01,True
68d2a5edef27dd86,IE,46-55,retail,2023-12,True
04a23ab1e65a072e,DE,26-35,retail,2023-10,True
b85c3bf1d83703b4,NL,36-45,retail,2023-12,True
7912373b86d3b49d,FR,46-55,retail,2023-01,True
f88d42883b351bda,DE,36-45,student,2024-02,True
c9c4c675d59e45b0,DE,36-45,premium,2022-06,True
31ddde235123c37a,PL,46-55,retail,2023-11,True
0fe08a907881c9f8,FR,56-65,retail,2024-01,True
ecff9979ad6489c3,DE,46-55,student,2023-08,False
86fd5f83498cf6c9,FR,56-65,business,2024-01,True
b55def83f96352da,ES,56-65,business,2022-08,True
07ec8ea5cc59a70c,FR,46-55,retail,2023-02,True
e41c30825d34fd23,ES,36-45,student,2022-12,True
32aaadf7bcaab8d7,DE,18-25,student,2023-08,True
481ac38a6793c1b4,NL,18-25,retail,2022-07,True
1bb67e1f82819189,DE,36-45,retail,2024-03,True
559b3dd605736a9a,NL,46-55,premium,2023-09,True
5aca00b4ed0c7285,ES,46-55,business,2023-04,True
02f88e4bec5276cb,PL,36-45,premium,2023-11,True
631f8dcdb83c18e6,PL,36-45,premium,2022-04,True
d2c6808100657fd1,IE,36-45,premium,2022-12,True
45a07de2da748ef4,FR,56-65,retail,2023-07,True
02aca0736661ff5e,NL,66+,premium,2024-01,True
873590cfbefe86f1,FR,56-65,retail,2023-01,True
6fc978f838a01e62,PL,36-45,retail,2024-03,True
e0d552248ae61ad3,SE,36-45,student,2023-10,True
76c80f6bf47e5008,ES,56-65,business,2023-03,True
ee220dc9754f511b,ES,56-65,retail,2021-11,True
45a0c381a102bf15,FR,18-25,retail,2024-01,True
2671510f5783afa9,FR,46-55,premium,2023-11,True
4402d7d541ce2016,NL,26-35,retail,2023-11,True
606b806dcd66b1f5,ES,56-65,business,2022-03,True
880a7c2120aa5c17,DE,36-45,business,2024-02,True
1fa5466238615742,FR,26-35,business,2024-01,True
6872bd2278e4814e,PL,36-45,retail,2023-12,True
576a694b25a50997,NL,46-55,retail,2024-03,True
ad1a2aa9b2564e4b,IT,18-25,retail,2022-06,True
bccc215616e3b924,SE,56-65,retail,2020-11,True
54671456c1f84b8b,ES,46-55,premium,2023-01,True
7e95f0906ad0713a,FR,26-35,retail,2024-03,True
65695efd8a2a7502,PL,56-65,student,2023-08,False
3b841c1c765493e4,FR,26-35,premium,2022-01,True
88c3bcfd8a53f90b,IT,18-25,retail,2024-03,False
be267c887406343c,NL,36-45,student,2023-10,True
a88d1098ac76d353,FR,26-35,business,2022-07,True
cd3a64b478206f56,IT,26-35,retail,2023-12,True
ca24c45aec23df2d,SE,56-65,student,2023-09,True
87e1ba69d39dc585,ES,36-45,retail,2023-03,True
42705b62bda45d0b,IT,56-65,retail,2022-01,True
a64b4ccfaff6d650,DE,36-45,premium,2024-02,True
a7bbd7cbec07f836,ES,26-35,premium,2022-05,False
57b635567f1aeb89,SE,18-25,retail,2023-11,True
85944c66ac469f85,PL,36-45,retail,2023-12,True
493c5f114c5ae07d,PL,46-55,retail,2023-12,True
508f470cea434b0b,SE,36-45,retail,2021-08,True
522680d98a43b9a2,NL,56-65,business,2023-05,True
8739fdb30f613d7f,PL,46-55,premium,2024-03,True
ad2ed11a8e34d52a,FR,18-25,retail,2023-12,True
fd06dd2532f7e83c,FR,26-35,retail,2020-12,True
bd421b9f644553b1,SE,26-35,retail,2022-12,False
5fd8670c047d1465,IT,18-25,retail,2021-09,True
1e2c4a86bdd53859,DE,36-45,premium,2022-09,True
9b8905326eeee8a5,DE,56-65,student,2023-10,True
ee57d6e35bbfba7f,SE,46-55,premium,2024-03,False
155569b766ff1ece,IE,26-35,business,2024-03,True
861661e97e1c3035,FR,18-25,business,2024-02,True
24334cc65dcfc948,FR,18-25,business,2023-03,True
58b0937cd0359be8,ES,26-35,retail,2022-05,True
b6f4c55853cdbcb2,IE,26-35,retail,2019-03,True
266f7dc11759b003,IE,18-25,retail,2023-06,True
0a1a8fc95b44170d,DE,56-65,retail,2023-08,True
2e3ab17f8e9636d0,IT,36-45,retail,2022-02,True
fcb4a188f2c158f4,IT,26-35,premium,2023-10,True
5373c5bd1ce70656,PL,26-35,business,2023-04,True
5bd3992fceb513ca,FR,26-35,student,2023-08,True
a41e2b3ed3d973de,NL,36-45,business,2023-10,True
4fa7da67180fb8f1,ES,46-55,student,2023-04,True
c8415ad2e6bfff03,FR,36-45,premium,2022-11,True
63eb42d94db44789,IT,46-55,business,2021-01,True
17adf1cfaaf3af58,ES,26-35,premium,2022-06,True
30c4d6f5bb1c7281,PL,56-65,retail,2024-03,True
2b873f6eac582afb,PL,66+,retail,2023-09,True
50a4269b65a032f4,IT,18-25,retail,2022-04,True
551161555479fb50,DE,46-55,retail,2023-11,True
247fbb767dd57694,DE,26-35,retail,2024-01,True
001091b00ac0b293,PL,36-45,premium,2020-06,True
5b160e95262ba6ab,IT,26-35,retail,2023-05,True
58c5c65782ad59a6,ES,46-55,retail,2024-02,True
1b31b1b10844c003,IE,36-45,retail,2021-10,True
729c1a08085e1a58,FR,26-35,retail,2024-02,True
723f4c07e870de69,ES,46-55,retail,2023-03,True
0563228749ab98a2,PL,56-65,business,2024-02,True
18b4cdc72c0ab99c,PL,26-35,student,2022-09,True
b94c2fbd4da79ce5,IE,18-25,retail,2024-02,True
7bc54d5eebf2f6f0,NL,36-45,premium,2024-03,True
1782badc7d6573fd,ES,46-55,retail,2023-07,True
7815afd0ff8bef47,ES,46-55,retail,2024-01,True
38e96dd18f3e5a30,DE,56-65,business,2023-01,True
f75cf19892fde9e7,IT,18-25,business,2021-08,True
681efc3b172373e4,FR,26-35,retail,2022-08,True
eee59ab9051a4435,SE,18-25,retail,2023-04,True
35b6f71f466d0714,ES,36-45,retail,2023-01,True
20eb0e544049a816,DE,46-55,business,2024-03,True
c241c10eb4cc9065,IT,56-65,student,2022-08,True
76897c9cf85b4b16,PL,36-45,retail,2023-07,True
3e339f25124f7fa6,ES,46-55,retail,2022-08,True
d48f5b3c0ff1369a,DE,36-45,premium,2022-07,True
5d1c316bb1761469,NL,26-35,retail,2023-10,True
3e5ee77c308f1ee8,NL,46-55,student,2023-03,True
7e1ba9dfccd9582b,ES,36-45,student,2022-11,True
72ac2b1f11a151cc,FR,36-45,retail,2021-11,True
b881015d8230d491,PL,18-25,retail,2023-06,True
e4d1e4c04194216d,ES,26-35,retail,2024-01,True
f79b8302e97fd6a5,IE,36-45,business,2020-05,True
7144c398a2e1eb1d,IE,26-35,retail,2022-12,True
4ca3bbc90959a4a5,SE,56-65,retail,2023-02,True
0a8946c003354071,PL,18-25,retail,2024-02,False
38e2fb6c872a7b36,ES,56-65,retail,2023-07,True
ee308392d2860830,IT,26-35,business,2024-03,True
d883e51a2079ec5b,IE,56-65,student,2021-02,True
8154c58cd7e9dda7,PL,26-35,business,2023-09,True
9bfd70bcc16b4e89,PL,36-45,retail,2024-02,True
69965640ed60acce,DE,36-45,retail,2022-04,True
965959f60746b81e,DE,36-45,premium,2022-12,True
3b648a12983c6de6,FR,46-55,retail,2022-06,True
74161a0f9ef141d2,FR,26-35,student,2024-01,True
e6550a80fea3f94e,DE,66+,retail,2023-09,True
1a8fa57c3f1d5904,IT,26-35,student,2023-11,True
09132e60291cf27e,FR,36-45,retail,2024-03,True
2ddbd42ea54f3f05,ES,26-35,retail,2023-05,True
71ca93742dbff445,ES,46-55,retail,2023-05,True
1c38b65b48c6a620,PL,26-35,premium,2019-10,True
47705b3ca1249495,FR,46-55,retail,2023-10,True
2ff4414d78cd720d,SE,46-55,student,2019-11,True
1d1d3991e8c37a28,IT,36-45,retail,2023-12,True
ae5c1cabfa4a122d,DE,46-55,retail,2022-10,True
1a59b0f11964e761,SE,56-65,business,2023-10,True
178140bef4eda88d,DE,36-45,student,2021-12,True
fd308939e29c24a4,IE,46-55,retail,2023-06,True
71b9d01499743b2f,FR,36-45,retail,2023-06,True
7330582ffc01987f,FR,46-55,student,2023-04,True
9861114fabf999e1,IT,36-45,retail,2019-10,True
2e396c7d4baad952,ES,46-55,retail,2023-05,True
fdd1ef2279ca4b93,ES,36-45,premium,2024-01,True
4d6ab076fa0b5eaf,PL,18-25,retail,2024-02,True
824670f6439572f4,FR,56-65,business,2023-12,True
f525cf3a688a918e,IT,36-45,student,2024-02,False
c37f172ee229ad45,FR,26-35,student,2023-08,True
9d44d1cf3287008f,PL,46-55,retail,2024-02,True
63fcb9b7df3b9a61,DE,56-65,retail,2022-01,True
dbaaedc29e6944bf,IT,56-65,business,2022-08,True
12888b62e24d4f59,NL,26-35,retail,2023-03,True
6c656acb65df639b,DE,46-55,business,2024-01,True
d95140a91e729fc0,ES,18-25,retail,2022-05,True
d4f8082de263650e,DE,26-35,retail,2022-12,True
66fa5f45b5b3051d,ES,36-45,business,2023-12,True
8b1beaf4ba1a5240,PL,66+,business,2023-11,True
011cfc5a1e90f454,IT,36-45,business,2018-10,True
68864825ca45d20c,IE,26-35,retail,2023-09,True
820852df1562d52e,SE,46-55,retail,2023-04,True
c2a16f7d7be3cb47,FR,36-45,retail,2023-12,True
e4c804f5d7bb9ef7,DE,18-25,business,2020-06,True
a12a3734dc2f2fb0,ES,56-65,retail,2022-12,True
3a44ab5c0a985612,ES,36-45,retail,2020-09,True
34a4c3d88cdee76e,PL,66+,retail,2023-05,True
280b101a67470af8,DE,36-45,business,2023-10,True
1ca301f1e623b3ad,IE,26-35,student,2023-03,True
73280664c0d228f4,PL,26-35,business,2024-03,True
e41c64531c092cec,PL,56-65,retail,2023-01,True
e0ad989cab6fbb6b,FR,36-45,student,2023-12,True
0d0fe0476e3bf0b4,FR,56-65,retail,2024-01,True
fff150f72a2778f5,PL,36-45,student,2021-04,True
b2d51d3c24f7c20a,ES,46-55,student,2018-11,True
a121887906d8718d,ES,26-35,premium,2023-03,True
48ee904e3770ab9d,IT,26-35,business,2023-10,True
f8094d6da36b12a6,ES,46-55,retail,2024-03,True
30cd2d75784f9fc9,IT,66+,retail,2022-11,True
155af4929cd7fbfd,FR,56-65,retail,2024-01,True
37a455e05232e93a,SE,46-55,student,2023-01,True
7c75bb125dd0ba2a,IE,46-55,retail,2024-01,True
d57c8770af8b781b,IE,46-55,premium,2020-05,True
a150666cdc6f33d9,FR,66+,business,2023-10,True
6f602e3f69644a65,IE,46-55,student,2023-10,True
44842b69eb47d2c1,IT,36-45,business,2023-06,True
09ccdb5c264939cd,FR,36-45,retail,2023-09,True
c5444feae2e1791c,FR,46-55,business,2023-12,True
e86de2f2d5dda851,DE,36-45,student,2024-02,True
c88ce61b69c7973e,NL,36-45,premium,2023-07,True
9b054f8da6fe253e,SE,36-45,student,2024-01,True
94044c90455352b0,ES,26-35,student,2023-08,True
e6d954e28e30c9de,SE,46-55,retail,2024-03,True
dd8b64045f7d859b,IT,36-45,student,2023-09,True
779260378bfae6f2,DE,46-55,retail,2022-12,True
c428cb80b3d44ec1,FR,18-25,retail,2022-11,True
edef47ee3b7415c2,PL,36-45,retail,2023-04,True
706f7c1cfd03a53d,FR,56-65,retail,2022-03,True
a82c9ad0eae6d535,FR,36-45,student,2024-01,True
b347a06992996991,NL,18-25,business,2023-04,False
21c800be53603a0d,PL,26-35,business,2022-09,True
56ae2123563dde9b,IT,56-65,premium,2023-12,True
3f77e8c081bb5a86,IT,46-55,student,2023-05,True
067a6a44bd6a914e,ES,36-45,retail,2023-07,True
00bab5eb59bd8bee,IT,66+,retail,2023-10,True
038c8bbf14116998,DE,56-65,retail,2023-12,True
823064ccffaff84f,FR,26-35,business,2023-08,True
3bd8a054bd3cd84c,FR,36-45,retail,2021-06,True
5d08c0fd886b9e18,IE,36-45,premium,2023-01,True
6b412522af8aa535,DE,56-65,business,2023-07,True
ad50f2c5b468e954,SE,36-45,premium,2023-02,True
fa148c66d82db7c0,ES,26-35,retail,2023-04,True
8e3328fb834d8f28,NL,18-25,business,2023-05,True
b46520ab571fffaa,IT,36-45,retail,2024-03,True
c456907070aa5c12,ES,26-35,retail,2023-03,True
50d2ad8e0b20808d,ES,46-55,student,2022-07,True
a8f034431ecf3571,FR,26-35,business,2022-10,True
287df3ac734accae,ES,46-55,student,2023-02,True
54e7463ca07c9e3b,IE,26-35,student,2024-03,True
0ad5b705f6e4441b,DE,46-55,premium,2023-04,True
9e48218c0d2f7021,FR,46-55,premium,2021-05,True
05d91420d492c1da,FR,26-35,premium,2023-05,True
71c9b1dc3bf8ac10,IE,36-45,premium,2024-02,True
237a60564e93978c,ES,36-45,business,2023-12,True
5fcb06559987ba6a,IE,26-35,business,2024-01,True
a6dc017acad1cda9,DE,36-45,retail,2022-12,True
c0de0d967dd633b9,DE,26-35,retail,2024-01,True
b2386fdcafc5e30e,FR,26-35,retail,2021-04,True
f571552136e1f700,ES,56-65,business,2024-01,True
dbfa1ebf84b4e9bf,NL,36-45,retail,2024-02,True
42bb77849d3bbcb0,PL,18-25,premium,2024-02,True
4951f9fbcd74aca2,DE,46-55,retail,2024-03,True
82a0849af6a4aeec,NL,46-55,premium,2024-02,False
67d6a7e45fc22279,PL,56-65,retail,2022-01,True
c53165ec303eb679,PL,26-35,retail,2020-11,True
a66f3f0681b3a23c,DE,46-55,retail,2023-02,True
9c068e57086aa8cf,NL,46-55,premium,2024-01,True
bfcf763db121eedd,FR,46-55,student,2023-09,True
906baa4f60baae37,DE,36-45,business,2020-12,True
388ce383b3c5db80,DE,18-25,student,2024-01,True
4b956353fa56fd5b,DE,18-25,retail,2024-02,True
8a9cd7004c4e8662,ES,36-45,retail,2020-01,True
06d1ff0d1d5187a1,IE,36-45,retail,2022-12,True
1436f554a0251de2,IE,46-55,retail,2023-05,True
fb8540cec9657415,IT,66+,retail,2024-03,True
92dd712506a77c6e,DE,56-65,retail,2023-12,True
b03fc806cf575c40,IT,26-35,student,2021-08,True
fea80db1f0037118,DE,46-55,business,2023-12,True
4eed5e4dc42a1eb4,FR,46-55,retail,2023-11,True
916aea36060dbc7b,ES,26-35,retail,2023-09,True
8f686e9e5c21c13f,SE,36-45,retail,2022-06,True
69fe06b8f7e650bf,IE,36-45,premium,2022-05,True
e46ec8a3aa812335,IE,56-65,retail,2022-09,True
7593f6a7d0c39711,SE,56-65,retail,2023-10,True
bb5430f11c0a5516,FR,46-55,retail,2021-09,True
f4ae99e107de20dc,ES,36-45,retail,2023-12,True
b2f4201f1d654efb,ES,56-65,retail,2024-03,True
2c515f1b1b7f8324,DE,56-65,premium,2023-02,True
1fec70eca3e983f0,FR,56-65,student,2017-05,True
9e055d4f5db06d3d,DE,46-55,business,2022-12,True
97d1d193a16800f9,FR,46-55,retail,2023-09,True
c98ac06ace56a93b,IT,26-35,retail,2023-10,True
33641ce8895c7e96,ES,46-55,premium,2022-08,True
9a39fd44e4b669c1,ES,18-25,retail,2022-03,True
88186148b230ec54,IT,18-25,premium,2022-10,True
e98513fa0d924b39,DE,46-55,retail,2022-09,True
b2b5237a6ffc8016,IT,56-65,retail,2024-03,True
e23fd7d9e0eddecc,NL,36-45,student,2024-03,True
213f389296ad759c,PL,46-55,student,2024-03,True
a3590c9b316f6aec,IT,26-35,retail,2022-10,True
40bba67da39d0908,FR,36-45,business,2023-10,True
b31e89778402d9eb,NL,36-45,retail,2022-10,True
84d8c2ce6aec32ac,DE,56-65,retail,2024-01,True
fe60c52785aaf92c,DE,36-45,retail,2022-08,True
28c86c41fd95f882,IT,46-55,retail,2021-12,True
880d51a36b38b6d6,FR,36-45,retail,2023-11,True
68fb4d33f66eef96,FR,36-45,student,2024-03,True
5cd963198273ab06,ES,18-25,business,2023-11,True
144fa3f54df368bc,PL,46-55,retail,2022-10,True
2f8b580775b4020b,NL,36-45,retail,2024-03,True
4d0babb314b1e4cb,NL,46-55,student,2023-01,True
a09f8f8d5d8cb069,FR,46-55,retail,2021-08,True
0a43207fa7f32b4d,NL,36-45,premium,2024-03,False
d8f3296b1980f79a,IT,36-45,retail,2023-06,True
075591f6d0d96cac,DE,36-45,retail,2024-01,True
c17abbe226b7fc51,PL,18-25,premium,2021-03,True
dfdcb4097c431136,NL,46-55,student,2022-08,True
5616b4b240437920,NL,26-35,retail,2022-12,True
4567362586ebd604,DE,36-45,student,2024-02,True
73cace318c957532,PL,46-55,business,2023-12,True
2e8d58be69e3f4f6,NL,26-35,retail,2022-04,True
392c6f524bf6ecd8,IT,36-45,retail,2023-07,True
8ff1840a6620413f,DE,36-45,premium,2024-02,True
136d9898c80623b8,DE,26-35,retail,2022-06,True
8b83d3ea51a182e9,DE,36-45,retail,2024-03,True
72afc173002a45fc,NL,56-65,business,2023-07,True
783058acbc5f3122,PL,46-55,retail,2022-05,True
7890efcbc12a3f8e,IT,46-55,premium,2023-10,True
c1e067bce9a58057,ES,26-35,business,2023-10,True
180303acc11c19b4,NL,36-45,retail,2024-01,True
0fe45aaf3822c0ed,DE,56-65,retail,2023-12,True
fd47837f0221382c,DE,56-65,premium,2024-03,True
28aa905cb0a2f9de,IE,26-35,premium,2023-08,True
249a057ea2f43fc6,IE,66+,retail,2023-03,True
bf5e7f1969c2bc4f,DE,36-45,premium,2023-02,True
7cd5aea0298549d9,IT,36-45,premium,2024-03,True
d1c2b724d17d04f7,IT,46-55,retail,2024-03,True
934cd9ab3698973b,ES,46-55,retail,2022-05,True
739d4fbf782f5406,NL,46-55,retail,2023-11,True
b8016e0087461307,DE,46-55,retail,2023-07,True
afdccf80236bfff8,PL,66+,student,2024-01,True
9925e62ab90af9fe,ES,56-65,student,2021-08,True
5023b69f393ba0e8,NL,36-45,retail,2024-03,True
99e690a2a465fbdc,PL,26-35,business,2023-12,True
1bb0b8a2081a90e7,FR,18-25,student,2019-09,True
0cd2b0bbe4dc7371,IE,36-45,retail,2022-11,True
18cd3445ff4944e5,IT,46-55,retail,2024-02,True
4067c3b13b7082c0,IE,26-35,retail,2022-09,True
e396a1414f10d44f,DE,26-35,retail,2023-10,True
1a351ed4155975b7,NL,46-55,retail,2023-05,True
4bd6e4487f6ca158,DE,56-65,student,2024-03,True
6e9998ff937d0d9f,NL,36-45,retail,2024-03,True
5006c7104939e83b,FR,36-45,business,2023-11,True
e6970117edf7db17,FR,46-55,retail,2023-09,False
959dd39bbb9d0388,ES,36-45,retail,2022-02,False
8646f8d0a23d54d6,PL,46-55,student,2023-10,True
e95b15a377c1954b,PL,36-45,student,2022-01,True
941663b7d9cbec8f,PL,18-25,student,2024-03,True
e0b5f6537669883e,FR,18-25,retail,2023-06,True
11e42c139b6d0ab1,DE,36-45,retail,2022-08,True
86cbfb7b82363705,IT,36-45,student,2024-03,False
812573599d4e2ff7,ES,46-55,retail,2020-06,True
14f5a0bb5fbb0f3e,FR,18-25,retail,2024-02,True
ba54b91b14591bda,FR,46-55,retail,2023-05,False
4cf2983830d67753,FR,26-35,retail,2023-12,True
86eb764bc02e3e32,SE,36-45,retail,2024-01,True
d2846559ae28a8c4,PL,46-55,retail,2023-09,True
5d79c60550ed7789,IT,36-45,business,2020-01,True
fed54360d541a17c,ES,18-25,student,2019-08,True
9500d48f8ce6483c,DE,36-45,business,2023-06,True
208763e893a1df58,DE,36-45,business,2021-07,True
23124fc60925a221,NL,36-45,premium,2023-05,True
619c6c8bee770d81,NL,66+,retail,2024-02,True
be7035f5eeebe614,PL,26-35,retail,2023-05,True
a86831ebc8668086,NL,66+,retail,2023-08,True
7e17591b46898535,DE,18-25,retail,2024-02,True
d691e696f0db11d6,DE,26-35,premium,2024-03,True
b923b81184495256,DE,26-35,business,2023-04,True
e8dfdc2e911f7dc1,DE,26-35,retail,2024-03,True
bb18125b2b6b75fe,ES,56-65,student,2023-01,True
370003d7da167e7f,FR,26-35,student,2015-07,False
4ca3f714c4ed1a5a,NL,18-25,retail,2023-09,True
3cb1d68b6441a543,ES,36-45,student,2023-11,True
007a723277a8acaf,ES,56-65,retail,2023-01,True
18787d25e2b892de,DE,36-45,student,2023-11,True
79a7c8b4d3f8260b,DE,36-45,retail,2022-11,True
0f741fa6f548bccc,IT,46-55,retail,2021-05,False
858898dc13f3e530,ES,66+,retail,2024-02,True
ece3a5f28922c966,IT,36-45,retail,2024-02,True
5d392baa5bf21cae,NL,66+,business,2022-07,True
2ee8b128be060962,IT,46-55,retail,2023-03,True
0995f0dc0c0360fd,IT,36-45,business,2022-12,True
ea7411bcdc206a05,IE,46-55,retail,2022-10,True
9d6ba19e06dd11ef,DE,46-55,retail,2024-02,True
b74d9a9a6ba68f50,PL,66+,retail,2023-02,True
a34a13c04ecb576e,FR,26-35,premium,2022-07,True
eb2450d124858ef5,SE,36-45,student,2023-08,True
d6b55281a67346cb,SE,36-45,retail,2023-08,True
411a72494988f10c,ES,36-45,retail,2023-11,True
50474898cdac1a86,ES,36-45,student,2023-11,True
be75f9786c209d23,DE,56-65,retail,2023-12,True
23f1d575b617ab91,NL,46-55,retail,2022-03,True
49c3f8560f3e3cdd,SE,56-65,business,2024-04,True
1ce5c88eda78fd5a,IT,26-35,premium,2023-01,True
1a17320de878381d,IT,36-45,business,2024-01,True
167228411d256cec,NL,46-55,retail,2019-08,True
13df19f51842d6cb,FR,56-65,retail,2020-07,True
0bb286a9b843f4c7,PL,46-55,retail,2022-12,True
7c227b27e54ad733,IE,36-45,business,2023-12,True
dcd2e9bd76f4a545,DE,36-45,premium,2023-08,True
872574f4e9835886,FR,18-25,premium,2022-12,True
9c6233e94bf192ec,ES,18-25,retail,2023-10,True
ece1b9fe8fd7a4dc,NL,46-55,student,2023-09,True
cbd0eb8b50273a6f,ES,46-55,premium,2022-07,True
3c831ee9c7007ca6,IT,36-45,business,2022-06,True
33c7c1f3a61e49f7,IT,46-55,retail,2024-03,True
3f2ec2e8ea9f6388,SE,46-55,student,2023-11,True
307cbbfa64779111,ES,36-45,retail,2022-06,True
9cccba3843e2f499,ES,56-65,retail,2020-06,True
efbf1e7549865869,NL,36-45,business,2019-08,True
84fc383ca1ab2ece,ES,36-45,student,2023-04,True
99ce42c3c23f935f,NL,26-35,student,2023-08,True
81e933df339d9757,DE,36-45,premium,2021-07,True
9149a9ac1a130e1e,FR,18-25,retail,2021-06,True
7bff47b634b529a0,ES,18-25,student,2022-12,True
25cf0844814d418e,SE,26-35,business,2022-02,True
8756266709bf7b51,FR,36-45,business,2024-03,True
db887ac0ba7c5650,ES,46-55,student,2023-08,True
0b61b549055cb7a9,PL,46-55,retail,2023-10,True
ce4aff004a8bc784,ES,66+,retail,2021-08,True
8f057413c67a5135,ES,36-45,business,2023-11,True
9555b65b2c017cc5,IT,56-65,student,2023-03,True
c2cd44be9f065a4d,DE,36-45,retail,2022-11,True
cc00696f7c289bba,DE,36-45,premium,2023-06,True
708f1d532cdd9325,FR,36-45,business,2022-06,False
ce9ca8f71201184a,PL,46-55,business,2023-11,True
6a7be9656de1478a,PL,46-55,retail,2024-02,False
8bb5c8d71974df80,ES,46-55,student,2023-09,True
0bb23b047922d254,ES,18-25,retail,2023-11,True
b0c08c5fa5cf8359,IT,18-25,retail,2021-06,True
5bc83582212682fe,DE,18-25,student,2023-03,True
2d0e7b9174fb8379,IT,26-35,business,2022-11,True
166929b82cae5737,IE,56-65,retail,2023-04,True
2fd03e47f901a8b2,FR,26-35,retail,2024-02,True
cf5e25c931379f7b,DE,26-35,retail,2023-05,True
21344bb7954fee3c,FR,36-45,student,2024-03,True
7a7820e1ca4ad82c,FR,18-25,business,2022-10,True
49610d133741c2c8,ES,36-45,business,2023-08,True
f2278b3ec087b128,FR,26-35,retail,2023-12,True
49278edec90f2cc6,DE,26-35,premium,2023-09,True
10640ea3606d107b,DE,46-55,retail,2024-03,True
71fbd966a5a50340,IT,46-55,retail,2023-06,True
3ec0636cf8f90b4b,DE,46-55,retail,2021-02,True
fa2fe86dd1bd2519,NL,46-55,retail,2021-01,True
d42ec149263defbb,DE,18-25,business,2022-08,True
9c4351e7a327dd97,ES,56-65,retail,2024-02,True
5cacf4a819a1a683,DE,46-55,student,2021-08,True
d2fe35c79340102f,SE,46-55,business,2023-11,True
3644543b00065890,SE,36-45,business,2022-05,True
a2f3a76bd941fcb7,IE,26-35,premium,2024-03,True
9be9af246450a6a5,DE,26-35,student,2022-09,True
9a3a80c6cf46b3eb,DE,36-45,student,2024-03,True
0d0ebc1d961ab18a,IT,36-45,business,2024-02,True
c18378959bdd0cbc,IT,56-65,business,2021-04,True
fa92cf5aa5130821,FR,56-65,business,2023-08,True
af748fa218a0cf0c,SE,18-25,student,2022-03,True
05c71a9f89cab91f,PL,26-35,retail,2022-03,True
b2b6768d9b8617c4,DE,36-45,student,2024-01,True
8c4d8141e7aa18d1,DE,26-35,retail,2022-07,True
93e6e8591b454ee9,FR,46-55,student,2023-10,True
7584f08b88dd28c3,IE,26-35,retail,2023-03,True
c05abec1762f1771,IE,66+,student,2023-12,True
97d7e3cbfca53891,IT,36-45,retail,2019-12,True
8135c7ff917fb4e5,IT,18-25,premium,2023-05,True
14134c48c2fcd473,DE,36-45,business,2022-08,True
f13f180399340d47,PL,18-25,business,2024-01,True
7222ba5928462047,FR,26-35,retail,2023-01,True
4ef06a5714abbe9c,DE,18-25,retail,2023-08,True
22ac1ae17ce3bac9,DE,36-45,retail,2024-02,True
a82170e2cd96f49e,IE,46-55,premium,2023-10,True
f557683c73f3dbe2,PL,46-55,premium,2023-07,True
da4fbeacd3b31efa,PL,56-65,retail,2023-05,True
9c9a4567b71b5415,ES,46-55,retail,2021-09,True
10b9c867e04e893d,DE,36-45,retail,2020-06,True
d97ad27e92c12f8a,NL,18-25,retail,2024-01,True
656867c2d7e699fd,PL,56-65,business,2024-03,True
f91ff7aee7b33b82,DE,36-45,retail,2023-12,True
0797116b1be3fb6d,IT,26-35,retail,2023-05,True
8f147d3a493adf9b,SE,46-55,business,2024-01,True
a0f82de07011ec81,IT,36-45,retail,2023-06,True
e62e67aaeaaf1209,IT,36-45,retail,2023-03,True
c641fbc9f457faf5,IT,26-35,retail,2023-06,True
1b1c6714dd6df75f,DE,46-55,retail,2018-03,True
1015724bf95e41cf,IT,46-55,retail,2023-08,True
c8ea3a684c57a14f,PL,26-35,business,2022-12,True
e427448ef3227399,FR,26-35,retail,2023-08,True
d938a12f9604246a,SE,18-25,premium,2021-03,False
d02c412f15e6b850,IT,46-55,student,2022-05,True
8e3717a83740d885,IE,36-45,premium,2023-02,True
2811c78706aab430,PL,36-45,student,2023-03,True
ff5d04876660b2d5,FR,66+,premium,2024-01,True
92eb75a8c2b5e9dd,SE,26-35,premium,2024-03,True
75af8299b46bdf99,IE,46-55,premium,2021-09,True
60bf76b30755ac83,PL,46-55,retail,2022-09,True
b7071636fbb7f839,PL,26-35,retail,2024-02,True
1ede8f107924715d,FR,18-25,premium,2023-03,True
5043e88f8140de9c,DE,26-35,business,2023-10,True
f86d743711953ab1,ES,18-25,retail,2021-12,True
3454be8ab3880cf2,FR,36-45,retail,2024-02,True
ebc397b8c31b54ef,NL,56-65,premium,2024-03,True
1e8000d3446401bf,IT,26-35,business,2023-04,True
68fd89a7fd63d2a2,IT,46-55,retail,2022-10,True
4e1a922d00098795,PL,36-45,student,2022-02,True
435823af1ddd815d,IE,18-25,premium,2023-08,True
969849136ab66f97,FR,56-65,student,2023-06,True
84b0709905973182,DE,26-35,retail,2023-03,True
5f11de6bb4553f41,SE,46-55,premium,2022-11,True
8d841a57604e8dcb,DE,36-45,retail,2024-03,True
916c6c00c4bae797,FR,36-45,retail,2023-01,True
e0bcea4cc641780a,FR,46-55,retail,2022-12,True
594e9fc3712f5e57,IT,36-45,premium,2022-08,True
0724fb2d65075d6e,FR,36-45,retail,2023-09,False
343761030bf5be00,ES,36-45,retail,2023-12,True
2867cf42350e4a4b,PL,36-45,student,2022-05,True
6f87c7f901aa7d49,IT,46-55,student,2020-03,False
53acf6aba7cacc55,IT,56-65,retail,2024-01,True
eb2fa8d36ac2fd4c,SE,36-45,business,2023-12,True
cc6e3b3f94a7e80c,NL,36-45,retail,2023-11,True
435484bba336acb5,FR,66+,premium,2023-10,True
073faad006367811,PL,36-45,business,2022-05,True
dcfb057eaf44a1c3,FR,56-65,retail,2024-02,True
de2c821e197b652f,ES,26-35,retail,2023-05,True
8ad66e523ff61d79,NL,46-55,retail,2023-08,True
5e579df28e0186e5,ES,26-35,student,2022-02,True
afb69994acd599af,DE,26-35,business,2023-08,True
b05e2ec70642aca2,NL,36-45,student,2022-12,True
eb9eb3d98ffc908a,SE,36-45,retail,2022-08,True
b4b2661cd08b1a65,ES,36-45,retail,2023-07,True
8fd41f24d5cec9c0,NL,46-55,student,2024-01,True
ad5e2fc1133f21b9,ES,46-55,retail,2021-09,True
8a7b6293bb68dcab,DE,56-65,student,2017-10,True
056e31f0c9a2ce76,NL,36-45,retail,2021-10,True
e04e79211eded7f8,FR,46-55,student,2017-12,True
6a9e30c0a81d2093,IT,46-55,retail,2023-10,True
abd7d81b0a29a3a4,FR,46-55,retail,2021-07,True
ec0c19a96c26b671,FR,36-45,retail,2023-12,True
ce76371c4f65f0e6,IT,56-65,student,2023-10,True
ab49d6bed0645985,FR,66+,retail,2024-02,True
ab2bad6c5cc69ea8,ES,36-45,student,2023-12,True
5be0bf5cec5505bd,IT,18-25,retail,2024-01,True
a96eeb906a64ad5c,NL,46-55,retail,2023-03,True
572c6f7905851c8e,PL,26-35,retail,2023-12,True
a0ca1643dd2d7aed,SE,56-65,retail,2019-10,True
20377a170e9bc591,NL,46-55,business,2021-07,True
dca17d4ddf5d2523,IE,36-45,retail,2024-03,True
1d6256bb4198ec00,ES,36-45,business,2023-09,True
ad2b589c2ff3e734,PL,36-45,student,2023-08,True
e8505741f54befe3,FR,46-55,retail,2024-02,True
eac5a3014b7afb65,FR,46-55,premium,2020-11,True
a6f0283b6541a777,SE,18-25,retail,2022-10,True
44d101843bcb0e23,PL,36-45,student,2024-03,True
6d9e5962783dfe16,DE,46-55,retail,2022-06,True
c80745ee80faaee0,PL,36-45,retail,2023-11,True
92b31ca7d611dc7e,ES,66+,retail,2024-01,True
a30fa530223da737,ES,36-45,retail,2024-01,True
e85cf6d77183c182,DE,66+,premium,2022-12,True
1be54dd8ab197a29,DE,36-45,retail,2022-03,True
8daa1f8f6689a0d6,SE,46-55,retail,2023-09,True
f239feb42da36e84,DE,46-55,business,2024-02,True
915b281f79e49d8f,IT,26-35,business,2022-05,True
f687be2085ec1005,PL,36-45,student,2023-05,True
3056a65fb9481923,FR,18-25,retail,2023-03,True
f15a3bded9605558,IT,26-35,retail,2023-03,True
59459e03d7e7c822,FR,36-45,retail,2023-11,True
6a1ce5981a5ae735,SE,56-65,retail,2024-02,True
860e4dbc072f3fb1,NL,36-45,student,2022-12,True
fbb6ccc26dd9d771,DE,56-65,premium,2018-09,True
810c39107f2fd2bf,ES,46-55,business,2022-01,True
77b24675463bec3f,IT,36-45,student,2022-11,True
8c1fd17c65265a64,IT,36-45,student,2023-11,True
8062406ec2a89952,NL,26-35,business,2023-01,False
dfb1b4a37fc05c3b,FR,46-55,retail,2022-06,True
2b456639c1dd7b20,SE,36-45,student,2023-10,True
0ad1afb264d469c0,NL,26-35,business,2023-03,True
4e77b86e3dcbb912,ES,46-55,retail,2021-09,True
e3ca7e4af7cfaa92,FR,46-55,retail,2023-08,True
871bac36f2dd9690,NL,66+,business,2024-03,True
06903f18a775b33a,IT,36-45,retail,2021-12,True
d6c13c439b681bcd,DE,18-25,retail,2023-04,True
c7176abc8a4040cc,FR,26-35,premium,2022-02,True
c5171f90a634809d,FR,36-45,premium,2023-05,True
8f65c50e93b596e2,FR,56-65,retail,2023-07,True
2ed765bb71a61b19,DE,26-35,premium,2020-09,True
8bacf2830e51deb6,DE,18-25,student,2024-02,True
4790e6e4958afc4a,DE,46-55,retail,2022-03,True
95b5c4bae98bf094,NL,18-25,student,2020-01,True
ed53de8995c3b49c,NL,46-55,business,2022-05,True
44dd4023e8f3c3af,DE,46-55,retail,2022-07,True
86456ed647fcef80,ES,36-45,retail,2023-01,True
55ad683022d1b220,FR,36-45,student,2024-02,True
4b82ef1a577838d0,SE,36-45,retail,2024-01,True
b7a5a18b3b65ea96,NL,18-25,retail,2024-02,True
9600fc143bd381fb,ES,18-25,retail,2022-07,True
335fa22d8b0dc4a5,SE,36-45,retail,2023-08,True
531b1a89609b337c,NL,36-45,retail,2023-12,True
5aec10325d5b689f,NL,26-35,retail,2023-01,True
669457956d7daca6,FR,26-35,retail,2023-09,True
7305388c32e9c0ed,SE,26-35,retail,2023-04,True
e4bd328bed222054,IE,46-55,retail,2022-03,True
f25aed657bb8a064,ES,26-35,retail,2023-06,True
98e5cc8511e0309d,NL,46-55,retail,2022-12,True
af70e75b7f550067,PL,18-25,retail,2023-05,True
1f5262d311b30ee9,ES,18-25,retail,2023-02,True
52f5d8bc0287916e,IT,46-55,business,2024-03,True
9cf653a5b5742ff1,NL,18-25,retail,2022-08,True
806fbc24ad4a047a,ES,18-25,student,2023-04,True
02a9360829e546a9,IT,56-65,retail,2024-02,True
a6be6c3c92ccd3e2,PL,18-25,student,2023-06,True
61bb846ad88cc448,ES,36-45,retail,2024-03,True
26966876cb7fa56b,ES,36-45,premium,2023-07,True
f2bbbc04ab00ac16,SE,36-45,student,2023-01,True
1ded3f49999fce4f,NL,26-35,retail,2023-10,True
742d606eb1e1218f,PL,36-45,student,2023-02,True
85fad3baed50a4c2,SE,26-35,retail,2023-10,True
de751324db211c04,DE,26-35,premium,2023-10,True
5ffd9a45c034ec74,PL,36-45,retail,2023-12,True
69f5bb3ce22c9e4c,IE,18-25,retail,2022-03,True
dc2a3c45dff42d79,FR,36-45,retail,2023-09,True
360b2e9af88236e6,PL,18-25,business,2023-09,True
9e09b803cb91a189,SE,46-55,retail,2023-08,True
127976a102fac5c6,NL,36-45,retail,2023-07,True
6069017fef03def0,IE,56-65,student,2023-11,True
427e7ed0b44e632c,SE,36-45,retail,2021-10,True
912de239e7da3736,SE,46-55,student,2023-11,True
62c238e7633a8c97,PL,56-65,student,2023-11,True
6b121a32b905728d,IT,18-25,retail,2023-08,True
a82a1cad535d5823,DE,56-65,retail,2024-03,True
08949fbd806b0279,NL,46-55,retail,2024-01,True
f1c5077666500c9c,FR,26-35,premium,2022-10,True
71063b03b6e111a0,IT,18-25,business,2023-07,True
3784864afc5e5acf,NL,26-35,retail,2021-09,True
d84b07ec06150f85,DE,46-55,premium,2023-12,True
0cc43a7e8feb710d,ES,56-65,retail,2023-07,True
d928da40ae708cd7,ES,18-25,retail,2023-10,True
c1149903766ac77b,FR,36-45,retail,2024-03,True
b2c59e3ee5773b53,IT,46-55,retail,2024-01,True
5f2814191cf3fb1a,SE,26-35,retail,2022-11,True
d3550daa059fbf03,NL,18-25,retail,2023-09,False
5ac258a423ba082c,NL,46-55,business,2023-10,True
39c45f3a6c2ae13b,PL,36-45,retail,2023-08,True
c867295b124df09d,FR,36-45,student,2024-01,True
2b01d1cee9dc1b6d,FR,26-35,premium,2024-01,True
69fea67021fa6b23,ES,36-45,retail,2022-07,True
a1f56e2d9002af20,DE,26-35,premium,2022-10,True
2948cff2e4ba9fb6,FR,36-45,business,2023-12,True
bfa53a0f5b64b4b6,DE,36-45,business,2023-07,True
cc351e187d01a4ca,PL,46-55,business,2022-03,True
ac4a3dd0f16ef530,IT,18-25,retail,2024-03,True
38f73adbcbc341f5,DE,26-35,premium,2020-06,True
4a020dceb0e5f039,IE,18-25,retail,2024-01,True
46b583b62cf224fe,DE,26-35,retail,2024-02,True
6b73004ea0491476,NL,46-55,premium,2023-01,True
574fc63d8fc64d07,IT,26-35,retail,2022-12,True
8d9cda20d3427e6c,SE,36-45,premium,2023-01,True
9ee5e7a8f0dc12ab,FR,56-65,business,2023-06,True
10469595cce654f5,ES,46-55,retail,2022-05,True
58ce021f587a46d5,DE,46-55,student,2022-08,True
3a3a92ed6181c4c0,FR,36-45,retail,2023-12,True
6cb0a2614c614f57,FR,18-25,retail,2023-11,True
d670c342cf452826,DE,66+,student,2024-04,False
0088e4abb2a7d88e,NL,18-25,retail,2024-03,True
72f296e694ecb7bd,DE,46-55,retail,2018-09,True
e5ffc27eab5b2e34,DE,26-35,premium,2022-08,True
2a3534d471604c9c,PL,36-45,business,2023-05,True
e1d97db77dca562f,PL,36-45,student,2023-12,True
dc5cf2c4f32004a0,NL,46-55,student,2022-04,True
6b0a046955e88176,ES,36-45,retail,2024-01,True
89f0bceb92b0c0af,IT,18-25,retail,2022-05,True
02539a8a5e54e44d,NL,26-35,retail,2023-02,True
18c893c7c6d646dd,PL,56-65,premium,2021-08,True
ce0bc9d7efc0cb63,PL,36-45,retail,2023-05,True
4a7813857fd81322,ES,46-55,student,2022-07,True
cbf55b3ed62d6cfd,DE,26-35,business,2024-01,True
17103aa3f169518e,SE,36-45,retail,2024-03,True
4314b3a43f22ab76,DE,26-35,business,2023-02,True
8fec551d6e5e2d12,IE,36-45,business,2022-03,True
74197e67b9ae830d,ES,56-65,retail,2024-01,True
1b2a40c08c01309e,DE,36-45,student,2020-02,True
19c63b16c383315e,NL,26-35,student,2022-08,True
d4bd2d49eb730407,DE,46-55,retail,2024-01,True
ddea58d340fc07a2,NL,46-55,retail,2023-12,True
1f54eabc2433c364,PL,36-45,retail,2023-06,True
52e2efa1007a35ca,FR,36-45,retail,2022-07,True
58d71569e24151e1,IT,26-35,retail,2021-05,True
ee798a20f3d8a887,ES,56-65,student,2023-02,True
dbb3b830795c3128,PL,26-35,business,2023-08,True
2a869acceea4e7d2,NL,56-65,student,2023-07,True
9496d605299b1299,NL,36-45,retail,2022-08,True
5a6a00ef48b72500,IE,46-55,retail,2023-10,True
a45bc31ff885dd38,ES,66+,retail,2023-12,True
735770980af6fab3,IT,46-55,retail,2021-09,True
835bf3fbc8ac96a3,PL,18-25,retail,2024-02,True
cf4ba1626cf46eb2,IT,18-25,retail,2023-02,False
da846c8397a1d357,FR,26-35,retail,2021-07,True
966a709896de4a4e,FR,46-55,retail,2023-01,True
e019391d777240d7,PL,46-55,premium,2023-08,False
f304b5d4436976e9,IE,56-65,retail,2023-11,True
9b8da0c86792677f,DE,36-45,retail,2023-01,True
e640d9b994f7eb8e,ES,36-45,retail,2021-07,True
f4e9a5440d3923fa,IE,56-65,premium,2023-09,True
8a86516f6a6a0b49,FR,46-55,business,2023-08,True
482e4e5d7d69f48f,FR,36-45,premium,2023-09,True
2ed5070a780cd10e,DE,66+,retail,2024-02,True
c1fc34b1f0eb1fab,PL,26-35,retail,2023-10,True
d9a565f2f22f8855,FR,36-45,retail,2023-03,True
db8682cf29d656a5,DE,26-35,retail,2023-10,True
79b132f19ec40e65,FR,46-55,student,2023-03,True
495a402d90c50cc8,DE,36-45,premium,2023-02,True
6a277d1d4dc0f5f0,ES,18-25,student,2022-06,True
d1897c6503577040,FR,18-25,retail,2024-03,True
185fe5ec2ce8801d,NL,36-45,retail,2023-02,True
68fb40f9dfceedeb,ES,46-55,business,2023-05,True
bb8cb1b221760c25,IE,18-25,retail,2024-01,True
374a2117f9d654c8,DE,36-45,business,2023-08,True
f1900b7806e43cc9,SE,36-45,business,2023-11,True
2dd2427980d75bd8,ES,26-35,retail,2023-04,True
bf63964fdc5762f3,FR,56-65,retail,2023-06,True
356627588de7ee75,SE,26-35,premium,2020-04,True
0d21cf1c4a62d6bb,ES,36-45,premium,2022-08,False
ab2bb115ac6436db,ES,66+,retail,2023-08,True
7fcd96feefac9fea,PL,26-35,retail,2023-11,True
327c161acaef1bf8,DE,26-35,retail,2022-11,True
d9a948f98490d295,IT,56-65,business,2022-10,True
36e8e7dc01a3fcee,PL,36-45,business,2023-11,True
cd48df0bb16ee918,PL,36-45,retail,2018-09,True
b06fe665a6946199,NL,18-25,student,2020-06,True
7912d1ee304d13bf,FR,36-45,retail,2024-01,True
f09b10b595b56381,FR,26-35,retail,2023-05,True
153836b5aeb25993,FR,46-55,retail,2023-10,True
9ace0a73123224f2,SE,36-45,business,2022-07,True
5e8da65e13b9aa8c,ES,36-45,retail,2023-11,True
cb0269fcc987c755,DE,56-65,retail,2024-01,True
33b1cb19e0c94e86,IE,56-65,business,2024-01,True
72fdc8505497ba14,DE,46-55,retail,2024-02,True
74f655e2253613c6,FR,26-35,business,2022-12,True
329c66eea02f9889,PL,26-35,retail,2023-10,True
33609efec935c09d,IT,56-65,student,2023-12,True
a41d88bccd19360c,ES,26-35,premium,2023-05,True
ae78eb061740554b,PL,26-35,premium,2020-03,True
be1511e4b9d6779b,DE,46-55,retail,2023-06,True
86a823fa342a90a0,ES,26-35,retail,2022-05,True
d4134b64e85068aa,SE,46-55,retail,2023-03,True
1219c2c88f9da194,FR,18-25,premium,2022-11,True
b87e8d71e0d59d60,FR,46-55,retail,2023-12,True
20163c1020833b55,ES,26-35,retail,2021-01,True
f2515ab38778aae9,NL,46-55,retail,2022-06,True
f00c6798c46dc66c,PL,46-55,student,2023-01,False
7798bbe2dcfeb412,ES,46-55,retail,2024-03,True
d0adcae6717046f3,FR,18-25,student,2022-12,True
0a56c59a625c91c7,PL,46-55,student,2024-02,True
1d15515e9d5cad06,FR,26-35,student,2022-06,True
8764748c0c612b07,IT,26-35,retail,2024-02,False
fcf35cfca36c7a6f,DE,46-55,student,2024-01,True
6a91c7f31bd2113b,DE,56-65,retail,2023-08,True
0f7eff4f2b419294,FR,46-55,student,2023-08,True
7c06321da68f921b,FR,46-55,premium,2022-11,True
d522434a06beef84,IT,26-35,retail,2022-01,True
01a9fb45d8226250,FR,56-65,premium,2024-02,True
e74a7badfb10b9cf,SE,66+,retail,2023-11,True
963204d1027c83b2,IT,26-35,premium,2023-01,False
1f2eadf648c2c16c,NL,36-45,retail,2024-02,True
f8d79bae53376faf,IT,36-45,business,2022-10,True
d3b399680a683d8e,DE,18-25,retail,2024-01,True
997b7efe62f56bbd,FR,26-35,student,2022-11,True
433bd2e006a51c1b,FR,36-45,retail,2023-10,True
0d0a1e2eb7d8384d,DE,46-55,retail,2022-05,True
b136f431a6e70a38,DE,46-55,retail,2023-09,True
1dce4fea51c1ede7,SE,18-25,retail,2020-04,True
90aec616c1e95c98,DE,46-55,premium,2022-07,True
a488c114174635ea,PL,56-65,retail,2022-07,True
0d4b7cf868fa22f6,ES,66+,premium,2024-01,True
58c89b1cb41500eb,IT,36-45,retail,2023-12,True
6f1c67d0edeb5a52,PL,18-25,premium,2024-03,True
adcda732b778734e,IE,36-45,retail,2023-06,True
b0002b859a763c24,FR,26-35,premium,2019-05,True
37cb09db24ec7b39,DE,46-55,student,2023-10,True
593a7c06e73af443,DE,18-25,retail,2023-03,True
f760eb57ac9ee2ed,DE,26-35,retail,2023-09,False
7f82cc56ecca9f34,DE,36-45,retail,2023-09,True
b40411b3fd3e07cb,NL,46-55,retail,2023-07,True
e393c3bdcf5f1b09,IE,66+,retail,2023-08,True
46824400db91132e,ES,18-25,retail,2022-05,True
d731012b75d165d3,PL,26-35,retail,2022-08,True
eb302ff5f5cac00a,FR,26-35,business,2023-09,True
30f359ddd9cfeda9,ES,46-55,retail,2024-02,False
1f55e0c0ffcf0e21,IE,36-45,retail,2024-01,True
5b6f36d404f90256,DE,26-35,retail,2024-03,True
d085ec5c6c920a06,ES,36-45,business,2023-10,True
b52155fad83b7a14,FR,18-25,retail,2023-06,True
52db6a8a667a338d,DE,26-35,retail,2023-11,True
eb795805b5195a19,DE,36-45,premium,2024-03,True
a2b537de68f7e027,NL,46-55,premium,2022-09,True
4ab81790d0f868b3,DE,26-35,business,2023-10,True
e756ca6c752ed441,IE,46-55,retail,2024-02,True
e75ebcb9b83df372,IT,46-55,student,2024-01,True
1c13be348033fad3,DE,26-35,business,2023-09,True
e1faac11ac873023,DE,26-35,retail,2022-11,True
f08dbb199f1128a3,FR,56-65,student,2023-08,True
e3da7422d73d1543,ES,36-45,premium,2023-12,True
383d9fdc2f63c256,DE,36-45,retail,2023-03,True
eabe4330c2d8a661,SE,56-65,retail,2023-12,False
393f10d221736b65,FR,46-55,retail,2023-12,True
2193903d9889962e,IE,18-25,premium,2023-02,True
bfc9d9b9301ac09f,DE,46-55,retail,2023-02,True
f643f6e933fe96a7,IT,26-35,premium,2023-11,True
2d03bb4f95aa239e,SE,46-55,premium,2023-03,True
da98deb273d2dcd6,ES,26-35,student,2023-09,True
34ee93a7d68f765e,DE,26-35,premium,2024-02,True
b87b8d97768ccd5c,DE,56-65,premium,2023-10,True
aba75c8f073a4365,IE,46-55,business,2023-10,False
a841b91491621c1a,SE,36-45,business,2024-02,True
30bb9cdedae3db4f,IE,36-45,retail,2023-03,True
280101352f689111,FR,66+,premium,2021-04,True
64ad077ad4f024c3,PL,26-35,retail,2023-06,True
cb23748cbc11a44c,ES,36-45,retail,2018-08,True
df962f1bd3515867,PL,26-35,premium,2023-02,True
dfcdda650245b5bc,ES,66+,retail,2023-06,True
40f1d1693340e068,SE,26-35,business,2024-01,True
bc49174ecfd7cf47,ES,26-35,retail,2023-05,True
5391c966225ba9ae,IT,36-45,student,2021-12,True
e384185038363283,PL,66+,business,2024-01,True
9d39d6145f3f36fd,SE,56-65,retail,2021-02,True
90391f41ecec5320,ES,46-55,retail,2022-12,True
39902692a9e93001,DE,26-35,retail,2023-09,True
d8de108e60d773cf,FR,46-55,retail,2023-02,True
79358836f5c3d38f,ES,36-45,retail,2023-12,True
7e44cabb43bedc85,ES,26-35,premium,2022-11,False
d03344231870c93b,FR,56-65,student,2021-09,True
6d70132cb141f993,IT,36-45,retail,2023-10,True
3a8a70e4271606a9,PL,26-35,business,2023-08,True
6cf5f51227798fde,DE,46-55,retail,2024-03,True
497f1a19c5d46666,ES,26-35,retail,2022-09,True
6d7eb9801ae5ff90,FR,26-35,premium,2023-04,True
40e9bad04223d4ff,ES,36-45,retail,2023-09,True
e5db05ab5cafd686,FR,56-65,premium,2024-01,True
b9c9df053e21c286,FR,36-45,premium,2022-10,True
30ade9a910175ac3,NL,46-55,retail,2024-04,True
43085b8077772917,DE,46-55,student,2023-06,True
8a7d969f35ec698a,NL,18-25,retail,2023-11,True
a67a93448e0a152c,IT,26-35,retail,2024-02,True
3ced8f5ff4869053,IT,18-25,student,2023-09,True
3562ec50a9b4ba62,NL,36-45,premium,2024-03,True
15e706c232cef3e1,FR,46-55,premium,2023-02,True
73bf6830cfdbea09,FR,26-35,premium,2023-08,True
2f4c79e382c8a278,SE,46-55,premium,2023-08,True
763b792e215303e6,IE,26-35,premium,2024-01,True
1709da14e1349652,DE,36-45,student,2020-01,True
df91af9ae72ffd52,IT,36-45,student,2023-06,True
ce110d82378aad21,PL,46-55,retail,2024-03,True
0f1c1383bee6ce83,DE,18-25,student,2023-04,True
d049f9ba3eaa9ccc,DE,46-55,premium,2022-11,True
f3b9af80e7b40695,DE,36-45,retail,2022-12,True
a05dc36ad810976a,ES,56-65,premium,2022-08,True
464514e927b54df6,IE,36-45,student,2021-01,True
e7b78e48def6074d,NL,36-45,retail,2024-03,True
b840ccc0eba45d70,DE,26-35,student,2021-09,True
f6279f4ea3b84253,FR,46-55,business,2021-01,False
32b18e78a832fb59,ES,46-55,student,2023-12,True
0bd37110026f5986,SE,56-65,retail,2023-11,True
9b3e0964e5736208,IE,36-45,business,2023-11,True
3b82c7342c720fc5,NL,46-55,retail,2023-12,True
21862e96f3787331,NL,56-65,premium,2023-12,True
d8b0bf3baab74416,DE,18-25,retail,2024-02,True
04453b4206491b64,DE,36-45,retail,2023-09,True
2bbe9e90146a702f,DE,36-45,retail,2022-06,True
ca691ea0dcd4f55e,DE,36-45,student,2023-11,True
696f8ccfb1267f32,DE,56-65,premium,2024-03,True
54df25848509e639,DE,18-25,student,2023-01,True
e2e4ff02c8e88e9a,FR,18-25,premium,2022-12,True
9b10e4cf8ca32305,IT,46-55,retail,2022-12,True
863fa652f2f402d0,PL,56-65,retail,2022-05,True
fd1bb1797b89a661,PL,26-35,retail,2023-12,True
0ddddf3dc3e1e814,PL,36-45,premium,2020-05,True
ffa75448fc03877a,DE,46-55,retail,2024-01,True
3257dca65e6f7e07,FR,36-45,retail,2022-12,True
fd7bf922ff979141,NL,46-55,business,2022-01,True
c1e0493579b9b60c,DE,46-55,retail,2023-04,True
d8b238d1e462d396,FR,46-55,retail,2023-12,True
625f1b5cafbf4cd5,ES,56-65,business,2021-06,True
6b3ceadd7a91993b,DE,26-35,retail,2024-03,False
2d7a896d6f976ea6,ES,36-45,retail,2023-01,True
0a13364569a1624e,ES,56-65,retail,2023-02,True
3495f5bff398477f,FR,18-25,retail,2022-07,True
2306693735fea84d,IE,56-65,retail,2024-03,True
75b4531e6d76a9b3,IT,36-45,retail,2024-03,True
82740fb9c370b29e,PL,18-25,premium,2023-07,True
33b3ad0197c2e643,FR,46-55,retail,2024-01,False
005e2a951b67f134,IE,46-55,retail,2023-12,True
217093744bec3a1d,FR,66+,retail,2021-09,True
d8be031637acb61d,DE,26-35,retail,2024-03,True
21b9ffa2e4e43b39,FR,36-45,retail,2022-11,True
1c037cf607d43abb,IT,46-55,retail,2022-04,True
f409f12d8d039dd0,PL,26-35,retail,2022-10,True
d9aafd8e5c91423b,ES,46-55,premium,2024-02,True
01b3938a0f869ab2,ES,18-25,retail,2023-06,True
90d04f4643fff263,IT,18-25,retail,2023-11,True
e8fe3f1fd3412db7,IT,18-25,retail,2024-03,True
e3836f8e3b1c362d,DE,46-55,retail,2022-05,True
a063471b0d352a01,DE,36-45,business,2024-01,True
466e62dacf669d3a,ES,26-35,retail,2021-05,True
c5bfe6037d54ef9c,FR,18-25,student,2023-07,True
5f2a86c1aadcf82c,DE,36-45,retail,2024-01,True
ea342c6685ccd779,FR,46-55,premium,2024-02,True
1b643b3295886ba3,FR,46-55,retail,2024-01,True
15d2e6a073b47b17,IT,26-35,premium,2024-02,False
056d0b961c9a3fd5,IT,36-45,retail,2020-12,True
307ef8a34aa39df5,ES,26-35,retail,2022-01,True
5413355d9615ed18,ES,56-65,retail,2023-03,True
a149d8738fb7893f,ES,56-65,retail,2022-10,False
0ba2e626013e305f,PL,46-55,retail,2023-12,True
0bf9d48a8bcc889f,ES,46-55,retail,2022-03,True
580316d231d54760,FR,46-55,premium,2024-02,True
06743f3023845ae7,NL,56-65,student,2024-02,False
c07db4d961180802,PL,46-55,premium,2022-09,True
003bd1a3d2f25817,NL,46-55,retail,2022-07,True
2d4551ea86a1f72a,IT,56-65,retail,2023-11,True
d48a743427bb8fb4,FR,36-45,retail,2024-03,True
9a25cc1670447955,ES,56-65,business,2023-09,True
afd3fe510888f458,NL,36-45,retail,2024-03,True
81d40e750ce01412,PL,18-25,retail,2024-02,True
4b2b987c1e33a904,IE,18-25,retail,2023-12,True
2f2cd16bd304ce95,NL,46-55,retail,2023-03,True
ccc4df5f2647c472,IT,36-45,retail,2023-11,True
0147b3f8b4cfc477,NL,46-55,retail,2022-11,True
5e6f88c12e2e8802,DE,36-45,retail,2023-10,True
c10d87f5ce25d275,NL,36-45,retail,2022-01,True
e7ca08d942d02a83,FR,36-45,retail,2024-01,True
0e2f24352517da1d,NL,36-45,premium,2023-07,True
7c1daa0562c8e2ce,IT,56-65,retail,2024-01,True
57cda8e1dda2e493,ES,46-55,retail,2022-08,True
7c1f59e5cd7a0688,FR,46-55,student,2023-07,True
2edb8f1f8cc67d28,PL,26-35,premium,2019-10,True
06d8f5a650618141,ES,36-45,retail,2023-12,True
fcd2e20ce4c2f37c,DE,56-65,retail,2023-04,True
e2b5118b074a537a,PL,46-55,retail,2023-11,True
ef427781bf19c858,FR,56-65,retail,2024-02,True
3d0fc962d4d662c1,NL,26-35,business,2024-03,True
b08e87dae35c22ed,DE,18-25,business,2023-05,True
60fa9b554efac91e,NL,46-55,premium,2022-08,True
52f7a4344f988a5d,FR,26-35,business,2023-12,True
170a54f99520fcef,DE,46-55,retail,2024-03,True
51918b212563ab77,PL,36-45,retail,2021-09,True
e1047c28afb7d63e,FR,46-55,retail,2024-02,True
d0ed2c8fb01068f0,DE,26-35,premium,2023-06,True
cac6ec76f8cd3f38,FR,46-55,retail,2019-10,False
c08fd08acd2d661a,NL,18-25,retail,2022-05,True
800601edef778751,DE,36-45,premium,2024-02,True
8891fa62a70d602c,NL,36-45,retail,2024-01,True
64c12496099ddbd9,SE,36-45,business,2024-03,True
8fbe60f1e07167e8,NL,36-45,retail,2023-02,True
e5fabcbd47e8a114,DE,56-65,retail,2023-05,True
2c67763b99ced423,SE,18-25,retail,2022-11,True
eca6f3348b966f3c,PL,36-45,premium,2023-12,True
7261a484d25902c4,DE,18-25,premium,2024-03,True
7505d7d70dd4c107,IT,46-55,business,2023-07,True
54c5124557c96387,DE,46-55,retail,2018-11,True
f87afae4e29a7722,FR,66+,premium,2023-12,True
cd792f56d23ba69d,FR,36-45,retail,2023-09,True
22eacfb77d33a61e,NL,36-45,retail,2024-03,True
dbf2a9fed618ea40,IT,36-45,retail,2020-05,True
9a308fde15d3d3b2,DE,36-45,premium,2023-09,False
c91c5fe3b6e0304c,IT,18-25,retail,2022-11,True
94099f61c6071670,ES,36-45,retail,2023-01,True
b178f60de0d2f099,FR,46-55,retail,2023-11,True
cf5f118c0b4940d1,PL,36-45,premium,2023-07,True
f3f9a3c01289706a,NL,66+,retail,2023-06,True
d6a085b017d24979,NL,56-65,retail,2021-06,True
9ce56b371117edbe,PL,36-45,retail,2024-01,True
a2ace0154e97bf1a,NL,36-45,retail,2020-12,True
eaf0981a0ad3a8f5,IT,46-55,retail,2020-07,True
b716dba8ef545314,FR,26-35,business,2024-03,True
5a7c57c58d782441,NL,18-25,retail,2024-03,True
82be6bbbf933e0bc,PL,56-65,retail,2022-06,True
e9cca9c575e51f08,IT,36-45,retail,2023-08,True
ad4faa71c739fbe9,ES,46-55,premium,2022-12,True
c21ec998119b9149,SE,18-25,retail,2023-05,True
1e909b41c8919a1b,NL,46-55,retail,2024-03,True
889ca876c992a741,DE,66+,retail,2023-09,True
2400a1f87ff70036,IT,26-35,business,2023-11,True
f401a8e7a3df633b,IE,66+,retail,2023-11,True
37370e3a7b26f9ff,DE,56-65,premium,2023-11,True
8dd523a41f2bdc90,FR,26-35,business,2021-08,True
d4e1b1a8c8c0de79,FR,46-55,business,2023-09,True
b50aecb8d1d3e0d9,FR,26-35,business,2023-02,False
d59913071366c705,NL,46-55,business,2022-09,True
a32ab1b1a00051a7,IT,56-65,premium,2023-05,True
c9b764ac3aca1ce2,FR,36-45,retail,2023-12,True
e66eb99745e82324,IT,18-25,retail,2022-02,True
57d0ab5ac3273e0c,IT,36-45,retail,2020-12,True
0ab84ffd49e4d7b8,PL,36-45,premium,2024-03,True
4df0b11a63764335,FR,26-35,retail,2022-09,True
2ed0b170ac4e4838,ES,36-45,retail,2023-09,True
1bb5058064406311,IE,36-45,business,2021-11,True
c3ee369012aba38c,FR,56-65,retail,2024-02,True
d1c1f8ef0cb38ede,IT,26-35,retail,2024-01,True
2a7f0b403d34e414,FR,46-55,retail,2021-12,True
85ce309c9455d6be,IT,26-35,retail,2020-12,True
0a4306130e0357f1,IT,26-35,student,2023-06,True
e8bbcbea490721cc,IT,36-45,business,2023-12,True
8e5156f9df594f80,ES,46-55,retail,2023-01,True
baae70bdefea265e,NL,46-55,business,2023-12,True
ec2dd961fabfab0d,FR,46-55,retail,2023-12,True
ce4f17b2261b6db3,IT,36-45,student,2022-11,True
c06b265b64b5f709,SE,56-65,retail,2023-07,True
f1383b08f369d098,NL,26-35,business,2023-04,False
937f1012c2217e34,FR,56-65,premium,2024-01,True
09cc4bcef7827506,DE,56-65,retail,2022-07,True
97a12843c7ef4991,IT,26-35,retail,2023-12,True
c2f41b9a01b3fca3,ES,56-65,retail,2023-02,True
5391696bd17ce860,FR,18-25,retail,2023-02,True
38364bdf90833015,IT,26-35,business,2023-07,True
06754e3a317348e8,FR,56-65,premium,2022-06,False
9ce658e9f8a0f5c1,ES,46-55,student,2023-07,True
d40c9c55a342eb3c,DE,46-55,business,2023-08,True
93d53214ab3cd8ba,IT,26-35,student,2023-09,False
5994f84eafa633e7,DE,46-55,retail,2023-09,True
747cc0ffb9d94de9,FR,18-25,student,2023-12,False
3a68ccf8a29f1fbe,FR,36-45,retail,2022-12,True
0a507123d5f5258f,NL,46-55,retail,2023-11,True
af122a30d66d88d0,NL,66+,premium,2024-03,True
8a02c00e81f255fd,DE,18-25,retail,2023-08,True
614920cc1b46a0c6,ES,46-55,retail,2020-08,True
de5c860f2d85e6ef,FR,66+,retail,2023-10,True
a349877977cb440c,DE,46-55,student,2023-12,True
a72a7f8ce4b1bd6a,FR,26-35,student,2023-12,True
12eb8c12c4fbec77,DE,36-45,student,2023-12,True
5286fac0e371b0e3,FR,46-55,business,2023-07,True
5c05119e0c92012f,NL,66+,premium,2024-01,True
63ef1f149c970903,ES,46-55,student,2024-02,True
c84910e52d63d5e0,IT,46-55,retail,2024-01,True
f5293d0a0d3ef2cd,DE,26-35,retail,2023-12,True
cf007c145e3f7b53,IT,36-45,retail,2022-11,True
bdf65b98ba3042b7,DE,26-35,retail,2022-10,True
eee672c116f549f7,ES,36-45,student,2023-08,True
ae1e368a54ac784f,IT,36-45,retail,2022-06,True
2f801dbe6e0b30b2,FR,46-55,premium,2023-11,True
f7b718cbddb93644,FR,56-65,premium,2021-11,True
ebee81f876e91c6b,IT,18-25,retail,2024-03,True
528928aeca4d07b2,FR,36-45,retail,2023-01,True
5ad7fb576cf3d46f,NL,18-25,business,2022-10,True
41f7483cd03ba26c,IT,36-45,retail,2022-07,True
8e8cbed2eb6b5146,DE,56-65,student,2019-08,True
bed67abcbadac2e8,NL,36-45,premium,2023-12,True
5fbe2a4d7f649303,IT,56-65,premium,2023-07,True
b46ba6da5a5f6a60,DE,26-35,retail,2020-09,True
6a2f84c3e4261766,IT,18-25,business,2023-08,True
5aa7247a41b89149,ES,26-35,student,2022-12,True
e6454f7181d2c0a4,DE,36-45,retail,2021-07,True
6ab6f17e9f5bd18b,DE,56-65,premium,2023-09,True
94bf1f60d56a4075,ES,36-45,premium,2021-05,True
9c26acaf536296a9,PL,36-45,retail,2023-03,True
fa3c8c7402a630f9,ES,26-35,student,2023-08,True
4964bcd7a9fac4fe,DE,26-35,retail,2023-04,True
aa1440f1c2952a66,FR,26-35,business,2023-09,True
a9ae71af623cb079,SE,26-35,retail,2023-05,True
0d034585ac7fef34,PL,56-65,retail,2021-10,True
6db229516493002a,NL,36-45,student,2023-08,True
bee9d54826605395,DE,18-25,student,2023-05,True
3cb339dc13b898cb,DE,56-65,retail,2023-10,True
90bc7f706f9ce46a,DE,36-45,retail,2022-02,True
7f7d3c6849f7e889,FR,26-35,retail,2021-04,True
38cb197fbc80df8f,ES,46-55,retail,2022-12,True
acd44da1214a026f,PL,26-35,premium,2023-06,True
947f38f2600cbf63,SE,36-45,premium,2023-01,True
ec1871fd8fea8cd9,IE,46-55,student,2023-11,True
3a655db4d091ab87,DE,18-25,retail,2022-06,True
ac4f0b83e8ada832,IT,26-35,business,2024-01,True
21b7e3f1d0c3921b,FR,46-55,retail,2022-06,True
6f98f6f209453a60,DE,56-65,retail,2024-03,True
45782a6b2f865003,DE,36-45,retail,2023-03,True
fe9eeb4fe2e290f5,FR,36-45,premium,2022-12,True
03a67fe171ddeec2,ES,26-35,premium,2023-06,True
14e2674cb7e3e6c4,IT,26-35,retail,2023-12,True
1d1ba18b5ce384f9,SE,46-55,retail,2023-05,True
190bdd0d52273495,PL,36-45,student,2023-10,True
0046aad0e08d7fba,SE,56-65,retail,2024-03,True
7be4ca4153977960,FR,18-25,retail,2023-08,True
c04a85423fff62cb,IT,36-45,retail,2023-02,True
ac111a346a1808b1,DE,36-45,premium,2024-03,False
6566a6ad1fdc104f,DE,26-35,retail,2022-05,True
2ec9fa43382fe2df,IT,26-35,business,2023-09,True
3a87d808bda4694c,NL,36-45,business,2023-06,True
2ac95dedc30f4bcb,DE,26-35,retail,2024-03,True
4d0447c095fc9aeb,IT,46-55,student,2023-12,True
204b8ea97b5a1577,PL,56-65,retail,2022-09,True
204b298722e578b2,ES,46-55,retail,2024-03,True
3fa1562f652c4645,DE,36-45,student,2022-10,True
8f40698f23f7bbae,ES,26-35,retail,2023-09,True
729f6ff207070d8f,SE,56-65,retail,2022-12,True
4ea0adc770f3f4a3,ES,36-45,retail,2023-08,False
36b1fab6df1ec44e,SE,36-45,retail,2023-02,True
fa00514069e0a464,IE,18-25,business,2024-01,True
4c6625a27d950f5e,ES,36-45,premium,2021-11,True
afc0f61797f7f372,IE,36-45,retail,2023-06,True
838fdda8981f9bc0,FR,26-35,retail,2023-07,True
8ee6522282453824,IT,46-55,premium,2024-03,True
3e436c1bb0e0c711,SE,26-35,student,2024-03,False
d5415940fcc4f38e,ES,46-55,retail,2023-12,True
907c33c0f8f8625c,FR,66+,retail,2023-11,True
d4c429841aaedeb3,PL,26-35,business,2023-07,True
65a44ba7daddcdf1,FR,46-55,premium,2023-05,True
b40f1417235fcb1e,NL,26-35,student,2024-03,True
f6324bc33b5ae475,FR,66+,retail,2024-01,True
10e9cec39d7513be,FR,46-55,retail,2024-02,True
4fb794c8e1c0b261,FR,36-45,retail,2023-08,True
6ca6284e227b8cc5,DE,36-45,retail,2024-01,False
87a774ebf752ce63,IT,36-45,retail,2024-01,True
381b7662c95ef409,ES,26-35,retail,2023-02,True
5ab98f5afeccd5e1,FR,56-65,premium,2024-01,True
67acb010cab3d959,DE,18-25,retail,2021-10,True
11c3fa19c197f71c,IT,26-35,business,2022-06,True
f6f9d4b94f9e80ea,PL,36-45,business,2023-05,True
f95cbb659e4de05a,SE,26-35,student,2024-01,True
f221e9de0cb0c74f,FR,56-65,student,2023-08,True
0aa5ffc66bda2e9d,DE,36-45,retail,2023-10,True
e63dcaa089b6a5fe,DE,46-55,business,2023-02,True
ead6b3f65fa76d9a,SE,66+,premium,2023-09,True
aa6a9cd88b787859,DE,26-35,retail,2021-01,True
f31d260fb34251c7,DE,56-65,business,2023-12,True
fd6bd22391aeb1ad,FR,36-45,retail,2023-01,True
f67d4ea689cc9519,NL,26-35,student,2022-06,True
f943e8a1787dcaf6,ES,26-35,retail,2022-12,True
cbeafd970bbe07c8,IE,46-55,premium,2021-11,True
ef4f28909de4ed50,FR,26-35,business,2023-11,True
d87c6ca4896aae05,NL,46-55,retail,2023-05,True
d98409a6a244ec4b,NL,26-35,premium,2024-03,True
f6bb94f1f5663fb9,FR,26-35,retail,2023-11,True
4fddf5e7bd749467,PL,56-65,retail,2024-02,True
9f8d3d82fc41019b,SE,66+,student,2023-10,True
a65cc4edc5151e5f,IE,26-35,retail,2024-02,True
759111b117e2f01c,IT,26-35,retail,2023-07,True
df7f7ff83e1f850e,FR,26-35,retail,2023-08,True
10c6c3d50285a9fe,PL,36-45,business,2024-04,True
4671550883a20758,FR,56-65,retail,2024-01,True
6c2d571d6110163a,IT,46-55,student,2022-05,True
b6c5b29b5110a5ec,SE,36-45,retail,2023-10,True
cefe24d322d9a349,IT,46-55,retail,2024-03,True
b11ff0c43ace260e,FR,56-65,retail,2023-11,True
e8e59b38180fd58d,IE,36-45,retail,2022-10,True
23def2b5bcccb844,FR,18-25,retail,2022-01,True
f0b9090ae85a1c87,FR,46-55,premium,2024-03,True
99f43c5cc5c64313,SE,36-45,retail,2022-08,True
407f0c5dd597fdb7,IT,36-45,business,2023-03,True
2ec6651d69c27cbf,IT,36-45,business,2023-05,True
25c51c751abda627,ES,36-45,premium,2024-02,True
0c5af1ae14d2aa0b,FR,36-45,retail,2023-08,False
2942b0a1b03652cc,FR,26-35,student,2023-03,True
c3debeca5e5186ff,FR,36-45,retail,2023-03,True
f677095ea8756f86,ES,46-55,student,2022-03,True
9aed243c8a1754f9,NL,36-45,retail,2021-09,True
10e0aed692fdc01e,NL,18-25,retail,2023-10,True
eb910534dfee0721,FR,46-55,business,2023-06,True
0e8405267b5dbf20,PL,36-45,retail,2023-10,True
ed430301cfb2ddb4,DE,46-55,retail,2022-10,True
8e8b22611cc40557,ES,26-35,premium,2023-11,False
ac99df2d2d607a20,ES,46-55,student,2021-03,True
0f4432dcd0678061,ES,18-25,business,2020-08,True
db098daa5168b28a,FR,26-35,business,2023-12,True
6e871e6d42cbf7f7,PL,26-35,retail,2022-04,True
9363cf969216ef5d,IE,18-25,student,2022-12,True
3621ef128250ad59,DE,36-45,retail,2023-10,True
08c77314b9eab03a,DE,18-25,retail,2023-01,True
8ecee5d9bcc43347,ES,36-45,premium,2023-05,True
ec3e84df972c945f,ES,36-45,retail,2021-08,True
46fd614ba8d8d959,IT,36-45,retail,2024-02,True
f71b50b4cbc4006f,FR,36-45,retail,2023-08,True
29ef9449b9cffd83,IT,36-45,retail,2024-02,True
8e514938f04e94e1,DE,56-65,retail,2024-02,True
1f9591148ac97cd6,FR,36-45,retail,2022-12,True
c8e23b4929aff423,IT,26-35,retail,2023-05,True
dae069462e10ada4,DE,66+,retail,2024-01,True
f32c95cbb9c816eb,DE,18-25,business,2023-10,True
6bcb927acdc17278,ES,56-65,business,2020-12,True
a361cd5faeb7f35c,IE,56-65,premium,2023-12,True
010aff6e3453e8d1,IT,46-55,student,2023-09,True
fd8450a2692da50a,NL,36-45,retail,2021-04,True
5743915f9b40b6be,DE,46-55,retail,2024-02,True
838834c7884e89af,SE,46-55,retail,2024-02,True
7e42773b443d38b1,ES,36-45,retail,2023-01,True
e62057584972ca56,FR,46-55,retail,2023-12,True
9b8f28260ea022ec,ES,46-55,retail,2024-02,True
0ea11b83dd136c4f,IT,18-25,student,2022-11,True
1c9f10dbb48c575b,ES,36-45,retail,2024-03,True
69478da7257cc49b,DE,36-45,premium,2023-11,True
a25eafa750d365fa,IT,18-25,retail,2024-03,True
7c9e854591c8b09c,IT,36-45,retail,2022-07,True
8ef3ce5cebef371d,SE,36-45,premium,2023-06,True
b8a7cd97703c4731,NL,36-45,retail,2024-03,True
f105e218655923ca,SE,36-45,retail,2024-02,True
24023d61834a2bdf,FR,46-55,business,2023-05,True
ed59c915c2e3d8d0,FR,36-45,student,2024-01,True
7ca77b919fcffc26,IE,36-45,retail,2023-06,True
d2179f7039128e63,NL,18-25,business,2023-11,True
6235c50c2bc4be57,ES,36-45,retail,2023-10,True
dd7c96124bc51e4c,DE,26-35,student,2022-08,True
8f93e4b30a4ff974,IT,56-65,premium,2022-10,True
b55900d1d1ee23e1,NL,36-45,premium,2023-11,True
db9000fdcef2751c,PL,36-45,premium,2023-07,True
37a233cc795d0834,PL,26-35,premium,2022-02,True
ae0c241ffbd3c8b4,PL,46-55,retail,2023-12,True
1c5e05058571e0fd,SE,66+,premium,2023-08,True
ac313a93c1d0f055,DE,26-35,student,2022-12,True
87dc64dbcc6a7a2c,FR,18-25,retail,2023-10,True
6ff84aba779538b6,SE,18-25,premium,2023-09,True
1a8888253c777c39,FR,56-65,student,2024-03,True
788ad8cdd405320b,PL,56-65,business,2020-03,True
7bf7714d20dd9cfd,DE,26-35,retail,2023-03,True
67fa722deff7d605,DE,46-55,student,2023-09,True
62900dd9d5f04020,DE,26-35,business,2023-01,True
bfcaa50253d63e35,FR,36-45,business,2023-10,True
d23602ac5e05c082,IT,56-65,retail,2022-01,True
4d81c530ea2b1d04,IT,26-35,retail,2023-11,True
1d58ec1cb73337f7,DE,36-45,retail,2024-02,True
5090bb5f087c2349,NL,26-35,student,2020-11,True
9e2920283498e19f,IE,26-35,retail,2023-08,True
ea50e5e9a59b764b,FR,18-25,retail,2023-04,True
4ace22243706dcec,SE,56-65,premium,2022-12,True
bd4b44380e05de8b,IT,18-25,premium,2024-02,True
c11abb4ea8e2bab6,ES,26-35,retail,2024-03,False
d8734feca04bd972,FR,36-45,retail,2023-01,True
2bcfbf0cfd08b264,IE,46-55,premium,2017-08,True
95a30fd856694100,NL,26-35,retail,2022-03,True
9ebb7fd2587c0ebf,FR,46-55,retail,2023-08,True
55e3a40b939b209b,DE,36-45,retail,2023-12,True
0f92f0e33811d375,FR,36-45,business,2022-05,True
55cde9f499c5fe32,IT,26-35,retail,2022-02,True
a718c00540f7e5f7,PL,26-35,retail,2024-01,True
4e0f2b8c2239191c,IE,26-35,premium,2024-03,True
54527231f2aab6a3,FR,46-55,retail,2024-01,True
39d48ca86de56ed0,FR,36-45,retail,2023-10,True
a92c24c1b395c6ce,SE,18-25,student,2022-05,True
766c3c6a6d5bdf0a,FR,26-35,retail,2022-05,True
f3707c65a1febb84,ES,26-35,student,2023-08,True
99eea867d82cdce0,IE,26-35,retail,2024-03,True
355db6bd1eb2970b,IT,26-35,retail,2023-11,True
7fc99ed4ff7d7d76,IE,26-35,business,2024-02,True
4e68d866c000f96f,ES,46-55,retail,2023-12,True
7e1253a12da76e32,IT,56-65,retail,2023-05,True
bfe83ae08fd3dbe4,ES,56-65,premium,2021-11,True
da0645a42cd5f416,IT,18-25,premium,2023-02,True
d1ffcff445be7125,IE,36-45,retail,2024-02,True
b52dbf2a38468914,ES,36-45,retail,2022-06,True
a401531bfa508325,FR,56-65,retail,2023-08,False
cf8f840f88724463,DE,46-55,retail,2023-07,True
8d122ff657cf9270,FR,56-65,premium,2023-06,True
7b14409fc1033d7f,PL,46-55,retail,2024-02,True
f78d6b6bd7ea4b0c,IE,36-45,retail,2021-01,True
eef9f0760694ea77,IE,36-45,student,2024-02,True
cdbb735c1035d163,DE,26-35,retail,2023-03,True
cdd6744e444252f5,IE,36-45,retail,2023-10,True
104b0515c7a5d5b7,DE,46-55,retail,2023-02,True
1c82b62f670f3cf9,NL,36-45,premium,2023-12,True
0c65244cb7411e52,ES,26-35,premium,2023-12,True
a12a6fcadca767ea,IE,46-55,retail,2023-09,True
8b49a1380fcc1b7f,ES,26-35,business,2023-04,True
85a1d5a9d4cf185e,FR,36-45,student,2024-02,True
af518983b26852ca,FR,26-35,student,2023-06,True
8a83cd2f2d72a674,IT,56-65,retail,2023-12,True
722f7a29ad85ddee,DE,18-25,retail,2023-01,True
7d668b5843b148e6,IT,46-55,business,2020-05,True
59b81e79eef7fa9e,DE,56-65,retail,2024-03,True
fdbf217aab570f08,PL,56-65,retail,2021-08,True
6fd2c4616339ea6b,DE,56-65,retail,2022-07,True
f2d35f548ddbde48,FR,36-45,retail,2021-04,True
b903bd72096cc75e,NL,46-55,retail,2023-09,True
a3a4d95bd3c2e714,PL,36-45,student,2022-08,True
a64b8ba3a0975793,SE,36-45,premium,2024-03,True
dd67a950e9126661,PL,36-45,retail,2022-10,True
353efd1c24e3fb81,DE,66+,retail,2021-12,True
ab632a0d3ffe8c04,SE,18-25,retail,2023-08,True
4f97e1ce64d91011,DE,36-45,business,2023-12,True
4c889a27a12678a7,PL,46-55,student,2023-10,True
f33e554f566712ec,NL,26-35,business,2024-02,True
ac91f3ee3c0b1727,NL,26-35,business,2022-05,True
a4774db04a95347b,PL,46-55,retail,2022-10,True
0009ef3a19e1d05d,ES,26-35,business,2023-08,True
a3c53a9f72f73039,IE,46-55,student,2022-10,True
6fd2c30ece4c5f9a,IT,36-45,retail,2024-01,True
93199ff98d9a1879,NL,36-45,retail,2023-05,True
7c10ec190b51b8e7,NL,26-35,student,2024-03,True
6b3ced07bec1ab5f,PL,46-55,retail,2024-02,True
62590476b0445f21,PL,26-35,retail,2022-11,True
3d68896a7728cb9f,FR,46-55,business,2023-01,True
df0efd225870c64f,IT,26-35,retail,2024-03,True
b556b826ed39f5e8,ES,46-55,retail,2021-11,True
5249b944923980fc,PL,36-45,retail,2022-05,True
e16d6eedbcd62f7e,NL,18-25,premium,2021-11,True
7d2165b8628ba745,NL,36-45,business,2022-10,True
a6f279c9233cb827,IE,46-55,retail,2023-01,True
51b14d9fb74dfe8a,PL,26-35,retail,2023-02,True
a0c3c5631e5edcb4,DE,36-45,student,2024-03,True
da5f032f8ce621c3,DE,36-45,retail,2023-05,True
799d7fdd0d9d511c,IT,26-35,premium,2022-06,True
2f698c1337b88ec0,PL,18-25,retail,2024-03,True
7d0e47d4ea575ca0,DE,18-25,premium,2024-02,True
bdbe6d2b7bf72c8d,DE,36-45,retail,2023-08,True
28df2a769857b8e5,ES,56-65,retail,2021-03,True
128326ba2c33f47b,DE,56-65,retail,2022-09,True
fc3f451334960eec,ES,46-55,retail,2021-01,True
b25b0e7c98d88678,SE,36-45,retail,2023-06,True
77ffd139f55f065c,IT,36-45,retail,2023-07,True
130feaca571db070,IT,46-55,business,2023-02,True
2d277501b4619d63,FR,56-65,retail,2024-03,True
9dc8f116ceaad183,ES,56-65,retail,2022-08,False
4c65c2ac9b6b6890,FR,36-45,retail,2023-05,True
289af01385e645db,NL,26-35,premium,2023-09,True
7baa1f4a5227d59a,SE,56-65,business,2023-08,True
b138ec7500c15a4b,FR,18-25,retail,2024-02,True
ab6fc8c3940f3d82,IT,18-25,business,2023-01,True
96d3d55108002b0b,DE,56-65,retail,2023-04,True
083ff8688f178ff6,FR,66+,student,2023-06,True
c4de39a4109ec519,IT,18-25,retail,2024-02,True
1bac05d4eb37c2a3,DE,56-65,retail,2023-02,True
d33dc0441c3ca229,DE,26-35,retail,2023-12,True
cbc2f9b844f22cf3,IE,46-55,business,2022-04,True
449a00f1766e3fd8,PL,26-35,retail,2020-10,True
76bb65c3119c351f,DE,56-65,student,2024-01,True
e2fa9d5df495c2d7,SE,66+,premium,2024-03,True
ae32daa671198c02,FR,26-35,business,2023-06,True
e736d5ef29039f05,SE,46-55,retail,2024-03,True
ef7b177080c11215,IE,56-65,retail,2023-09,True
e2532dffc2b2c95a,SE,46-55,retail,2022-08,True
cfa0ebe9f4e4510a,PL,36-45,retail,2024-03,True
5518f5f64be84119,ES,46-55,retail,2023-01,True
b1a475f7b8c71633,SE,18-25,student,2023-01,True
ce0fca5004d9832c,FR,56-65,student,2024-04,True
e0bdeed5030d2219,NL,36-45,retail,2022-05,True
5f18cc7f86b25e5b,IT,26-35,retail,2022-05,True
ca2e456eb1badb50,IT,56-65,retail,2023-02,True
f6c127673a2e5dbb,IT,56-65,premium,2024-03,True
fab934a4f204a2d2,FR,46-55,retail,2023-12,True
3e5c533f4be8d9b8,ES,66+,retail,2023-03,True
b645c2f194fe70cd,DE,26-35,student,2023-12,True
79a6619a06eeb2e5,FR,56-65,retail,2023-08,True
dd8873ff9615038a,FR,56-65,student,2021-11,True
44b61289d391ca4f,IT,36-45,premium,2023-02,True
af1a8118623b256b,IT,36-45,student,2022-09,True
922789788b017966,FR,36-45,retail,2023-11,True
7373fa9c1a28764d,FR,26-35,business,2022-11,True
1f7d8b8b38b5df31,IT,26-35,retail,2024-03,True
7ead768ad08fb6e3,NL,36-45,retail,2022-02,True
f9ae576781be93b9,DE,56-65,retail,2022-07,True
fcb886c4f3a6e688,IT,46-55,retail,2023-12,True
0545fc79bcbb11d1,ES,66+,retail,2022-12,True
d632e09fa06887ee,IE,26-35,retail,2023-09,True
65537967dcec0ae4,IE,36-45,retail,2021-12,True
23fa7971f7ccf1c3,SE,46-55,premium,2022-12,True
933c711dcc24c485,NL,18-25,retail,2020-08,True
41155ffd2d762136,DE,36-45,retail,2023-02,True
c155f8cf70c2bb50,IT,36-45,student,2024-03,True
401ffe4917e6f837,NL,26-35,retail,2023-10,True
56c25a0dae23e965,FR,56-65,business,2024-02,True
a92e4f1f4900419e,PL,36-45,business,2024-02,True
88f7fd8b740fe59e,PL,18-25,retail,2022-12,True
3dc85becec01a16d,ES,46-55,student,2023-09,False
0318f0e5f652dc91,DE,36-45,retail,2022-01,True
9ab1ff0acb945b7e,FR,56-65,retail,2024-03,True
1a088df4d3d1e074,DE,46-55,retail,2023-07,True
808f4dde79f89e05,FR,36-45,student,2023-01,True
c72cf889eed1f19e,DE,18-25,student,2023-09,True
d2eae0fdd12432ee,IT,36-45,student,2024-03,True
a7bbe519e6ab5a04,DE,26-35,retail,2023-08,True
0f263958ebd79a18,ES,26-35,retail,2023-05,True
dbcce7330cb26e69,IT,56-65,student,2023-07,True
13864a681ad34d96,SE,26-35,retail,2023-01,True
54a4579c61bf04fe,IT,18-25,retail,2024-03,True
f6ec40d3ee0f6363,IE,36-45,retail,2023-06,True
a93b85436ea8e39a,SE,46-55,retail,2024-02,True
f103c9ad1cdd7cde,SE,46-55,retail,2022-09,True
ef95d9819f8a8206,ES,46-55,student,2023-11,True
bc09484a6d0d2c6e,DE,26-35,premium,2021-11,True
bffda7d134871b2c,ES,26-35,student,2023-02,True
58cab4960b62fefe,IE,46-55,business,2023-09,True
083817fce1ac2ff4,PL,36-45,retail,2022-04,True
40c13bcd735426d9,FR,26-35,premium,2023-07,True
3360ad6c9d1958c2,IE,46-55,student,2023-01,True
a3c60f2dd473cac7,PL,26-35,premium,2021-05,True
8acc2c045a6bf382,ES,26-35,premium,2023-09,True
4d2b31e040355146,ES,66+,business,2023-02,True
f06cc89f6fbab487,PL,18-25,premium,2023-05,True
9ccfdd0e81c8d955,DE,18-25,retail,2022-06,True
5ba2f76ee4722cff,IE,56-65,retail,2024-01,True
78a9202b61889bd6,FR,46-55,student,2019-12,True
842820d2aad8b99e,ES,26-35,retail,2023-05,True
ae54fec71c6cefb1,DE,36-45,business,2023-01,True
0c8d84dcdbab31d8,DE,46-55,business,2022-05,True
ddc4f3f88ea3e73c,DE,18-25,retail,2021-07,True
459fff1483552d91,FR,46-55,business,2023-09,True
d16dbd7a33829b1e,IT,56-65,retail,2024-02,True
fca1b069e483a430,ES,26-35,student,2024-03,True
ef1fea64282d955d,DE,46-55,premium,2024-02,True
017008fd6ec50bff,DE,36-45,retail,2024-03,True
85347aea11bda34d,DE,46-55,retail,2023-10,False
bdb0fc109d41fb2a,DE,46-55,premium,2023-06,True
20eac89c47bd0e8f,DE,36-45,retail,2024-02,True
cc5cedd0a7afe1af,IE,36-45,retail,2023-09,True
e29f0d9b6ab4dad5,DE,36-45,retail,2022-08,True
403979babe850ed8,DE,26-35,retail,2023-12,True
826d3de63362bd0b,DE,36-45,retail,2023-10,True
cddcaef36fb5d30b,NL,26-35,retail,2023-03,True
2eede928383ad524,IT,26-35,retail,2024-03,True
ccca8c3cf9b81b00,IE,56-65,retail,2024-03,True
9523c2d34a746614,FR,46-55,student,2024-02,True
3800571c3bb61249,SE,36-45,retail,2023-06,True
49a7d4864aa0ed00,DE,46-55,premium,2024-02,True
218725cbd8ad71f1,IE,36-45,retail,2022-11,True
84f46a36d34d3ab2,NL,46-55,retail,2024-02,True
bbb682e604e279e7,IE,46-55,business,2023-07,True
678ce71ef40a531f,PL,46-55,retail,2024-03,True
f56383f23d80d6e2,DE,46-55,business,2024-02,True
967f37575a3da8c5,FR,36-45,business,2024-01,True
7d8d84e715ac4bf1,NL,56-65,retail,2023-11,True
0e0dda12f7370f5d,DE,46-55,retail,2021-01,True
d006aad2cd8930ec,NL,36-45,retail,2024-03,True
248695b1fd89cb3c,IT,36-45,premium,2021-06,True
faee105e5cb92437,FR,18-25,retail,2024-01,True
37c0845decfe5d4a,FR,66+,retail,2022-10,True
14ba7073e8040e32,NL,46-55,retail,2024-03,True
a9f456a4871eb51a,FR,36-45,premium,2021-02,True
4c19ed4c83cb5ea2,FR,66+,retail,2023-04,True
3eba04bb1ccf163b,DE,56-65,student,2023-09,True
1db41d7f1d8773f2,ES,36-45,business,2023-12,True
e59a797e45e27e82,NL,26-35,retail,2023-12,True
8c14056b7b0359ee,PL,66+,retail,2021-02,True
e8bd81b4419d396c,DE,36-45,business,2023-09,True
11a000e8ec3706ff,IT,46-55,retail,2024-01,True
596297ecb5c6186c,IT,46-55,premium,2024-03,True
3d66d4a5e08906e9,SE,18-25,student,2024-03,True
146da854bd1c67f4,FR,18-25,premium,2023-06,True
a8afe910b04d1b63,NL,46-55,student,2023-02,True
b6f1cf4fe41c84d2,FR,26-35,retail,2023-01,True
0ab5bf22770b50bb,PL,46-55,premium,2022-08,True
83565a437f9cd1b7,NL,46-55,premium,2022-12,True
a737e843305d8209,PL,36-45,retail,2023-11,True
493796cf4820cc61,DE,46-55,retail,2023-02,True
8257434fddd42708,ES,26-35,retail,2023-06,True
6f177336e058fa3e,FR,36-45,premium,2022-11,True
eb4a59dc9507d97f,DE,26-35,premium,2023-01,True
ef2027882823d17c,PL,26-35,student,2024-01,True
978d50df87d8c06c,DE,56-65,retail,2024-03,True
a5c71301a44abc15,SE,66+,retail,2022-06,True
a3fb08e2a4be2f90,ES,56-65,retail,2021-12,True
eab30e5611013dc0,DE,36-45,business,2023-10,True
252e2f667b483262,IE,56-65,business,2024-01,True
b2db37faf4bc4317,DE,36-45,retail,2024-02,True
cdf0ff95ff1a7b8b,FR,18-25,retail,2023-10,True
af1619b72ba02ec6,DE,18-25,retail,2021-10,True
b7db1fc065204d0d,ES,36-45,retail,2021-11,True
7897b4ccea00a0d6,DE,36-45,retail,2023-03,True
0edd1274c2e0c958,DE,46-55,business,2023-03,True
5ab0baa3cefedaa3,PL,18-25,student,2023-07,True
e3960cd1d593e913,ES,18-25,retail,2023-06,True
764832472d873060,FR,66+,student,2022-11,True
3f2f430e5dca321c,SE,66+,student,2024-03,True
87a48d4fd21ca571,NL,18-25,retail,2022-12,True
fb1a2617539ee632,IT,56-65,retail,2022-03,True
6c1c217e951e35f9,ES,18-25,retail,2021-12,True
292b92417ddae03b,FR,66+,premium,2023-08,True
e9b52e314477683d,IE,46-55,business,2024-03,True
a641c3a3b803c6d2,DE,18-25,retail,2021-04,True
1f2caf65300c75da,SE,46-55,business,2022-01,True
50606209cf78d177,FR,36-45,student,2023-02,True
e0da721e18fed746,DE,18-25,retail,2024-03,True
e8b96da5f3e51a2a,PL,26-35,premium,2024-02,True
5f4103438c37bfae,FR,56-65,retail,2022-04,True
ecc08832f769279d,FR,46-55,retail,2023-12,True
35cd08a9fb832697,DE,46-55,retail,2023-02,True
ad510f89674391a8,IT,18-25,retail,2023-10,True
772e50706167cc9a,DE,26-35,business,2024-02,True
967f49ddc694510e,ES,26-35,retail,2022-10,True
b72e18f226584479,PL,36-45,student,2023-09,True
c9e404e09306d637,DE,46-55,retail,2023-12,True
a03c07d6c60d161b,ES,36-45,retail,2024-03,True
e99b36da6cf5b328,DE,56-65,retail,2024-03,True
7fabee9f96895520,IE,18-25,retail,2022-11,True
36432d1c6c77fb63,FR,46-55,retail,2023-02,True
5a62377b501ca3ea,DE,46-55,student,2022-05,True
824a36495fa049f4,PL,26-35,retail,2024-03,True
be3ea72c1189aac2,FR,18-25,retail,2024-01,True
5d73939c8dcb5b79,FR,36-45,student,2024-03,True
e85312627d2ebc16,FR,56-65,premium,2022-05,True
5f6c1b0bed075833,FR,26-35,business,2024-02,True
5556f9e80f87c32a,DE,26-35,student,2020-04,True
e04051a6c0d75a45,NL,66+,retail,2023-07,True
ec6048bac304ff0e,IT,36-45,retail,2023-02,True
2ca10b767fe7b7ad,IT,36-45,business,2024-02,True
131ac512eb22b3c9,DE,36-45,retail,2023-03,True
c4c34190386c45b0,SE,26-35,retail,2024-03,True
65efabab9fe4ef2f,DE,26-35,student,2023-11,True
a6e357fe10ced70b,SE,26-35,retail,2023-01,True
49ce57a326d79db6,ES,46-55,retail,2022-05,True
7b091ea21a4424d2,DE,36-45,business,2022-04,True
88373786805d878c,DE,36-45,retail,2021-05,True
806e0c1a402ca770,FR,36-45,student,2024-03,True
11f5ad9da720a97c,IT,18-25,student,2023-12,True
facf465551e59c59,FR,26-35,retail,2023-10,True
35525e52110f5d21,IT,18-25,retail,2022-04,True
a9ab342aefb805fc,DE,46-55,premium,2022-05,True
33dd445f54a3ba54,IT,56-65,premium,2021-07,True
9b5f98f523c531bb,DE,36-45,student,2023-05,True
f8bd94d9d4175258,IT,46-55,business,2022-05,True
c5af76ef901c9d74,PL,26-35,retail,2022-12,True
cad22c275e939990,DE,26-35,retail,2023-11,True
7394b2a73248198e,FR,18-25,retail,2024-03,True
ac35f0929e1ba558,PL,36-45,retail,2022-10,True
53f704d81fd7497b,NL,56-65,student,2023-02,True
20be8988b60c3232,DE,46-55,student,2022-06,True
826e9367e64dc891,DE,56-65,retail,2024-01,True
21e605150445095c,ES,56-65,student,2024-02,True
637846376bdfabae,FR,26-35,retail,2022-11,True
9145c597d07b1780,DE,46-55,premium,2022-11,True
aac8604116f62d07,NL,26-35,business,2022-08,True
fd0f2c6613d8c241,SE,46-55,retail,2024-02,True
02c9a3735024f1c9,SE,66+,retail,2023-03,True
b9f584dc33e23396,FR,26-35,retail,2021-05,True
5127fc6839de3b58,FR,18-25,business,2019-03,True
2962e4ac13b09297,IE,18-25,retail,2023-05,True
f61dabf8c1c42910,IE,36-45,retail,2022-07,True
7973d447120bfa23,DE,26-35,student,2023-06,True
c19934c7eb34e734,DE,36-45,retail,2023-10,True
1ef0c24aac0e00f6,FR,46-55,retail,2021-11,True
dfead518296cc38a,DE,18-25,retail,2021-10,True
8cfa27deba0a7d9b,DE,46-55,student,2019-05,True
0f03a5ee25b0f98a,IT,18-25,student,2023-03,True
53f3506974d46167,IT,56-65,retail,2024-02,True
95eb05544c3a0e14,PL,46-55,business,2023-09,True
2ebc92fbb80d5579,ES,46-55,retail,2023-11,True
743a9d01791c8bdf,ES,36-45,retail,2022-02,True
15f2c9c23e5331c0,PL,36-45,retail,2023-12,True
87e31e3bb4250af0,NL,36-45,retail,2023-09,True
9bf115724cd36e4d,NL,36-45,retail,2024-03,True
450f6e9b916cb4a8,ES,18-25,student,2023-12,True
e79527fe3bcfdcad,IT,26-35,premium,2023-12,True
14c633bb5119992d,DE,18-25,retail,2024-03,True
cc14e7b4020e7900,IT,66+,retail,2020-12,True
645223dd35408f8e,SE,26-35,retail,2021-06,True
1a44eddc022e7edc,PL,18-25,premium,2020-12,True
c1da79c4a75571eb,SE,26-35,retail,2023-11,True
a2025ab905861c11,IT,36-45,retail,2022-05,True
f110142e80cb4ca1,DE,56-65,business,2023-09,True
95e6baf64855d95b,SE,46-55,premium,2023-12,True
9334694f62e6fb04,FR,26-35,retail,2023-07,True
36e6e61b87e6cfcf,FR,26-35,premium,2023-01,True
81a3c2ece2e920d1,PL,26-35,retail,2023-11,True
fccbbf37dc53a845,PL,26-35,retail,2021-09,True
6f708301628532f2,PL,18-25,retail,2022-06,True
08ead1e5f6a403f8,FR,36-45,premium,2024-03,True
bf884f55b034976a,IT,56-65,retail,2023-03,True
398ae8c89718904e,DE,26-35,premium,2022-11,True
982f7add316cb8a9,FR,56-65,retail,2024-01,True
67e9edbc04356232,FR,18-25,student,2023-04,True
de44c5882c0ee191,IT,36-45,retail,2022-05,True
7de3c9df372796c7,FR,36-45,student,2023-12,True
0fa806cc2b24c90d,DE,26-35,premium,2023-06,True
5f9c7eb06a51424c,FR,56-65,retail,2023-06,True
86c5f890bbc55b97,DE,36-45,retail,2019-04,True
eb672e757d3daf25,FR,18-25,retail,2022-07,True
9626a87bf4b1383d,PL,46-55,retail,2023-01,True
0d57623b7527d625,PL,18-25,premium,2023-12,True
92910099bad52a3f,DE,46-55,retail,2023-05,True
ba74299207d0210c,DE,26-35,retail,2023-09,True
1269350a736db419,PL,66+,premium,2023-10,True
a65c12621dfbdc8b,IT,18-25,premium,2021-04,True
ada9ee54634de631,ES,26-35,student,2022-03,True
f71ef5167210010d,IT,36-45,retail,2022-06,True
a373ffacdc70166c,FR,36-45,retail,2023-10,False
669aa74b280b97a8,ES,46-55,retail,2023-12,True
7fb943dcba1abdb5,DE,18-25,retail,2023-08,True
16de3da306c9e801,SE,36-45,retail,2020-08,True
25128967ba50bf6c,FR,36-45,retail,2022-10,True
37cd7cad4f8ccf68,DE,26-35,retail,2024-02,True
16a4dc171268b852,FR,46-55,student,2023-11,True
b517b16cb3e03334,IT,36-45,business,2024-01,False
985a080b3be9525e,FR,26-35,student,2023-01,True
11503874837e88bb,DE,36-45,business,2021-09,True
d5074f81d8cb5fb6,DE,36-45,student,2023-09,True
d39d5bc4a572d1b8,ES,26-35,business,2023-07,True
42082ea002c324e7,ES,36-45,retail,2023-11,True
5e384c33742dd429,IT,36-45,retail,2023-06,True
72e9c647c1995aea,FR,56-65,retail,2022-05,True
cfaefdbf98c57775,DE,36-45,retail,2023-06,True
6172b6d4e71be540,DE,36-45,premium,2023-08,True
b747e3fe2a95d343,FR,26-35,premium,2023-03,True
35e456cd29224f5b,DE,26-35,retail,2023-11,True
2d5d0d5c488691a3,ES,56-65,business,2024-02,True
4f4a253024006273,SE,26-35,business,2023-10,True
8198a8ff2915f493,FR,46-55,retail,2024-01,False
eb60d2e6c055756a,ES,66+,retail,2024-02,True
3ace2cdcdbdbf1ce,ES,26-35,retail,2024-01,True
afc938fa6122ce67,PL,18-25,student,2024-01,True
ff7d9372b4089bd3,ES,56-65,retail,2022-03,True
cd4fbff1444ff3a1,NL,26-35,premium,2024-01,True
7bf3ceafe39a9a2e,IT,26-35,retail,2023-02,True
7e5a4f1c50471ceb,FR,36-45,retail,2023-07,True
b14fd37742da036e,NL,46-55,student,2023-11,True
2b7c3a3e4bba1edd,IT,18-25,retail,2023-12,True
d6ddc85904ce5fa9,DE,56-65,retail,2022-04,True
e41c48856bd6ffa4,PL,26-35,retail,2021-10,True
f6bdf066d206d51c,NL,56-65,student,2023-09,True
31f139889134c51f,NL,56-65,retail,2023-06,True
bfe0caaa39bff0c6,NL,36-45,business,2024-03,True
7d4761a95f3d4c94,IE,46-55,retail,2024-02,True
c5cc636b70c9f909,PL,36-45,retail,2024-01,True
217d1a5498be4857,ES,56-65,retail,2022-12,True
ccc0e4348f2dc494,DE,18-25,premium,2021-06,True
ff5ddd3f7bf39e0a,FR,66+,retail,2021-09,True
a07ac115ff1518d9,IE,46-55,student,2024-01,True
46603e754a18d121,FR,66+,retail,2024-01,True
796dd93decf89234,IT,46-55,retail,2023-12,True
63f8e673dfec6865,ES,36-45,retail,2023-07,True
d6f27b8fedcfd93a,FR,26-35,retail,2023-10,True
31b957757afafef1,IE,26-35,premium,2021-04,False
7743552598cb2d86,IE,26-35,premium,2020-10,True
ea8f2daa8c994c6e,NL,18-25,retail,2023-12,True
dd4d6d759afde95f,FR,26-35,premium,2024-02,False
35ead79a4103f34c,DE,36-45,retail,2024-02,True
b2e91b8cc4d1f9d8,FR,26-35,business,2023-11,True
ed17ab5fe07e8251,FR,18-25,student,2022-06,True
0852c060aaf999c3,IE,26-35,retail,2023-08,True
838fbc5f45059580,FR,46-55,student,2023-04,True
02dbb0d500cbb38d,FR,66+,retail,2022-09,True
615ca988e4bf30cc,FR,26-35,retail,2022-11,True
cfe4e74baeebfa48,ES,36-45,retail,2020-07,True
6fbf0206a097e846,ES,46-55,student,2023-04,True
944ed40822fc0740,NL,46-55,student,2023-09,True
8eaffa708dba9c11,ES,36-45,retail,2022-10,True
b2dc11e266cd763d,IT,36-45,retail,2021-12,True
8cace56e9182cb28,IT,18-25,retail,2023-10,True
59e911f297b1597b,DE,36-45,student,2020-05,True
5419c2213534074b,ES,18-25,premium,2022-10,True
4d9878621c66cba6,ES,36-45,premium,2023-02,True
67984cd8fd90894b,DE,18-25,retail,2020-07,True
fe3c1ab6eb395d87,SE,18-25,premium,2023-07,True
f080bd4f6424876d,PL,36-45,premium,2023-11,True
dd40a8b36e52054a,FR,26-35,retail,2023-04,True
1dd22b759d0f520f,ES,46-55,retail,2023-01,True
1697371998af8383,FR,36-45,retail,2024-01,True
b503a2d24d87e1d8,ES,36-45,business,2023-09,True
79c0275a1c065c9e,DE,26-35,retail,2023-06,True
026edd1141b068fc,NL,26-35,student,2022-08,True
2dfe2fbbe3d2b274,DE,18-25,retail,2024-02,True
42abdf787d85567b,SE,36-45,business,2023-11,True
3a38db5373d8989d,DE,66+,retail,2022-12,True
6b608470b25043af,FR,46-55,business,2023-11,True
98cc314a5be72c0c,DE,36-45,student,2023-04,True
69332a13b7f286e7,SE,36-45,retail,2023-05,True
279d2d5b7f43bae3,IT,46-55,premium,2023-06,True
68602d70fe9dfb0b,DE,18-25,retail,2022-11,True
256b77e88a0760b2,IT,66+,retail,2024-02,True
33e6c9c9a6aea49e,IT,18-25,retail,2023-07,True
dd192a0d6b254b7d,FR,46-55,retail,2023-09,True
e0f73abf2dacfd7e,PL,56-65,premium,2022-05,True
5d44ae29d94d6b76,IT,66+,student,2023-11,True
ebd8e443d88cbf81,FR,26-35,retail,2022-04,True
b77ca6f49feb1095,DE,46-55,premium,2022-06,True
3fca65c36e8a54ba,DE,46-55,business,2023-10,False
0c2fb800a059e4cb,FR,46-55,retail,2024-03,True
35010e4805cfa651,FR,56-65,retail,2021-10,True
16b16409b62090bb,DE,36-45,retail,2022-07,True
19af09faf1243688,SE,56-65,student,2023-08,True
c4bb685e6cd70a95,IT,46-55,premium,2023-12,True
854f76ca315319c1,FR,46-55,retail,2024-02,True
7a0df3ad6f665d53,NL,56-65,premium,2024-02,True
b10dd026f0d9bc08,PL,36-45,student,2023-09,True
88417238afeab02e,PL,56-65,premium,2024-02,True
619ce7a9df207e01,IT,36-45,business,2022-12,True
eff8ef7055155bcc,DE,36-45,business,2023-03,True
05d62e245fe34150,PL,36-45,retail,2022-06,True
8fce7c6d7e6e0672,ES,26-35,student,2023-12,True
ff63241810dd86ca,IE,36-45,retail,2023-06,True
7ee23ae09fd98dd0,IE,36-45,retail,2023-09,True
071359c3549a66f2,NL,18-25,retail,2024-01,True
ec7a55695504be07,ES,26-35,retail,2023-12,True
3cefc03cb528d905,IT,26-35,premium,2024-03,False
56a1292dc5dbbbc0,IE,26-35,student,2024-03,True
2ef275a42f88d628,DE,46-55,retail,2023-05,True
43698f54fe8d3b52,SE,46-55,student,2023-12,True
a52c106843284a20,NL,46-55,student,2024-02,False
a90d172ec28a12f3,DE,18-25,retail,2022-06,True
e7f587347efc9aea,NL,26-35,retail,2023-10,True
048594921c7fb8e1,SE,26-35,premium,2023-11,True
a41c59106c446434,DE,18-25,retail,2023-05,True
9dbde8db589b98b9,IT,36-45,premium,2024-02,True
1093ef48080d3091,DE,36-45,premium,2024-02,True
33be0d5b7851664c,IE,18-25,retail,2023-03,True
b3e8120f0dc7b4a1,ES,26-35,student,2023-08,True
0c6be0b11c843a50,PL,26-35,retail,2024-01,True
207f14358ae32b63,IT,56-65,business,2024-03,True
b4f8bb8921c7ab59,FR,36-45,premium,2022-04,True
1d9b01850e3c43ef,PL,26-35,student,2022-06,True
bd2fab6d3ae475a3,IT,18-25,premium,2023-12,True
1fac3e6112417c29,IT,36-45,retail,2021-06,True
30a66142f01a4741,IT,56-65,retail,2023-12,False
33c06a3c1163d880,DE,56-65,retail,2023-07,True
cd4baa41a132ab7f,SE,46-55,premium,2023-09,True
c2828a492b3b4984,IE,36-45,student,2020-06,True
eff3beaa4696e4b3,DE,46-55,retail,2022-10,True
f788e7cd48d24e2a,FR,46-55,retail,2023-08,True
8d49469e8a8da6d2,FR,18-25,premium,2023-01,True
5d69a2a7a6f58e15,DE,56-65,student,2023-12,True
99dbf0274fd4220c,DE,66+,retail,2024-03,True
68944468e72c6a75,ES,36-45,retail,2024-03,True
596f0c1c21f1d759,DE,46-55,business,2023-07,True
4d51fc9a881f8b7f,FR,46-55,premium,2023-01,True
b65f541a3285c3f2,FR,18-25,premium,2022-11,True
0bf0b3091cc4cb4f,FR,26-35,retail,2023-10,True
69f2951f1df05971,FR,46-55,retail,2022-08,True
937228a1214ef2bb,SE,18-25,business,2019-09,True
0e6070c67b5d5abe,IT,46-55,retail,2023-04,True
f431797ee39f1a4a,ES,26-35,retail,2023-06,True
d471726fe1e56ea8,PL,46-55,business,2024-03,True
ea467bf09879c649,PL,46-55,retail,2024-01,True
d0108a249195ca1a,IT,66+,retail,2023-05,True
a7c41930748476ac,DE,26-35,retail,2022-12,True
1684dcc8770e0c07,ES,36-45,business,2023-02,True
6d7cd1f2250e74de,NL,18-25,retail,2023-07,True
c966287a34d86315,FR,36-45,retail,2023-07,True
bd2d35e8d550a5a5,DE,56-65,retail,2023-03,True
158c61a6f2275869,IT,46-55,retail,2022-08,True
5b2e1c18cf057e7f,IE,46-55,retail,2024-03,True
cbad18ea0b0cafe0,IT,26-35,retail,2023-08,True
f08d58cbdb709ed3,DE,66+,student,2023-11,True
5494821128b884e3,ES,56-65,retail,2023-11,True
e9461052872f8133,IT,66+,retail,2022-12,True
5f5423d2023f5e0a,IT,26-35,student,2024-02,True
751829aaaf48900a,NL,36-45,retail,2021-07,True
57e025a8102c4e39,IT,46-55,retail,2022-05,True
e67aa36763fc12f5,DE,56-65,premium,2023-04,True
093735c63fd3f3f1,ES,36-45,premium,2023-12,False
800146c3344f29b3,DE,36-45,student,2024-02,True
c49437be069727fd,FR,36-45,retail,2021-05,True
2e8c08f09759df77,FR,36-45,retail,2024-01,True
3ae6d685244b8d73,ES,18-25,business,2024-03,True
5d09817b3c96a660,DE,56-65,premium,2023-08,True
1df442f9c17c50e8,IT,18-25,student,2024-02,True
b498b1d0e0a7a52b,FR,36-45,student,2022-10,True
3a734f61283d93c8,PL,26-35,student,2023-08,True
4b9f94f0599020b6,ES,56-65,retail,2023-02,True
5069267c1409833e,IT,36-45,student,2023-06,True
cb3ef5a22a3994d8,ES,18-25,retail,2020-03,True
62731e5010874e4f,FR,46-55,retail,2024-03,True
bfb72d069054c0ba,NL,18-25,student,2021-12,True
ebf226563d8bc78c,IT,36-45,retail,2024-01,True
cced9f5044c51568,FR,56-65,retail,2023-07,True
7bc737115ed5998f,IT,46-55,retail,2023-01,True
cd0ab55d3b90a5eb,IT,46-55,retail,2023-10,True
1cfbd095a05d6b4d,NL,36-45,business,2023-05,True
e03eba88d7e7ddf8,DE,46-55,business,2023-11,True
8e373c32e1d52180,FR,56-65,retail,2021-03,True
4f45728f66af065e,DE,36-45,business,2024-01,True
e63819e5c6b9f3ff,DE,56-65,business,2022-05,True
fc851ce9c84f9037,PL,36-45,premium,2023-06,True
c1492f8bcf005e58,ES,36-45,retail,2023-03,True
deccdc26709b803e,FR,26-35,student,2024-03,True
8bd791c4f3878ae8,DE,46-55,retail,2024-03,True
6b6b9183b3db88c5,FR,46-55,retail,2021-03,True
9b3b1e23a4d6675d,DE,36-45,student,2023-01,True
dfab473b566a7a2b,FR,36-45,business,2023-02,True
d93207586eb4ad85,PL,66+,retail,2019-12,True
1405ed7cb6af85ae,ES,36-45,business,2023-02,True
51d5996415ea6059,ES,36-45,retail,2023-07,True
19004d92d284b906,DE,36-45,business,2023-07,True
9b5ce418de962835,NL,18-25,retail,2023-10,True
8414dd3d36ed0a4a,FR,46-55,retail,2023-01,True
4b641eaf36c75c22,IT,26-35,retail,2023-09,True
d36a0de704b73188,IT,46-55,retail,2024-01,True
5ae44fc9569b838a,IT,36-45,premium,2023-01,True
9947d6fff92570f6,IT,26-35,retail,2023-09,True
0dd03d1cca9f810e,FR,26-35,premium,2022-11,True
a970d17a1b6881fc,DE,26-35,retail,2023-10,True
ef7cdea589deeb1d,FR,36-45,business,2020-10,False
20a67654a847c4d9,ES,26-35,retail,2024-03,True
effba6ecd344f131,DE,36-45,retail,2023-07,True
b2e3f3f0fc91e9c9,ES,36-45,retail,2023-10,True
92415236c08441f8,DE,66+,premium,2020-10,True
4888a5851b1e8817,ES,18-25,retail,2023-09,True
d336d7f9174d9bc6,ES,46-55,retail,2023-04,True
6c7bedade24bd0ce,IT,26-35,retail,2023-11,True
ccfd1b3a53e723df,FR,26-35,business,2022-12,True
68bc3a05990116c7,FR,46-55,retail,2024-03,True
6401bbd97d4a98c6,SE,36-45,retail,2022-07,True
16c540e38094fd16,DE,18-25,retail,2023-05,True
0e58508a347723bc,FR,56-65,retail,2023-03,True
d0057b0bdc815032,PL,56-65,retail,2024-03,True
d6790c668ccd5a14,SE,56-65,retail,2023-05,True
762e67cd52aaaa34,SE,18-25,retail,2018-11,True
bb4398c21f2c9922,ES,36-45,retail,2023-12,True
fbd77f3d3f702cb1,FR,26-35,retail,2023-05,True
0d6d2fa1a3086b25,PL,36-45,premium,2023-02,True
3cd51b38bf70e91b,IT,18-25,retail,2024-03,True
8dd2eaab517b063c,DE,66+,retail,2022-09,False
c88f003fbb9050cd,IT,36-45,retail,2023-10,True
54eeb551b5f2dc81,PL,66+,retail,2023-10,True
e5b3bc26bbcb2ecb,NL,36-45,retail,2023-10,True
4f5eee4781719ddb,PL,26-35,retail,2021-08,True
17ffd65035389fb5,DE,56-65,retail,2024-02,True
ae49605b70b7735e,IT,56-65,retail,2022-09,True
dcf4bbe4a6b19700,IT,56-65,retail,2021-02,True
634931db3d8b8710,IT,26-35,retail,2023-04,False
9d12c44f1a3e1e86,DE,46-55,retail,2024-03,True
4c57a08e58a83972,DE,46-55,premium,2023-12,True
ff68dacbfbc927e0,FR,36-45,retail,2023-11,True
bf491a36e4a747d2,DE,46-55,business,2022-11,True
e0d602af19c9d449,IT,46-55,retail,2023-07,True
c86134e7f936139a,IT,26-35,retail,2022-06,True
dd1bfd77822c4af3,ES,18-25,retail,2024-03,True
0c6ad878ed12c0f5,DE,46-55,retail,2020-01,True
8ded2faa4865cae2,FR,36-45,retail,2017-11,True
6e2388a642ccd550,DE,26-35,premium,2022-10,True
abcbc84c91471349,FR,36-45,retail,2022-05,True
acfccc0a58a01af2,IT,36-45,retail,2023-05,True
218d679308e1bda4,DE,36-45,retail,2023-08,True
9d7866c97d29fdda,DE,36-45,premium,2024-02,True
f122164a466a1016,FR,46-55,retail,2023-08,True
4928829aabdd47e1,SE,46-55,retail,2021-03,True
55bc49516f719dbc,ES,36-45,retail,2023-04,True
bb790a79298830de,NL,18-25,premium,2021-11,True
7dc8d3e6bfa6661c,NL,46-55,retail,2024-02,True
9325004294b97e0f,DE,26-35,premium,2023-02,True
3bc058763a0a8551,DE,26-35,retail,2022-07,True
8a3736faf6d4823a,ES,46-55,retail,2022-11,True
20f65f63a670be9d,FR,46-55,retail,2023-12,True
1fc42de00f9357d4,DE,46-55,student,2023-08,True
20f5a28ee52f2635,IT,56-65,retail,2023-10,True
c87fc33211fc3e7b,FR,36-45,student,2024-01,True
1696c43cb9a2bedf,ES,18-25,retail,2022-10,True
1bd6adfdd0e3c50c,ES,56-65,business,2024-03,True
b43e3add8f5fa0bf,IT,46-55,retail,2022-09,True
b81aa4f9d8d3a285,PL,56-65,business,2023-01,True
56629f52afa8bb36,DE,66+,business,2023-07,True
e7c10e84bf7db5a0,IE,46-55,retail,2023-10,True
a6672ec20da0afb3,ES,56-65,student,2022-06,True
dec797dd3d002efa,NL,18-25,business,2023-09,True
ec637bcbf17774a6,FR,36-45,retail,2023-10,True
44d87992c56c36ee,DE,26-35,retail,2023-04,False
e1ad5c6b5fc84004,ES,46-55,student,2022-05,True
45e9301c5e6ae351,SE,46-55,student,2023-11,True
152783362e0498e1,PL,26-35,retail,2024-02,True
ba210570f91d4069,DE,36-45,premium,2018-12,True
cc7ae185650c046f,ES,26-35,business,2023-01,True
df937855c4cc3f16,DE,36-45,premium,2023-09,True
087c266543068d6e,DE,36-45,retail,2021-12,True
04556cfc191d0a99,FR,26-35,business,2022-03,True
d9fbedd9c9b4538e,DE,56-65,student,2024-01,True
3f9149d257421839,FR,26-35,business,2024-03,True
12cee0994de1f7a3,ES,18-25,premium,2023-03,True
5ae30bf13981dbfa,ES,66+,retail,2022-12,True
779267c9d92d7952,FR,36-45,retail,2023-05,True
adda52085d069ff0,ES,66+,retail,2023-09,True
3ad7a93f96523196,FR,66+,business,2022-01,True
06d943277e6f52b4,SE,46-55,retail,2020-07,True
a5a2f7bf0d3eeddf,FR,66+,retail,2023-03,True
ed47f0d15d8d2255,ES,26-35,retail,2023-11,True
2ab2b12bb72b807e,ES,46-55,retail,2021-01,True
b03575e946239e66,ES,36-45,business,2024-03,True
3be8ce697863e975,FR,26-35,retail,2023-02,True
cb32753ba7e2d9c7,SE,26-35,retail,2023-12,False
527cca15e38fd03e,PL,46-55,student,2023-10,True
3a9836860677556e,FR,26-35,retail,2023-10,True
52c6a5726feaffb3,PL,46-55,retail,2023-06,True
528e39c20c20518b,IT,56-65,student,2024-02,True
d7bee13bdda1147e,ES,66+,business,2022-11,True
33250fc3438d08c2,NL,26-35,student,2023-04,True
19d7934c05484ddc,PL,46-55,retail,2023-03,True
7e23a797e3c5b9da,ES,36-45,retail,2021-09,True
e8f3c2df67c0fca7,IE,56-65,student,2024-01,True
33b1256531236838,PL,46-55,retail,2022-01,True
72ba3606b67e56e9,IT,36-45,retail,2023-06,True
ffefcf52b8db254c,IT,46-55,retail,2024-03,True
4146698d39865744,IE,46-55,retail,2023-10,True
272081e6d12d9348,NL,26-35,premium,2023-07,True
2a6098a490c4e2d8,NL,36-45,premium,2022-05,True
45dd9b5b3f908d44,PL,36-45,student,2024-01,True
4e541cfc6e2357fb,PL,46-55,business,2024-03,True
6143058d398e5166,SE,26-35,business,2024-03,True
f8a75fb018e0aef1,NL,26-35,business,2022-12,True
d9c8aa3bc3df012f,IT,46-55,retail,2024-01,True
723d2d8a53199a4e,FR,46-55,premium,2023-07,True
3b519e99280d69f9,FR,36-45,premium,2023-12,False
d04c1a6e290859f0,DE,56-65,retail,2023-06,True
4f99e9bcd34dbb2e,IT,46-55,business,2023-07,True
9ccafb7739bc6f15,SE,46-55,business,2023-07,True
25da982c88aa6933,PL,46-55,student,2022-10,True
466d64b97eec71f8,DE,26-35,retail,2023-12,True
391dfd9b03e7859e,PL,36-45,business,2023-12,True
66b725b5f8448b07,FR,18-25,retail,2022-12,True
ec1232261184968e,FR,46-55,retail,2023-01,True
246a67f0749fbc62,DE,36-45,retail,2023-10,True
5158ea8c180597fd,NL,18-25,retail,2021-03,True
d72a37495d865250,FR,26-35,retail,2023-12,True
f2d70a28c6dc9dd0,PL,46-55,retail,2023-08,True
032845d9b192bbde,DE,56-65,retail,2023-10,True
2c9a65365fda368b,DE,26-35,retail,2023-09,True
8343b5fe50594a63,FR,18-25,retail,2024-03,True
01820284fc147a04,NL,18-25,retail,2024-02,True
d2147411f2461ecf,IE,26-35,retail,2022-04,True
f0552e609dd51dca,FR,46-55,retail,2024-02,True
346d76068bb518b2,IT,26-35,student,2020-02,True
fea9c9601d270ed3,FR,26-35,student,2023-07,True
06ada40027101f60,PL,26-35,retail,2023-05,True
2b5de2821832fe07,DE,26-35,premium,2023-11,True
b2acc632e2db99fb,IT,46-55,student,2023-02,True
85cd12821bdbd396,SE,18-25,retail,2023-10,True
79c179b376f5b138,FR,36-45,premium,2024-01,True
45fc45e68b8fc0d6,IT,56-65,premium,2024-02,True
aec500933ee4a916,ES,26-35,student,2023-10,True
5ad2064f47853a3c,NL,26-35,retail,2021-06,True
0eee9b03b9784c00,FR,26-35,business,2020-12,True
ce0473ae77d047ad,DE,46-55,retail,2021-11,True
e23eb0584f418745,PL,36-45,student,2023-04,True
af62792856353b07,PL,26-35,retail,2023-10,True
ad0ae5bfd0c09542,NL,36-45,retail,2022-12,True
a31563ebec5c62cb,DE,26-35,retail,2024-02,True
24dbae2a098354b5,IT,36-45,retail,2024-03,True
9744c534c3e29a91,DE,36-45,retail,2022-03,False
2013f06844e3cd02,FR,18-25,retail,2023-09,True
462680e2c8919727,FR,18-25,business,2023-09,True
e7a4124c0e4059fa,DE,46-55,premium,2023-03,True
89c94a0cb46d08e0,ES,36-45,retail,2022-08,True
cee7b2d48862d69c,FR,18-25,student,2020-12,True
ce50c1fb7f5b2842,ES,46-55,business,2023-07,True
e1994f44ac1ca065,IT,18-25,student,2022-12,True
051fffa91adea7d6,NL,26-35,business,2021-10,True
f437b6bb9feae39e,FR,18-25,retail,2022-05,True
9c0b8d836f13293c,NL,36-45,retail,2023-08,True
7b59e648f490f725,SE,36-45,retail,2023-07,True
1ca2de43f46a050d,FR,46-55,business,2024-02,True
b02d9eb9e9f8b043,IE,26-35,business,2023-10,True
e5f7d66cd945aebf,DE,36-45,retail,2024-02,True
7b4f3139aceff716,FR,26-35,retail,2023-02,True
9412e1fb99b8c8dd,IT,36-45,premium,2019-10,False
5f07012d2cfce087,DE,46-55,student,2022-10,True
eab0bbd8f6a1f3f2,IT,36-45,premium,2024-03,True
985b905425726dca,SE,56-65,retail,2024-03,True
10771f3a2eb9cb23,IT,36-45,retail,2022-04,True
074e354bd4398c0b,IT,26-35,retail,2023-12,True
4963a9cd7365660e,SE,36-45,retail,2023-08,True
d31913be80485201,NL,36-45,business,2023-04,True
a03ce5ab4e3b4d1a,SE,26-35,business,2023-01,True
6d4ed748648740c7,NL,46-55,business,2024-03,True
026369f7427f81b0,FR,36-45,student,2024-03,True
16a06eacce1ebc3e,DE,36-45,retail,2023-09,True
cd7a3a1e127dba95,DE,46-55,premium,2024-02,True
6b71fcf13a3e3973,DE,26-35,retail,2023-09,True
36ef4152cf789618,FR,56-65,business,2024-03,True
8f4ce021957caaea,SE,26-35,student,2023-11,True
22140c29ee889a33,DE,46-55,business,2023-11,True
dcc26239e097e448,PL,36-45,business,2023-07,True
af46063238163912,FR,56-65,student,2023-11,True
b7eb734885a66865,ES,26-35,retail,2024-02,True
6e96f97c2ab90443,PL,46-55,retail,2022-07,True
29e084c9835b1d90,FR,26-35,retail,2023-07,True
4d229fa0ab1d8bbd,IE,36-45,business,2020-09,True
a9ac69732a3dd513,SE,18-25,business,2023-11,True
641015c3c18e4f0d,ES,26-35,retail,2023-10,True
fb482a77277caa7c,IT,18-25,retail,2023-07,True
b4892ae22dd04159,DE,36-45,retail,2023-09,True
ee67d2ad0bab056e,SE,26-35,retail,2023-03,True
ad7a7a7a1987d859,IT,46-55,retail,2022-06,True
09f6a24cfbaaaa5b,PL,46-55,business,2022-08,True
7f113a6ef2199ef4,PL,46-55,premium,2024-03,True
3ba8e7190f418785,DE,46-55,student,2023-01,True
764c869dbb466a96,ES,46-55,retail,2024-03,True
8788e3c0e9e37d62,FR,66+,student,2023-12,True
17662ddf7bab42aa,SE,36-45,student,2023-10,True
33588c12112a76cf,PL,26-35,student,2024-03,True
6067ff336ee730d8,SE,66+,premium,2024-03,True
f2e81696951edef9,DE,46-55,business,2024-03,True
b8b339bd2f2610b1,PL,26-35,retail,2023-02,True
e11ee2abc700d50e,NL,26-35,business,2023-05,True
6ff53ab3d61dafea,IT,18-25,retail,2020-11,True
48bbc96d63bf41c5,IT,18-25,retail,2023-08,True
acc03309e5b5615d,FR,46-55,retail,2023-06,True
94d93c04838cbabd,DE,36-45,retail,2021-09,False
3696c17004b0b4e7,FR,26-35,retail,2024-03,True
9f5aaa6da21a846e,FR,46-55,student,2023-08,True
4ddfab2a94c89513,FR,36-45,retail,2022-04,True
2f59de358e545c22,DE,56-65,business,2021-07,False
97836db4df85bbd1,ES,36-45,student,2023-08,True
e88fb74c5681fe0d,FR,56-65,student,2023-11,True
3cf3e16264015fb1,FR,46-55,retail,2022-06,True
231fbc055009027a,DE,18-25,retail,2023-06,True
c066aab25a37e794,ES,36-45,premium,2021-03,True
4f85bb1a47200da4,FR,46-55,premium,2021-08,False
37dddcdc3c638470,DE,26-35,retail,2023-10,True
37ebf0305de83eac,IT,18-25,retail,2023-11,True
de41a38826829cb6,ES,18-25,premium,2021-10,True
115b6cf7bc961909,ES,66+,retail,2023-11,True
b07657af289b8076,ES,26-35,student,2023-01,True
b0ddaa12231c174d,ES,46-55,retail,2019-01,True
afef524c17c63184,SE,46-55,retail,2024-01,True
ae7ba39475e545b8,FR,26-35,retail,2024-02,True
b5c34cb92c8af3ad,SE,46-55,business,2023-08,True
a04f7c36aa714c63,ES,46-55,retail,2022-11,True
63288c36ef6a487b,ES,26-35,retail,2022-05,True
7c147aaf7d8e75c4,NL,26-35,premium,2021-10,True
0a30ed9df3a11908,IT,46-55,premium,2023-04,True
7bb939b3699e9f5d,PL,46-55,retail,2023-01,True
4cb0055ba323c028,PL,46-55,retail,2023-04,True
88ddc59d57f8f6fc,SE,18-25,retail,2021-04,True
3b2fea3f6b1431b6,IT,46-55,business,2022-11,True
bbe38b67087511ec,DE,46-55,student,2023-03,True
7ea99cd5e38c803a,IE,46-55,retail,2024-03,True
0c9aaf04b3f3b1b0,DE,46-55,business,2024-03,True
387f789857d3ed70,DE,46-55,retail,2022-09,True
1792a5f280e4e31d,DE,18-25,premium,2016-11,True
5058f80235f7f105,DE,56-65,retail,2022-05,False
7b2cdde45c11e026,ES,56-65,retail,2023-11,True
837d65b118bf60b9,IE,46-55,retail,2024-01,True
45d73e03e6872d3b,NL,56-65,retail,2022-09,True
1aafc54bc1a45a6c,FR,36-45,retail,2023-10,True
7e8ba9202c5d3681,ES,46-55,business,2022-07,True
f8d1d2015dd0b841,DE,56-65,business,2024-03,True
8669629063c1912d,ES,46-55,student,2023-05,True
6f98679f132a3d33,DE,36-45,student,2023-05,True
a11abd7cc51ea561,NL,56-65,retail,2023-08,True
be48b0aa29e1df78,IE,46-55,retail,2023-03,True
0e37f7387beaeab7,DE,18-25,retail,2024-03,True
b36d811d9baf357b,IT,66+,retail,2023-04,True
d3f25889eb65748c,FR,36-45,premium,2023-09,True
fbbb602a9a1769e6,SE,18-25,business,2023-06,True
69b75b57b068408f,DE,46-55,premium,2023-08,True
0d81d41d891e4bcb,IE,46-55,student,2023-10,True
01f1502df7349e78,FR,46-55,retail,2021-08,True
e76627f78565b9c2,ES,36-45,retail,2022-09,True
0cfbf0cd2ed9c70a,NL,36-45,retail,2022-07,True
a14ae09e3bab3313,ES,36-45,retail,2022-06,True
2aeef1a48059c7d4,IE,26-35,premium,2024-03,True
ed63634b411655d3,SE,46-55,retail,2024-03,True
07e9f88f3406b871,DE,46-55,student,2024-03,True
64d2afa4567a01be,ES,56-65,student,2023-01,True
0a0de15a98afdcce,DE,36-45,retail,2023-12,True
8dba3147fcabee58,SE,66+,retail,2022-05,True
b2645a44775b3b1a,ES,36-45,student,2021-07,True
1dbf05289839eb16,DE,56-65,retail,2023-01,True
93ee9e655ca12639,PL,46-55,retail,2023-11,True
e8522311c3f59fc8,IE,56-65,retail,2023-10,True
b4d926a2a9647e6c,IT,56-65,business,2024-01,True
e9a8852640dcd957,ES,66+,business,2023-10,True
65c36624c93a4d6d,NL,46-55,retail,2023-02,True
6ab7fbdc57b73ee0,IT,56-65,retail,2023-12,True
0d7687aa20bdd05f,DE,56-65,retail,2024-03,True
ef5ef962e29483ce,FR,26-35,retail,2023-12,True
53bbd74f6660fb14,NL,18-25,business,2024-02,True
5f836966c1de1deb,IE,46-55,retail,2021-08,True
ebca352e4daf608a,FR,46-55,retail,2023-12,True
d51c3f0bd409fd9f,DE,18-25,business,2023-03,True
5d5719ce1c197956,ES,26-35,student,2023-10,True
593eef07d90da2f4,IE,18-25,business,2020-04,True
536cb83f914a9f80,DE,26-35,retail,2022-09,True
01fc05080b4caa71,DE,56-65,business,2023-11,True
66e996c1be1c3d60,DE,36-45,student,2023-02,True
d69097143e20cb03,SE,66+,business,2023-08,True
8b330e7fb8fe05ef,IT,66+,retail,2024-01,True
f0a718cb23af03d9,FR,46-55,premium,2022-09,True
f5ea93891dd06ad0,ES,36-45,student,2022-08,True
7a4e0cc008025aa2,NL,18-25,student,2024-02,True
9c30562f7dc1fa27,SE,36-45,student,2023-01,True
ed5dcccec26896d6,FR,18-25,retail,2022-05,True
17a6f5822bcbc781,IT,46-55,retail,2021-01,True
47deaa5da98ba558,PL,26-35,retail,2023-04,True
faa2dd4183a2a9b5,SE,18-25,retail,2019-09,True
664a42953be24a11,IE,36-45,retail,2023-12,True
6a357cef355a568f,DE,46-55,retail,2023-01,True
0e5c35eaa6ed5767,ES,26-35,business,2022-11,True
38f0dcfcad9aaab2,DE,36-45,retail,2022-09,True
ed00e4e9094ed83a,IT,26-35,retail,2019-11,True
0c14129aec155bc4,DE,26-35,retail,2022-05,True
2482e689617a8160,NL,36-45,student,2022-09,True
d869682b51b36927,DE,56-65,business,2023-07,True
0f4f45736d4e308d,IT,56-65,retail,2021-09,True
349e4752a1c66a0e,IE,46-55,student,2024-01,True
9e158796dab758f4,NL,26-35,retail,2023-01,True
83034eaea7980110,ES,26-35,retail,2023-09,True
c4d26899423dc48f,ES,46-55,business,2023-02,True
9eaf31c77222ed4c,PL,36-45,student,2023-10,True
08a5549d0d265f19,FR,56-65,student,2024-02,True
076bf1eb542b1b5e,PL,26-35,premium,2023-11,True
d91626634e9cfe29,FR,36-45,business,2024-04,True
87c72ab020471b10,SE,18-25,retail,2023-07,True
db7209cd9d7b103a,IT,18-25,retail,2023-12,True
acd39ec5a7736227,DE,36-45,premium,2023-12,True
55e6a9938f1b8fd9,FR,36-45,premium,2023-10,True
a579666e0cb069ad,IT,26-35,retail,2023-11,True
843e46e01cc74e83,PL,36-45,retail,2020-07,True
1291754d32268e6d,DE,56-65,business,2023-05,True
993757b68c2c2d0c,IT,56-65,retail,2022-09,True
4a8e20e6d0238799,NL,18-25,student,2021-12,True
9610ad8ebc899767,DE,36-45,premium,2023-09,True
65d50c3dc84cbeac,PL,36-45,retail,2022-07,True
fb09dfdaf45a3369,DE,56-65,premium,2022-08,True
7235bc73fb236adc,NL,56-65,retail,2023-09,False
d8066c67870906ed,IT,36-45,student,2022-08,True
e3db687be6224a24,IE,66+,student,2023-07,True
34427ab8754b9eaf,FR,46-55,retail,2024-03,True
d09ab91cb34bbb1e,DE,36-45,retail,2021-09,True
bc54971bc70905e5,SE,46-55,student,2022-05,True
805f056691bacb99,DE,18-25,retail,2024-02,True
31d46fad4c94873b,ES,56-65,retail,2023-11,True
87a5af4062b1153d,DE,18-25,premium,2023-02,True
0294c73402649d4a,PL,56-65,retail,2024-03,True
26da4771a3d1daff,FR,56-65,retail,2023-10,True
088b98e1b1a10a74,SE,36-45,premium,2024-01,True
4b68227b201d2135,FR,18-25,retail,2022-07,True
cc8610866dfd4bac,NL,36-45,retail,2024-02,True
7342f5ef3e1139bc,ES,36-45,retail,2021-09,False
b8e254cd9d73d7c4,SE,46-55,retail,2023-08,True
678ba6c6917e1dc7,FR,46-55,student,2024-03,True
6f2d0de64f59ff8e,SE,36-45,business,2023-12,True
f6a960e557b780b9,PL,26-35,retail,2024-02,True
c2299f60319d563d,FR,26-35,retail,2023-08,True
511b04338978ab6b,DE,46-55,premium,2023-10,True
9d988b028d5df1ea,PL,46-55,retail,2021-09,True
63288cd897f74d52,ES,46-55,retail,2023-02,True
5b147b188c3510b8,IT,56-65,premium,2023-02,True
6cc39df336a2a580,IE,26-35,retail,2023-01,True
46449b3dd4e3a9e5,DE,36-45,retail,2023-05,True
fa077726c66c5e88,IE,26-35,retail,2023-11,False
c52afda9d3ea4d8d,FR,26-35,retail,2023-05,False
26e7a03a0a1e538e,ES,46-55,business,2023-04,False
dca844e524fdda51,DE,36-45,retail,2023-04,True
bd74281513c96b11,DE,56-65,retail,2023-04,True
e156c94317c83633,IT,46-55,retail,2023-04,True
64322f88e6741005,DE,36-45,business,2022-08,True
d5a400559ddf31a6,ES,18-25,premium,2022-07,True
0bb3e66276e4d70b,PL,26-35,business,2024-01,True
a41acfe0c5ea4807,IT,36-45,retail,2022-06,True
bf2b924adca5e77a,IT,26-35,business,2021-05,True
e287fc8b9583deee,IT,26-35,premium,2022-01,True
ff1254496edc969f,DE,46-55,retail,2022-08,True
4248129fc1394932,ES,56-65,premium,2023-03,True
7460828f0f261ad2,FR,18-25,retail,2021-08,False
04401059b3439b2d,DE,26-35,retail,2021-08,True
86cef3ae5c4b2db5,DE,56-65,business,2023-02,True
0cb3b5ecfb2a9f51,NL,46-55,retail,2024-03,True
bc7d2670c8404464,ES,26-35,retail,2024-03,True
ec97471a8fd3465c,IT,18-25,business,2023-02,True
ff958439ba75a1f8,PL,46-55,retail,2023-01,True
7f8d9bea62ba43ba,ES,26-35,premium,2019-10,True
2f9d76ca3425382a,DE,56-65,retail,2024-01,True
1b453021c56ad9b7,SE,26-35,retail,2023-04,True
121b5066f68c134f,SE,46-55,student,2023-09,False
65d2f347bd97a876,IT,36-45,premium,2024-03,True
9a0ceb7f37712552,IT,26-35,student,2022-07,True
1e90aa430fd12c4f,FR,46-55,business,2023-11,True
12f717c073475b79,IT,46-55,retail,2022-03,True
3c23e98a3f2573fa,DE,26-35,premium,2023-12,True
ea7ca9a1bef31846,DE,66+,retail,2023-09,True
a9095d09f050d5b0,FR,26-35,business,2023-09,True
01ed86befe75152e,NL,26-35,retail,2024-01,True
6ff944db86a024d2,IE,66+,retail,2023-03,True
e4db8204e1c06ce0,FR,26-35,retail,2024-03,True
be4d1d6b74997840,DE,18-25,retail,2023-03,False
188918ac5b6f7978,DE,56-65,student,2023-01,True
1dd15e750169c527,DE,26-35,premium,2024-01,True
ffbb0f07b8338e31,IT,26-35,business,2024-03,True
071b9fbf4dfc9ad3,FR,56-65,premium,2023-01,True
afacc921ac19bf0f,ES,56-65,retail,2023-08,True
96b1f39379280d33,IT,36-45,student,2023-12,False
d4f3d46e8dd52a45,FR,18-25,business,2022-03,False
1321b0cb4744df6d,FR,26-35,student,2023-03,True
d01f8a9d132503ac,DE,46-55,retail,2022-03,True
e8f25716b0f53e7e,IT,36-45,retail,2023-10,True
5966258075316adb,IT,26-35,retail,2022-07,True
e27988c53a603ddd,FR,66+,student,2023-07,True
431429dee72530de,ES,26-35,business,2023-12,True
9830946048e72121,IT,36-45,retail,2024-03,True
85653434af931c31,ES,36-45,business,2024-01,True
f22e053cc38cf298,FR,36-45,student,2024-02,True
4c44e56319cfebf4,IT,26-35,student,2024-01,True
393e779e0bfb43a8,FR,46-55,business,2023-11,True
8096326b555b7211,DE,36-45,retail,2022-12,True
f8bdcab65431e5ab,DE,18-25,student,2022-10,True
61d2901994a75e33,NL,26-35,premium,2022-12,True
e70e145e524c4f9a,FR,56-65,business,2023-12,True
f49f0329cea6aca3,FR,26-35,retail,2022-08,False
ee47ecc5442c8321,IE,26-35,retail,2023-12,True
6ac7e64f10c12336,DE,46-55,retail,2024-02,True
710ca481d3c624af,PL,46-55,student,2022-06,True
c0363714c289f4c3,FR,46-55,business,2019-09,True
eb3abe7c0e30d96b,NL,36-45,premium,2024-02,False
ec51140b80e553e4,NL,46-55,retail,2022-06,True
5f2767f4d8010b93,DE,36-45,business,2024-03,True
3d0c755a91e43f95,PL,46-55,retail,2023-05,True
f729ccb2a3cdff14,IE,26-35,business,2023-09,True
a7256858617ec479,ES,18-25,retail,2022-05,True
5d9f771d4d94fec7,DE,36-45,retail,2021-12,True
60acfd7a0b237833,SE,66+,business,2023-11,True
9544313ae8c96014,DE,26-35,retail,2024-03,True
337b11e80ec770ba,DE,36-45,retail,2023-11,True
8b6488a2eb45c450,DE,56-65,retail,2023-01,True
df6ab5321dd63152,ES,46-55,retail,2021-10,True
cc7ad6a8f294242a,DE,26-35,retail,2021-10,True
a2d7b5626388348b,NL,26-35,retail,2023-09,True
d6d47e6c9836bb96,PL,56-65,business,2023-05,True
c8bb824957212ad2,ES,36-45,premium,2023-10,True
7e74756b16cc2a75,ES,26-35,premium,2023-10,True
34a94ce7c84cc6ed,ES,46-55,premium,2020-08,True
10e8b2bd7da2334f,NL,46-55,retail,2024-01,True
51f75ecdaf46adee,IE,56-65,retail,2023-11,True
3c55446564c884c1,ES,36-45,retail,2024-01,True
58d2e03d68cf6440,FR,56-65,retail,2020-10,True
685ec1d311856a82,IE,26-35,business,2023-09,True
607cfbd6b3d39397,IT,46-55,retail,2023-05,True
787b63e3b93c98d5,ES,36-45,student,2023-04,True
c4fabaa4ef0d7442,NL,26-35,premium,2024-02,True
d892e43ef1d230b9,PL,18-25,retail,2024-01,True
cd4554ab63ce59b8,DE,46-55,business,2020-11,True
ee120880c54d9594,IT,26-35,retail,2023-06,True
4c67598bd0ff7979,IT,46-55,retail,2018-09,True
c49fa1f43d5f7bb8,FR,18-25,premium,2023-06,True
4c7e58c5d0793eff,FR,56-65,retail,2023-07,True
235dc3c7d1bea9a7,DE,26-35,business,2023-02,True
132de7d09f88599c,PL,26-35,business,2023-06,True
1c6f3cf28439d699,IE,46-55,retail,2023-07,True
0a3410c73c1fc036,NL,36-45,retail,2023-03,True
7b551b69f1b4fda8,IE,36-45,premium,2022-01,True
eb5e953d547e17af,PL,36-45,student,2022-09,False
09735fecb88565ee,PL,46-55,retail,2022-11,True
c512d1fa6078670f,FR,18-25,business,2022-08,True
1c39e03031ccdae4,FR,18-25,premium,2023-09,True
0c0ab03289c68f5b,DE,18-25,retail,2023-08,True
1c0ded2b20a35b62,ES,36-45,premium,2023-11,False
1ca4663e79fe3c62,IT,18-25,business,2023-02,True
8d4c3e5abd62ebc1,DE,26-35,retail,2023-02,True
126abef1e92f37bf,DE,18-25,business,2021-09,False
12c4858351c08c1a,SE,46-55,business,2024-01,True
dcf8d133b0ed1e0b,FR,26-35,retail,2021-07,True
