transaction_id,customer_id,merchant_id,timestamp,amount,channel,txn_country,home_country,mcc_category,fraud_risk_score,predicted_fraud,is_fraud,fraud_type
d02a552f-32f6-4d1a-b3d7-293716991953,CUST005720,MERCH00105,2025-05-11 16:03:00,13.04,online,FR,FR,Jewelry,6.41539940338825e-05,0,0,
d4b19ff4-f06d-4b70-9194-0442f1dddf04,CUST005482,MERCH00333,2025-05-11 16:03:00,264.19,card_present,IT,PL,Direct Marketing / Subscriptions,0.0003588602692009,0,0,
0657d9ac-8e30-4a6a-8666-00759de7c240,CUST005463,MERCH00111,2025-05-11 16:03:00,4.47,card_not_present,IT,IT,Utilities,7.780300072496777e-05,0,0,
61cc540b-7efd-4d67-b341-cd08dbb0dcab,CUST000016,MERCH00167,2025-05-11 16:06:00,29.35,online,DE,SE,Airlines,0.0003549341170108,0,0,
43bc3626-c2d6-4d7e-b007-155bb89e4224,CUST001926,MERCH00161,2025-05-11 16:08:00,44.66,card_present,NL,NL,Clothing Stores,7.086146902556566e-05,0,0,
244a43fa-1ae8-485a-b6eb-4b83cc0ae05d,CUST005317,MERCH00156,2025-05-11 16:12:00,48.06,online,PL,PL,Jewelry,6.41539940338825e-05,0,0,
b7907908-ef65-4813-9a23-68ee47f44b9a,CUST000829,MERCH00379,2025-05-11 16:13:00,53.97,card_present,IE,IE,Direct Marketing / Subscriptions,7.271949762886276e-05,0,0,
ed13ea71-6801-4176-af28-872fa3655d13,CUST004427,MERCH00302,2025-05-11 16:15:00,49.19,card_present,ES,ES,Utilities,3.947244601738204e-05,0,0,
e8111f94-0f43-4420-b12f-8f2d10886d77,CUST003296,MERCH00298,2025-05-11 16:20:00,66.17,online,SE,PL,Direct Marketing / Subscriptions,0.0003491731492168,0,0,
34a4f6df-156c-4567-b04d-fae72aa910ce,CUST004209,MERCH00032,2025-05-11 16:21:00,124.03,atm_withdrawal,ES,ES,Restaurants,8.048294549865586e-05,0,0,
b21eea42-c16c-42de-b93c-1f34e32d12f5,CUST001709,MERCH00056,2025-05-11 16:23:00,969.84,card_not_present,IT,IT,Airlines,0.0014873010969615,0,0,
41c95074-cdcf-47f0-b87f-b6eb1e740119,CUST001421,MERCH00059,2025-05-11 16:24:00,30.3,online,FR,ES,Fuel Stations,0.0004327382987846,0,0,
5758821f-8917-464b-8bb2-3dc4ee653562,CUST004626,MERCH00082,2025-05-11 16:25:00,132.0,card_present,ES,NL,Restaurants,0.0005421778410369,0,0,
2e14a9c9-ec50-4817-8fe9-8c03db41f063,CUST000296,MERCH00253,2025-05-11 16:32:00,202.24,atm_withdrawal,IT,FR,Airlines,0.0006770179666927,0,0,
ccba4e04-161f-41b5-9b49-ca38f6331424,CUST004112,MERCH00377,2025-05-11 16:32:00,109.6,atm_withdrawal,FR,DE,Airlines,0.0004291413197054,0,0,
884a259a-4f78-4d3b-82a6-aad4d999ec01,CUST004271,MERCH00357,2025-05-11 16:35:00,1433.79,card_present,FR,NL,Airlines,0.0005633635507748,0,0,
7195b01f-bbc7-468d-b1dd-4ffe5ca1787e,CUST001342,MERCH00000,2025-05-11 16:40:00,55.57,card_not_present,PL,IT,Direct Marketing / Subscriptions,0.0004587126115406,0,0,
8767ea54-6110-4c21-a9ce-a2a2449553c3,CUST000226,MERCH00055,2025-05-11 16:41:00,22.74,card_not_present,DE,DE,Utilities,8.035857446094911e-05,0,0,
7ba36f4e-d6ce-4054-9ce7-cfe86b806b58,CUST005962,MERCH00253,2025-05-11 16:44:00,60.7,atm_withdrawal,IT,DE,Airlines,0.0004781389508795,0,0,
f7fbf412-e2a2-4b20-a18b-46097259d23e,CUST005045,MERCH00204,2025-05-11 16:46:00,272.82,online,SE,NL,Restaurants,0.0004226578413913,0,0,
eb4d24fa-1511-43ee-afb1-19091a36e69c,CUST004863,MERCH00086,2025-05-11 16:48:00,1487.54,card_present,IE,IE,Hotels,0.0009741292988493,0,0,
3d82c8f0-b59a-48a5-878a-db86d5117d2c,CUST001140,MERCH00066,2025-05-11 16:51:00,32.84,card_present,NL,NL,Misc Retail,4.34982364947671e-05,0,0,
b52f756d-32de-4d6b-8bc1-0aa3f54a1d3a,CUST004598,MERCH00205,2025-05-11 16:51:00,260.61,card_present,IT,ES,Misc Retail,0.0003077871387725,0,0,
3b7a2d05-a89b-4389-9b59-a596da9cd87f,CUST002990,MERCH00118,2025-05-11 16:52:00,37.52,card_present,DE,DE,Jewelry,5.168168020254222e-05,0,0,
862954b0-e9ef-4059-b705-49b81d984f87,CUST002280,MERCH00194,2025-05-11 17:03:00,125.77,card_not_present,DE,DE,Electronics,6.60676807043181e-05,0,0,
3a9de16f-4413-4ffc-9b17-9c933b4bc601,CUST004981,MERCH00204,2025-05-11 17:04:00,76.53,online,FR,FR,Restaurants,7.271949762886276e-05,0,0,
3ee13f7e-b17f-47b2-9115-ceae0b64d431,CUST001890,MERCH00174,2025-05-11 17:04:00,80.69,card_present,DE,DE,Direct Marketing / Subscriptions,7.271949762886276e-05,0,0,
9444c9c7-9d0a-40d3-a4ca-e80382667540,CUST000486,,2025-05-11 17:05:00,176.88,wire_transfer,DE,DE,N/A (wire/ATM),3.451305870562638e-05,0,0,
49f46d9c-6e75-4ed1-9366-3319a2d35811,CUST001016,MERCH00210,2025-05-11 17:22:00,33.14,card_present,IT,IT,Hotels,5.168168020254222e-05,0,0,
9c10f65a-8fdd-4926-9b13-d6cc6205023c,CUST004001,MERCH00284,2025-05-11 17:26:00,249.66,card_present,DE,DE,Utilities,3.38589349594547e-05,0,0,
460f1312-4937-41e6-bf5b-49ef2fb9794f,CUST004051,MERCH00230,2025-05-11 17:30:00,404.99,card_not_present,DE,DE,Jewelry,7.737533655219923e-05,0,0,
456c3dc9-eb1f-4eec-8558-f19ffbf5de2c,CUST005821,MERCH00258,2025-05-11 17:31:00,100.13,card_not_present,DE,DE,Fuel Stations,4.561714421858141e-05,0,0,
04bd81a2-a282-4a76-8da1-d2881750e859,CUST002388,MERCH00086,2025-05-11 17:35:00,22.74,atm_withdrawal,IE,IE,Hotels,6.60676807043181e-05,0,0,
5085d021-f478-4386-ba76-7d4932da65b1,CUST002067,MERCH00406,2025-05-11 17:40:00,734.66,atm_withdrawal,SE,ES,Crypto / Money Transfer,0.0094453577275406,0,0,
4c2fb11a-1816-4976-a39e-87543873c3e7,CUST005603,MERCH00107,2025-05-11 17:41:00,56.1,card_not_present,ES,ES,Jewelry,6.962877213748992e-05,0,0,
b1a4710d-8571-4512-9db6-f86b5c8df163,CUST003725,,2025-05-11 17:42:00,146.56,wire_transfer,FR,FR,N/A (wire/ATM),3.451305870562638e-05,0,0,
50e0a552-008a-4ffd-9c5b-7b98e1e482b3,CUST000735,MERCH00308,2025-05-11 17:42:00,33.08,online,FR,PL,Clothing Stores,0.0003496937219117,0,0,
2b14bca6-44fe-4f60-9232-744e3772445b,CUST000600,,2025-05-11 17:52:00,24.62,wire_transfer,DE,DE,N/A (wire/ATM),4.284225528282033e-05,0,0,
5788cfee-7760-44f7-91a2-176181affdaa,CUST005468,MERCH00142,2025-05-11 17:55:00,35.63,card_not_present,IT,DE,Airlines,0.0004781389508795,0,0,
895ae148-b4bf-4c4e-926f-d65e694318a3,CUST003711,MERCH00096,2025-05-11 17:56:00,9.82,card_present,IE,ES,Electronics,0.0006019940429865,0,0,
ca95aafc-e211-4e32-862e-ba853c16f192,CUST003325,MERCH00162,2025-05-11 17:57:00,75.76,online,PL,PL,Misc Retail,6.572915208119079e-05,0,0,
23210800-cc68-4fe2-9eb2-ec7a28bac4f6,CUST004205,MERCH00093,2025-05-11 17:58:00,39.21,card_present,DE,FR,Grocery Stores,0.0003126220579578,0,0,
4f460f92-d9e2-4bb6-ae03-11ae193974c9,CUST002711,MERCH00158,2025-05-11 18:01:00,32.85,card_present,DE,IT,Jewelry,0.0016459359471343,0,0,
821e97ce-5342-4e58-8064-8a80cbbc697c,CUST003801,MERCH00445,2025-05-11 18:07:00,37.19,card_not_present,FR,FR,Misc Retail,5.860369463451871e-05,0,0,
0997d01e-f7b3-4cec-9500-79e72eac955e,CUST000609,MERCH00182,2025-05-11 18:08:00,98.07,online,ES,DE,Restaurants,0.0003588602692009,0,0,
d44aa4a7-8e76-40a3-9d29-2d1e8ae2c81a,CUST000825,MERCH00198,2025-05-11 18:16:00,29.7,card_present,IE,DE,Direct Marketing / Subscriptions,0.0005421778410369,0,0,
369a121a-1073-4bfd-b25d-9dcbca5fce97,CUST005516,MERCH00378,2025-05-11 18:18:00,21.01,card_not_present,IT,IT,Grocery Stores,9.79715117179777e-05,0,0,
aed62871-6ad0-477e-837e-ad8a289950eb,CUST000085,MERCH00011,2025-05-11 18:20:00,54.78,card_present,ES,ES,Airlines,5.168168020254222e-05,0,0,
dcb34f84-fa4a-4c8a-af08-40db88c12343,CUST004191,MERCH00446,2025-05-11 18:21:00,218.76,card_present,ES,ES,Fuel Stations,3.947244601738204e-05,0,0,
f8499641-6c9a-4ba0-95c9-1c3160bb3f63,CUST005508,MERCH00194,2025-05-11 18:22:00,41.22,card_present,DE,PL,Electronics,0.0003357238799902,0,0,
0536b361-906d-4528-9132-da6a36bc0a5c,CUST003928,MERCH00310,2025-05-11 18:26:00,51.16,card_present,IT,IT,Clothing Stores,7.255726084915845e-05,0,0,
f59375d4-5a35-4ee5-a273-d92ddaaaccb8,CUST004549,,2025-05-11 18:35:00,80.93,wire_transfer,DE,DE,N/A (wire/ATM),3.451305870562638e-05,0,0,
7f4a91d9-d7b1-4500-a3b6-7f25f061322c,CUST000840,MERCH00197,2025-05-11 18:42:00,10.64,card_present,ES,ES,Utilities,5.774909066208043e-05,0,0,
e833b4d6-6680-4432-8843-e96d940ff45e,CUST002130,MERCH00415,2025-05-11 18:44:00,657.93,atm_withdrawal,SE,SE,Airlines,0.0005700616965893,0,0,
facf623c-9413-4381-acf5-0071f09023b4,CUST002798,MERCH00071,2025-05-11 18:45:00,62.67,online,FR,IT,Jewelry,0.0003549341170108,0,0,
33bd866d-56d4-429c-991e-dcc06c0567e6,CUST000612,MERCH00024,2025-05-11 18:49:00,92.34,card_present,IT,IT,Clothing Stores,4.689478247181653e-05,0,0,
adafe3c1-934a-498e-aa1f-2090a58da321,CUST003429,,2025-05-11 18:50:00,107.06,wire_transfer,IE,IE,N/A (wire/ATM),5.215210282126032e-05,0,0,
32b3dc1f-86a0-44a9-b5c6-906868b393e1,CUST001224,MERCH00214,2025-05-11 18:51:00,284.82,online,IE,IE,Crypto / Money Transfer,5.168168020254222e-05,0,0,
a22266e9-11ce-4fbd-b059-c7d402e0f2d6,CUST003158,,2025-05-11 18:52:00,1079.84,wire_transfer,IE,IE,N/A (wire/ATM),0.0011110020046309,0,0,
f3275ac6-7c90-414a-a125-65711c504e08,CUST005651,MERCH00288,2025-05-11 18:53:00,209.97,card_present,DE,DE,Crypto / Money Transfer,5.168168020254222e-05,0,0,
a1eedced-3020-4e94-828f-d924495cae28,CUST002770,MERCH00122,2025-05-11 19:00:00,15.54,online,DE,ES,Fuel Stations,0.0003643557830765,0,0,
91d57650-b733-4bf9-9c2f-8986a52c7bee,CUST003697,MERCH00098,2025-05-11 19:02:00,68.5,online,ES,ES,Utilities,5.9645998429748846e-05,0,0,
e721fb21-b9ef-459f-939c-8a5261fb3511,CUST002323,MERCH00198,2025-05-11 19:04:00,53.87,card_not_present,IE,DE,Direct Marketing / Subscriptions,0.0004834272910878,0,0,
d66e0d57-2b62-4ede-9bb3-437f9aaaebda,CUST003853,MERCH00166,2025-05-11 19:05:00,34.71,card_not_present,DE,SE,Grocery Stores,0.0005526390793429,0,0,
a5ac6aff-0cba-475d-805a-835552981d31,CUST005467,MERCH00360,2025-05-11 19:09:00,15.41,card_not_present,DE,IE,Grocery Stores,0.0004834272910878,0,0,
c01606e8-beec-4174-ba92-8cb2b78e14f9,CUST001929,MERCH00066,2025-05-11 19:10:00,151.47,online,PL,PL,Misc Retail,4.34982364947671e-05,0,0,
4740ac21-8d53-4210-ae93-ade5444ec27c,CUST002908,MERCH00384,2025-05-11 19:12:00,15.24,card_not_present,FR,FR,Restaurants,5.56159021406308e-05,0,0,
69080f1c-99f5-4ac8-9026-97e8bd2ef1a1,CUST001620,,2025-05-11 19:16:00,34.11,wire_transfer,PL,PL,N/A (wire/ATM),5.215210282126032e-05,0,0,
fd4c0461-5970-456e-978e-8569abeaf09d,CUST004538,MERCH00124,2025-05-11 19:21:00,79.6,atm_withdrawal,DE,DE,Direct Marketing / Subscriptions,9.79715117179777e-05,0,0,
3254d983-fc88-4acb-bfbe-7c0fb9c3f91b,CUST001432,MERCH00340,2025-05-11 19:22:00,20.38,card_not_present,IE,NL,Hotels,0.0007223439483165,0,0,
99904e28-ee6b-4096-9096-6a9246780307,CUST002914,MERCH00280,2025-05-11 19:29:00,49.63,card_present,DE,DE,Crypto / Money Transfer,7.561105185791929e-05,0,0,
0042a74f-effe-4659-b907-881c5201d21a,CUST003689,MERCH00261,2025-05-11 19:33:00,33.17,card_not_present,FR,FR,Utilities,8.035857446094911e-05,0,0,
8529b1c1-3a64-4e3f-a705-4730fdd9fa5a,CUST000291,MERCH00304,2025-05-11 19:47:00,23.19,card_present,NL,IT,Fuel Stations,0.0002411477181994,0,0,
6560cc21-9c53-46f5-beb4-dedc1e2a36cb,CUST005587,MERCH00281,2025-05-11 19:48:00,12.29,online,IE,ES,Restaurants,0.0005421778410369,0,0,
1c9daafe-1203-40c4-bf4e-776cd6d88389,CUST003266,,2025-05-11 19:48:00,24.9,wire_transfer,SE,SE,N/A (wire/ATM),3.451305870562638e-05,0,0,
d857be36-b0bc-4c95-a88b-3f03e037e594,CUST002980,MERCH00029,2025-05-11 19:48:00,78.84,card_not_present,DE,DE,Jewelry,6.60676807043181e-05,0,0,
eab43f8a-215b-42cd-bfb7-34f8a40cca4b,CUST002872,MERCH00358,2025-05-11 19:48:00,55.61,atm_withdrawal,IE,IE,Direct Marketing / Subscriptions,9.79715117179777e-05,0,0,
2f03001d-444a-45e1-8d75-ab47adc60d14,CUST001159,MERCH00430,2025-05-11 19:51:00,17.67,card_not_present,IT,IT,Hotels,6.60676807043181e-05,0,0,
f350f18e-548c-46e0-a274-5b2d90557d80,CUST004625,MERCH00024,2025-05-11 19:53:00,16.42,card_present,IE,IE,Clothing Stores,7.086146902556566e-05,0,0,
2bfe95ab-d6b2-4b46-abe0-83701da2cea1,CUST004954,MERCH00137,2025-05-11 19:59:00,26.74,atm_withdrawal,FR,ES,Grocery Stores,0.0007106237575627,0,0,
7bc391e6-8a47-474d-820d-067de83a9702,CUST003942,MERCH00001,2025-05-11 19:59:00,29.8,online,PL,PL,Electronics,5.168168020254222e-05,0,0,
9b788f3a-4199-4d75-8a87-85b70ab987a6,CUST001038,MERCH00367,2025-05-11 20:02:00,208.42,card_not_present,IT,IT,Misc Retail,6.51237415040253e-05,0,0,
84aae89f-2646-422f-a192-45bf5b98c44d,CUST003064,MERCH00400,2025-05-11 20:03:00,231.11,card_present,FR,FR,Electronics,5.168168020254222e-05,0,0,
15df92c3-c59e-4d08-9fa3-c50a9c73ad12,CUST002110,MERCH00006,2025-05-11 20:04:00,13.8,card_not_present,DE,IT,Restaurants,0.0004025245408456,0,0,
bc4ff035-bc44-42a3-9cb6-7dbaf283188e,CUST004895,MERCH00232,2025-05-11 20:31:00,249.93,card_not_present,FR,FR,Airlines,7.737533655219923e-05,0,0,
2eec4a27-0cb7-4dff-89cf-ccd39ea94550,CUST000540,MERCH00137,2025-05-11 20:36:00,54.79,atm_withdrawal,ES,ES,Grocery Stores,9.79715117179777e-05,0,0,
01965867-c6ab-4289-9be1-da6783f7d524,CUST002662,MERCH00077,2025-05-11 20:36:00,707.34,card_not_present,ES,ES,Grocery Stores,0.0006510938284372,0,0,
f9c5c129-db92-4d10-9194-86646400b139,CUST003939,MERCH00003,2025-05-11 20:37:00,473.63,online,FR,FR,Restaurants,4.128053386546797e-05,0,0,
0ebddb87-a8e3-478e-aec3-0ecae4447ed7,CUST005117,MERCH00445,2025-05-11 20:41:00,144.34,card_not_present,IE,IE,Misc Retail,5.0269600292323576e-05,0,0,
188ca18b-afc0-4433-8a44-562404a36c8d,CUST000710,MERCH00183,2025-05-11 20:42:00,52.28,card_present,IT,IT,Fuel Stations,5.9645998429748846e-05,0,0,
f1dc6dce-3aab-4c9e-b08b-6180bade4533,CUST004582,MERCH00154,2025-05-11 20:42:00,220.52,card_present,SE,SE,Utilities,3.5684015772054174e-05,0,0,
81be77ad-87c0-4fd4-aa84-6cbef333e13a,CUST004352,MERCH00357,2025-05-11 20:48:00,70.38,card_not_present,FR,FR,Airlines,0.0001052129787404,0,0,
58d968a9-a2b8-4e17-a451-9be2d4676d10,CUST001681,MERCH00012,2025-05-11 20:49:00,5.66,card_present,NL,IT,Grocery Stores,0.0005421778410369,0,0,
99a3669a-73b7-484f-bf3a-491b184e2f28,CUST002504,MERCH00264,2025-05-11 20:51:00,10.09,card_not_present,NL,NL,Hotels,0.0001052129787404,0,0,
be506cc6-cb30-478c-9825-a5b27147295c,CUST003719,MERCH00148,2025-05-11 20:56:00,49.2,card_not_present,FR,DE,Misc Retail,0.0003441501707963,0,0,
c53b9d6d-c10c-48eb-8b33-f2e9a8c1ce6a,CUST001619,MERCH00235,2025-05-11 20:57:00,64.16,online,PL,PL,Clothing Stores,4.993355810086768e-05,0,0,
bad26a12-523c-482d-9eb3-adbd7449aa24,CUST004071,MERCH00421,2025-05-11 21:04:00,43.62,online,NL,NL,Restaurants,5.97383145101478e-05,0,0,
0155d376-28fd-47c2-86e1-a033cef0c982,CUST005996,MERCH00377,2025-05-11 21:07:00,55.75,online,DE,DE,Airlines,7.410059585027263e-05,0,0,
5edabe6f-a106-4dfb-a51d-e80a48fbb9f5,CUST000721,MERCH00365,2025-05-11 21:08:00,152.46,card_present,FR,FR,Crypto / Money Transfer,5.168168020254222e-05,0,0,
81aa3995-3830-495a-8a1f-8ef040fa5588,CUST000143,MERCH00295,2025-05-11 21:11:00,101.95,card_present,DE,DE,Fuel Stations,3.947244601738204e-05,0,0,
c979bc4b-465f-47bf-a398-718dfef243b0,CUST001869,MERCH00404,2025-05-11 21:12:00,19.54,card_not_present,NL,NL,Clothing Stores,5.711603240820525e-05,0,0,
906b4459-a54a-4007-9bbb-1ad1c9520498,CUST003666,MERCH00256,2025-05-11 21:15:00,538.9,online,FR,DE,Direct Marketing / Subscriptions,0.0011316727147237,0,0,
41d6ea02-8de5-466a-a91a-928be201d5da,CUST000506,MERCH00079,2025-05-11 21:21:00,44.71,card_present,NL,ES,Grocery Stores,0.0005249431418718,0,0,
4b5fffc9-5e34-44b5-949e-ca28ae459871,CUST003913,MERCH00138,2025-05-11 21:24:00,9.39,atm_withdrawal,IE,IE,Grocery Stores,7.647775094371409e-05,0,0,
f5365251-dd3f-4841-b6b0-98781de7d2e6,CUST005334,MERCH00296,2025-05-11 21:26:00,103.72,card_not_present,IT,IT,Jewelry,6.962877213748992e-05,0,0,
f97bc3fb-6e93-4a23-b1a4-7ea65afa3188,CUST001649,MERCH00249,2025-05-11 21:35:00,28.04,online,FR,IT,Restaurants,0.0003807651768318,0,0,
8a13086c-e876-4ed8-a1cf-3d274b6ea23a,CUST004653,MERCH00390,2025-05-11 21:37:00,51.33,atm_withdrawal,ES,ES,Misc Retail,5.860369463451871e-05,0,0,
24076b12-bda3-4e6a-8390-c971c2db2d1c,CUST003068,MERCH00014,2025-05-11 21:43:00,348.71,atm_withdrawal,ES,IE,Crypto / Money Transfer,0.0005827553284497,0,0,
7e3eadf6-1394-4c8f-9637-d01f933edd31,CUST005731,MERCH00042,2025-05-11 21:48:00,176.38,card_not_present,IT,PL,Grocery Stores,0.0004834272910878,0,0,
599c097f-6c52-486a-a49f-6741fe0dd1a7,CUST005271,MERCH00126,2025-05-11 21:49:00,22.52,atm_withdrawal,DE,DE,Crypto / Money Transfer,0.0001052129787404,0,0,
71e8d195-93e3-425f-b345-0deb9cebd836,CUST003824,MERCH00014,2025-05-11 21:49:00,271.24,atm_withdrawal,NL,NL,Crypto / Money Transfer,7.737533655219923e-05,0,0,
93ec9e55-f50a-4543-8ded-5500e4bc98db,CUST002465,MERCH00313,2025-05-11 21:53:00,180.15,card_not_present,PL,DE,Electronics,0.0005613537122562,0,0,
7dd2d766-8e50-4a43-8072-3131aefb8dff,CUST003188,MERCH00024,2025-05-11 21:56:00,179.77,card_present,DE,DE,Clothing Stores,4.689478247181653e-05,0,0,
63f2232e-827b-41f2-aba1-1c1c158a5914,CUST002999,,2025-05-11 21:56:00,72.88,wire_transfer,PL,PL,N/A (wire/ATM),5.215210282126032e-05,0,0,
cf718459-2cc5-4e03-88ba-67baee0817a6,CUST004515,MERCH00296,2025-05-11 22:02:00,46.56,card_not_present,NL,FR,Jewelry,0.0005613537122562,0,0,
11a0dda0-0fb5-4806-a099-1c3a26d5ba4b,CUST002749,MERCH00106,2025-05-11 22:21:00,90.68,card_not_present,NL,NL,Fuel Stations,5.3179958393195385e-05,0,0,
2598e438-5889-4811-8953-c7e2b10a5eeb,CUST004418,MERCH00430,2025-05-11 22:23:00,368.65,card_not_present,NL,PL,Hotels,0.0005041488484153,0,0,
76c4ed23-9b03-4dae-8d22-e0c140c1235f,CUST002691,MERCH00433,2025-05-11 22:41:00,141.0,atm_withdrawal,ES,ES,Electronics,6.962877213748992e-05,0,0,
988d788e-31bf-4aef-9fb9-e2ead4dc8cd0,CUST005588,,2025-05-11 22:42:00,366.46,wire_transfer,NL,NL,N/A (wire/ATM),3.835296651872995e-05,0,0,
8e8dbfdf-e330-4e2d-ab98-d67e8bb6e9a9,CUST005404,MERCH00418,2025-05-11 22:47:00,214.27,online,SE,SE,Clothing Stores,5.8211943937857405e-05,0,0,
e9d46d8f-9d3f-4070-bc42-6d0347f8805d,CUST000220,MERCH00144,2025-05-11 23:02:00,75.68,card_not_present,IE,IE,Fuel Stations,5.3179958393195385e-05,0,0,
1f1b2955-68ae-4cba-b6af-b9a71fbb718f,CUST002614,MERCH00395,2025-05-11 23:03:00,80.38,card_not_present,DE,NL,Crypto / Money Transfer,0.0002033734490182,0,0,
cedd92b1-9746-4b5d-b662-0c2868f13066,CUST004901,MERCH00130,2025-05-11 23:05:00,32.68,card_present,IE,IE,Hotels,5.168168020254222e-05,0,0,
a6a91c84-b11f-4451-b9d4-cf293a30a780,CUST005538,,2025-05-11 23:09:00,288.43,wire_transfer,IT,IT,N/A (wire/ATM),3.835296651872995e-05,0,0,
10bd3f17-ccb4-46ae-ae94-15083dad4ca2,CUST004520,MERCH00019,2025-05-11 23:18:00,22.95,card_present,FR,FR,Utilities,5.9645998429748846e-05,0,0,
5f4696c5-f79a-4c59-9e8f-d66b014cff81,CUST002332,MERCH00124,2025-05-11 23:22:00,231.17,online,PL,PL,Direct Marketing / Subscriptions,4.812442096995302e-05,0,0,
35c02528-66ea-448d-bbd1-67845692b343,CUST001743,MERCH00112,2025-05-11 23:24:00,54.83,atm_withdrawal,FR,FR,Grocery Stores,9.79715117179777e-05,0,0,
7bcb73bb-fdcb-41b2-a423-4dca6bf3c04c,CUST003566,MERCH00173,2025-05-11 23:24:00,3.8,card_present,ES,PL,Fuel Stations,0.0006845192351699,0,0,
fb528615-fdae-408e-b527-f5410278cbac,CUST000989,MERCH00367,2025-05-11 23:24:00,233.46,online,ES,ES,Misc Retail,4.34982364947671e-05,0,0,
bdc5c469-b1d1-4ed8-96bb-70bfafbe365f,CUST002047,MERCH00172,2025-05-11 23:29:00,171.07,card_present,ES,ES,Grocery Stores,4.812442096995302e-05,0,0,
4d1bb687-b9f8-4cb7-8ef7-3e9fa8cbee85,CUST005275,MERCH00440,2025-05-11 23:30:00,10.41,online,PL,FR,Grocery Stores,0.0004725538541832,0,0,
c45858d0-322b-4c55-a2b6-5425481497a3,CUST005084,MERCH00206,2025-05-11 23:32:00,86.93,online,DE,DE,Airlines,4.9038429182940645e-05,0,0,
137dd94d-93cd-43c4-b3ad-5f2b9394e9f4,CUST005803,MERCH00359,2025-05-11 23:35:00,21.62,online,DE,DE,Utilities,5.9645998429748846e-05,0,0,
6dab2d12-f5aa-4b1c-84c9-62a393c9d1fa,CUST001860,MERCH00431,2025-05-11 23:44:00,382.74,card_not_present,PL,PL,Hotels,7.737533655219923e-05,0,0,
104f27de-b673-460a-936e-ccbb9f3466b3,CUST003074,MERCH00351,2025-05-11 23:47:00,146.09,online,ES,ES,Airlines,5.168168020254222e-05,0,0,
b6c07a5f-92a2-4754-9dc2-90cd65a67968,CUST001596,MERCH00290,2025-05-11 23:53:00,97.18,card_present,PL,IE,Fuel Stations,0.0002541433402874,0,0,
89dd757e-562a-4c97-910c-2713cd11a7e6,CUST002295,MERCH00015,2025-05-11 23:55:00,39.65,online,NL,DE,Jewelry,0.0002403895167851,0,0,
8cf69684-d28d-4684-b488-f29193b663b3,CUST003755,MERCH00389,2025-05-11 23:56:00,44.65,online,IT,FR,Restaurants,0.000483479754352,0,0,
964df0f9-b4d5-4aff-a24b-ce4c8055aa3b,CUST001221,MERCH00182,2025-05-12 00:02:00,75.16,card_not_present,IT,IT,Restaurants,9.79715117179777e-05,0,0,
196117bc-7e27-4861-81d3-6b5dc2989a9e,CUST000691,MERCH00106,2025-05-12 00:23:00,2599.96,wire_transfer,DE,PL,Fuel Stations,0.9980141386500856,1,1,account_takeover
89b4fca4-ec86-4c5c-9924-29473a33d11d,CUST001230,MERCH00058,2025-05-12 01:45:00,861.73,online,DE,DE,Jewelry,0.000375640544755,0,0,
af4cc8fa-33c8-4d9b-b21d-437499b4bc40,CUST004958,MERCH00144,2025-05-12 01:55:00,202.4,card_present,DE,SE,Fuel Stations,0.0004096114978954,0,0,
08e06e8f-3748-41b2-b99b-83b4be517291,CUST002222,MERCH00224,2025-05-12 01:57:00,385.58,card_not_present,ES,IT,Grocery Stores,0.0005371863687715,0,0,
c4a5332b-b1ef-47c3-856b-edc658f2ece8,CUST001668,MERCH00396,2025-05-12 02:09:00,43.81,card_present,PL,PL,Direct Marketing / Subscriptions,7.271949762886276e-05,0,0,
b3991b60-b6d8-4699-92b1-3007e4c8e1a0,CUST001511,MERCH00422,2025-05-12 02:27:00,47.12,card_present,SE,ES,Hotels,0.0003893079040574,0,0,
d7b9fe74-9512-46f0-9467-b5c8e2927286,CUST002584,MERCH00167,2025-05-12 02:50:00,154.6,card_not_present,DE,DE,Airlines,6.962877213748992e-05,0,0,
9ffc113e-beb2-4322-a49b-95ce49b63e1e,CUST004026,MERCH00409,2025-05-12 02:59:00,107.01,card_not_present,PL,PL,Airlines,6.60676807043181e-05,0,0,
2ff248f5-62b9-4bc2-8a97-0b71d85708fa,CUST005286,MERCH00244,2025-05-12 03:24:00,22.91,atm_withdrawal,FR,FR,Restaurants,9.79715117179777e-05,0,0,
b7a2c63c-0663-495f-b66d-1d6cf9e7df96,CUST004289,MERCH00184,2025-05-12 03:24:00,62.3,card_present,NL,NL,Jewelry,5.168168020254222e-05,0,0,
c5a03927-e58b-48a6-959b-98fc58db0491,CUST002202,MERCH00355,2025-05-12 03:29:00,180.89,card_not_present,IT,FR,Restaurants,0.0004452416318322,0,0,
6ba80f25-d91f-4b86-a013-c8f5389d81f2,CUST003029,MERCH00351,2025-05-12 03:43:00,58.63,card_present,ES,DE,Airlines,0.0004832200099009,0,0,
839b9141-b861-4588-bde6-4fb2449d44d8,CUST003720,MERCH00075,2025-05-12 04:07:00,21.18,card_not_present,DE,NL,Fuel Stations,0.0001637060836466,0,0,
3f6594e6-c8a8-4190-8fae-c24378c29fa0,CUST001544,,2025-05-12 04:15:00,1169.56,wire_transfer,FR,FR,N/A (wire/ATM),0.0013258551908037,0,0,
83a9cec0-f7b2-4331-b371-14314b36e692,CUST005863,MERCH00226,2025-05-12 04:21:00,64.03,card_not_present,NL,NL,Airlines,0.0001052129787404,0,0,
c2d5dda7-e115-4bb8-bbe7-a61dbbd39128,CUST003158,MERCH00288,2025-05-12 04:30:00,1244.38,card_present,IE,IE,Crypto / Money Transfer,5.6508502955094166e-05,0,0,
6bb700bc-0f9b-4920-ac7f-db4c8b0eaf8c,CUST004207,MERCH00117,2025-05-12 04:48:00,4.24,online,ES,FR,Utilities,0.0004189809953223,0,0,
33058700-a3b0-4ddf-be50-2b02ec2f5c6d,CUST001036,MERCH00262,2025-05-12 04:49:00,179.65,card_not_present,NL,NL,Hotels,6.962877213748992e-05,0,0,
6ecd1997-6502-4c20-a77d-6ac129e00a25,CUST000241,MERCH00210,2025-05-12 04:54:00,44.85,atm_withdrawal,IT,FR,Hotels,0.0004781389508795,0,0,
08c8c140-bd89-4107-ad34-c2a7603caa77,CUST001605,MERCH00436,2025-05-12 05:03:00,4.97,card_not_present,DE,NL,Grocery Stores,0.0003015617156332,0,0,
f6883d70-c5c1-495c-a609-80f935055148,CUST005167,MERCH00056,2025-05-12 05:09:00,111.88,card_not_present,IE,IE,Airlines,6.962877213748992e-05,0,0,
051a65a9-7a26-4897-a805-29957d9bcae0,CUST000549,MERCH00117,2025-05-12 05:10:00,8.5,card_present,ES,NL,Utilities,0.0003839886252206,0,0,
9a05bf40-c612-4df6-a54f-df4613aa27e3,CUST005332,MERCH00044,2025-05-12 05:11:00,14.58,card_present,SE,DE,Fuel Stations,0.0002499740574088,0,0,
a380736a-4048-4d0a-a6a6-fc14e06a045c,CUST000417,MERCH00089,2025-05-12 05:13:00,7.84,online,FR,DE,Direct Marketing / Subscriptions,0.0003880425443021,0,0,
93b6b6cd-517e-438a-8383-a626b8715d9c,CUST002086,MERCH00295,2025-05-12 05:15:00,74.66,online,IT,IT,Fuel Stations,3.38589349594547e-05,0,0,
4e047316-5cf9-4f62-8088-986a42ffe55d,CUST003184,MERCH00121,2025-05-12 05:22:00,1034.16,online,NL,NL,Hotels,0.0003583804125105,0,0,
3bdd198b-b3ad-4ece-bc5a-3b7636df6f97,CUST005431,MERCH00196,2025-05-12 05:27:00,8.41,card_present,SE,SE,Grocery Stores,6.237810501200828e-05,0,0,
1303e925-da2e-4060-b912-0bb1f42439a0,CUST003559,MERCH00291,2025-05-12 05:59:00,109.58,card_present,ES,ES,Electronics,7.8094632876302e-05,0,0,
e107328b-89d7-4224-a43c-c64f02652662,CUST001247,MERCH00210,2025-05-12 05:59:00,33.17,online,IT,ES,Hotels,0.0003893079040574,0,0,
36a5ffca-5ee6-4fab-9e58-aa0ca7ec14c3,CUST003723,MERCH00122,2025-05-12 06:00:00,710.64,online,ES,ES,Fuel Stations,0.0001753968456603,0,0,
8bbb4785-970d-4611-af1e-70d8e615d348,CUST004240,MERCH00072,2025-05-12 06:03:00,26.54,card_not_present,DE,DE,Grocery Stores,7.647775094371409e-05,0,0,
cefdc803-3610-48d2-b1ef-d602ff3590fb,CUST001380,MERCH00416,2025-05-12 06:10:00,148.01,card_not_present,FR,FR,Grocery Stores,5.56159021406308e-05,0,0,
19325732-aaf1-4cfe-b4c2-1341e66da19e,CUST005529,,2025-05-12 06:11:00,146.77,wire_transfer,FR,FR,N/A (wire/ATM),3.451305870562638e-05,0,0,
5b15d8e6-9ce1-46d0-9866-fc26debc120b,CUST004571,MERCH00309,2025-05-12 06:14:00,71.72,card_present,IE,DE,Fuel Stations,0.0002541433402874,0,0,
b8b3ef42-1e8a-4ffd-a206-9441599c2abb,CUST002829,MERCH00025,2025-05-12 06:22:00,112.62,card_present,DE,DE,Jewelry,5.168168020254222e-05,0,0,
cc2191b1-febc-4544-8aa8-d0a7a1b546db,CUST004153,MERCH00261,2025-05-12 06:24:00,324.8,card_present,IT,IT,Utilities,3.947244601738204e-05,0,0,
478b35db-9b55-485e-a6ca-dc58464a4228,CUST000255,MERCH00075,2025-05-12 06:25:00,6.99,card_present,DE,IT,Fuel Stations,0.0004096114978954,0,0,
3c0657ee-7ae9-4b29-8ee2-88abe3a79367,CUST002955,,2025-05-12 06:31:00,16.55,wire_transfer,PL,PL,N/A (wire/ATM),5.049350963201199e-05,0,0,
7464122f-c8ef-45b9-99af-da3d6a3f4a3c,CUST004604,MERCH00087,2025-05-12 06:48:00,127.01,card_not_present,PL,FR,Jewelry,0.0005244383171421,0,0,
0062a13e-6505-4f48-a1fe-032b8479d34e,CUST000247,MERCH00330,2025-05-12 06:48:00,166.4,card_present,FR,FR,Fuel Stations,5.9645998429748846e-05,0,0,
dd43bb91-8d8c-4c68-ae0b-528a2d455792,CUST002043,MERCH00076,2025-05-12 07:06:00,20.68,card_not_present,FR,FR,Utilities,4.807599128533608e-05,0,0,
3da846f6-0d80-4407-92fc-f1892240fe7d,CUST001444,MERCH00225,2025-05-12 07:08:00,1004.68,card_present,DE,FR,Hotels,0.0004793988177165,0,0,
394c43a4-d39e-4cc0-b499-ca4f59e500bb,CUST005913,MERCH00352,2025-05-12 07:14:00,94.25,online,SE,SE,Hotels,5.168168020254222e-05,0,0,
4b7c6e1c-8029-449c-8444-fa60b9809bed,CUST004276,MERCH00427,2025-05-12 07:14:00,7.55,online,IT,FR,Grocery Stores,0.0004993538261975,0,0,
dcd7f946-1689-415f-9141-edaa61ab4d34,CUST004539,MERCH00221,2025-05-12 07:15:00,23.54,atm_withdrawal,SE,SE,Direct Marketing / Subscriptions,9.79715117179777e-05,0,0,
48121365-6bfe-4471-b5fa-fab061174bbf,CUST004417,MERCH00144,2025-05-12 07:19:00,117.08,online,DE,DE,Fuel Stations,5.9645998429748846e-05,0,0,
607fdf15-4c94-41e9-9f1b-c5c13b856c15,CUST002961,MERCH00436,2025-05-12 07:19:00,9.24,card_present,SE,FR,Grocery Stores,0.0003588602692009,0,0,
192843aa-c625-478a-8c69-7cd65628023c,CUST000379,MERCH00124,2025-05-12 07:21:00,18.66,card_not_present,IT,IT,Direct Marketing / Subscriptions,0.0001002753439838,0,0,
839a53b1-e9a8-4436-9fd2-afa1da19a8a0,CUST005430,MERCH00423,2025-05-12 07:24:00,29.97,card_not_present,ES,DE,Crypto / Money Transfer,0.0004976280386113,0,0,
a06abb7f-9d57-4065-9708-66bb64339119,CUST003015,,2025-05-12 07:37:00,40.03,wire_transfer,FR,FR,N/A (wire/ATM),5.337853416143864e-05,0,0,
7ea44e55-1e37-4697-a167-f86cd16dfc3a,CUST003591,MERCH00446,2025-05-12 07:54:00,67.52,atm_withdrawal,NL,NL,Fuel Stations,4.561714421858141e-05,0,0,
13ce2428-9d5a-4a2e-9d39-fef7a5120f2b,CUST001975,MERCH00349,2025-05-12 07:58:00,139.08,card_present,ES,ES,Restaurants,7.271949762886276e-05,0,0,
44149f79-1ab7-4c42-8e28-82b0ef52864a,CUST000811,MERCH00343,2025-05-12 07:59:00,54.06,card_not_present,FR,FR,Restaurants,0.0001623313898922,0,0,
4f891876-ac11-44bd-b986-516979ba4180,CUST005888,MERCH00435,2025-05-12 08:04:00,43.87,online,PL,DE,Clothing Stores,0.0003781308615351,0,0,
db6c50a0-34d1-4687-b843-5666d253f584,CUST000757,MERCH00359,2025-05-12 08:08:00,54.41,card_present,SE,NL,Utilities,0.0003839886252206,0,0,
b8a8bf15-1fde-46e7-a71f-6d59881b73f2,CUST005098,MERCH00140,2025-05-12 08:09:00,115.13,card_present,FR,NL,Airlines,0.0003357238799902,0,0,
0f2e4f37-db90-4ba5-aef0-981b33f75591,CUST002337,MERCH00356,2025-05-12 08:11:00,27.41,card_present,ES,IT,Misc Retail,0.0004745022839357,0,0,
3c01870d-5e71-4b3c-81cd-1ab7378d9942,CUST003490,MERCH00346,2025-05-12 08:11:00,153.63,online,DE,IE,Misc Retail,0.0003077871387725,0,0,
3b08b359-d2a3-44ae-a53c-450fc370af85,CUST005589,MERCH00242,2025-05-12 08:12:00,14.39,card_not_present,NL,NL,Electronics,0.0001052129787404,0,0,
09fb8827-c7c0-46f2-a973-23d29a007947,CUST000403,MERCH00073,2025-05-12 08:18:00,5.42,online,DE,DE,Crypto / Money Transfer,7.8094632876302e-05,0,0,
d242f083-2ebe-40b2-b5a7-cfa3341f70d6,CUST001429,MERCH00042,2025-05-12 08:18:00,47.41,online,IT,IT,Grocery Stores,4.812442096995302e-05,0,0,
4bce5b50-3893-4f3c-91b0-1c09705c9b2e,CUST004199,MERCH00278,2025-05-12 08:19:00,34.18,card_present,FR,ES,Airlines,0.0003749749729195,0,0,
1dcb2001-d6a9-4c54-bd41-daeb5cc770f2,CUST005212,MERCH00163,2025-05-12 08:21:00,246.67,online,SE,SE,Fuel Stations,3.947244601738204e-05,0,0,
d08ab8b5-e829-44b5-a30c-09d216ebdbdc,CUST002942,MERCH00031,2025-05-12 08:21:00,8.7,online,DE,SE,Airlines,0.0005362471576831,0,0,
3276af70-84ef-44ac-ac45-67b300b21e76,CUST002287,MERCH00216,2025-05-12 08:26:00,20.06,online,FR,IT,Fuel Stations,0.0003965891332736,0,0,
e4d5d0dd-66ba-48fe-8abb-ea5b1751f26f,CUST004905,,2025-05-12 08:31:00,78.63,wire_transfer,FR,FR,N/A (wire/ATM),3.451305870562638e-05,0,0,
a260ef20-54c1-4993-aa7f-f1443fd57166,CUST001716,MERCH00148,2025-05-12 08:32:00,30.28,card_present,ES,ES,Misc Retail,5.399575062331991e-05,0,0,
b52d1b1a-6483-4ffb-8339-a9233dad3376,CUST003014,MERCH00141,2025-05-12 08:33:00,65.41,card_not_present,PL,PL,Grocery Stores,6.483629147418578e-05,0,0,
24534f0a-dd79-4314-a484-b9647d60c960,CUST005079,MERCH00437,2025-05-12 08:35:00,12.35,card_present,FR,FR,Hotels,7.8094632876302e-05,0,0,
09bc7cc4-4f23-4eec-bef1-5477fc4edb33,CUST002520,MERCH00020,2025-05-12 08:37:00,7.31,card_present,FR,FR,Electronics,7.8094632876302e-05,0,0,
7a0697b2-f607-46be-8c52-6d28282977e2,CUST004367,MERCH00321,2025-05-12 08:41:00,5.55,card_present,IE,NL,Hotels,0.0005362471576831,0,0,
b5ee8b52-dda8-45e2-b7e6-5ba882e0b3f0,CUST000332,MERCH00230,2025-05-12 08:45:00,2857.91,card_present,PL,FR,Jewelry,0.0011476218890878,0,0,
d1c504cd-1f4f-4817-8007-5ad343bae4fb,CUST002432,MERCH00292,2025-05-12 08:50:00,314.57,card_present,IE,IE,Fuel Stations,3.38589349594547e-05,0,0,
01e76ec7-c2e6-4b58-abf5-ac661878a22a,CUST002269,,2025-05-12 08:51:00,71.02,wire_transfer,FR,FR,N/A (wire/ATM),5.215210282126032e-05,0,0,
c727b786-dd4c-4f6a-b1d0-f123c79427ba,CUST002855,MERCH00317,2025-05-12 08:51:00,74.24,card_present,DE,DE,Clothing Stores,5.262505548448957e-05,0,0,
3abd094c-5cd4-407e-93bd-c5d849c0e400,CUST000594,,2025-05-12 08:51:00,13.94,wire_transfer,FR,FR,N/A (wire/ATM),4.284225528282033e-05,0,0,
87bfe9a2-6ce7-4403-823d-662034d96245,CUST005933,,2025-05-12 08:53:00,111.9,wire_transfer,DE,DE,N/A (wire/ATM),3.451305870562638e-05,0,0,
1fe1a258-2395-42c9-b656-bd9c0e995769,CUST005783,MERCH00445,2025-05-12 08:53:00,67.87,card_not_present,SE,ES,Misc Retail,0.0005568249773657,0,0,
e27ac78e-8af1-4d8f-a30f-954d6f116631,CUST002260,MERCH00077,2025-05-12 09:03:00,365.41,online,IT,IT,Grocery Stores,4.812442096995302e-05,0,0,
ae141bcd-8a0b-4089-84dc-cbc8ef52afde,CUST000141,MERCH00406,2025-05-12 09:06:00,321.08,online,SE,DE,Crypto / Money Transfer,0.0005192008845981,0,0,
f97a33ab-d834-4c67-a4d3-d374c6b2b511,CUST005713,MERCH00280,2025-05-12 09:07:00,77.8,card_present,DE,DE,Crypto / Money Transfer,5.168168020254222e-05,0,0,
0626beb1-b29e-4ae5-b8b7-0eb27fccb8e8,CUST004940,MERCH00323,2025-05-12 09:10:00,27.24,online,FR,FR,Grocery Stores,7.040684569234698e-05,0,0,
7f915f23-90d1-4762-aa4a-1323872a4a02,CUST000170,MERCH00396,2025-05-12 09:11:00,180.2,card_present,IT,IT,Direct Marketing / Subscriptions,4.128053386546797e-05,0,0,
5cbf1a4d-be44-4007-9909-2291f4b2cae0,CUST001955,,2025-05-12 09:11:00,21.71,wire_transfer,DE,DE,N/A (wire/ATM),5.215210282126032e-05,0,0,
41867e2f-5291-4330-8cc4-0be76f94cae4,CUST005057,MERCH00156,2025-05-12 09:16:00,93.18,online,PL,PL,Jewelry,4.9038429182940645e-05,0,0,
9ec25f1d-0e50-4885-a0e7-f786cf5c30c7,CUST005261,MERCH00192,2025-05-12 09:16:00,13.55,card_present,SE,SE,Restaurants,6.237810501200828e-05,0,0,
6911e12a-29fc-4585-a381-3838ede6a3ea,CUST000536,MERCH00154,2025-05-12 09:19:00,9.84,card_present,PL,PL,Utilities,5.116368452990701e-05,0,0,
206b35a6-0068-4909-8a07-79d5d8c2d988,CUST001805,MERCH00430,2025-05-12 09:20:00,15.7,online,NL,NL,Hotels,7.8094632876302e-05,0,0,
6281df0a-c600-45cd-9d4f-8f403548f1c7,CUST003827,MERCH00104,2025-05-12 09:21:00,224.64,online,NL,FR,Airlines,0.0003185579654809,0,0,
283f5bc6-8ba7-414e-b731-4bd951095830,CUST005442,MERCH00422,2025-05-12 09:21:00,123.74,card_not_present,SE,IE,Hotels,0.0005869323334998,0,0,
229ec27e-88aa-44dc-938b-6caccd16d417,CUST005912,MERCH00285,2025-05-12 09:21:00,100.38,card_not_present,PL,SE,Jewelry,0.0005051328792678,0,0,
3d8b582f-59db-4474-9443-a43f96ea576c,CUST001404,,2025-05-12 09:22:00,76.78,wire_transfer,FR,FR,N/A (wire/ATM),3.451305870562638e-05,0,0,
2ea539c3-d061-448a-a8d3-9ac0204e98d1,CUST004920,MERCH00394,2025-05-12 09:23:00,30.14,card_not_present,ES,ES,Clothing Stores,9.546833997705238e-05,0,0,
08b2aed8-5175-44dd-9e6b-9389c105a48b,CUST004870,,2025-05-12 09:23:00,16.54,wire_transfer,FR,FR,N/A (wire/ATM),3.451305870562638e-05,0,0,
2db4a746-7f34-4cf2-b534-c6d7db46df51,CUST005128,MERCH00253,2025-05-12 09:25:00,608.84,online,IT,FR,Airlines,0.1094149504606349,0,0,
df3754c2-9736-4465-9a9c-c273cb4f02bb,CUST001218,MERCH00192,2025-05-12 09:25:00,89.67,card_present,IE,IE,Restaurants,4.350563991435366e-05,0,0,
2e004e92-4e31-46fe-88a0-266b44712056,CUST003517,MERCH00374,2025-05-12 09:26:00,220.73,online,DE,FR,Direct Marketing / Subscriptions,0.0003126220579578,0,0,
65c3ac39-1a73-4c60-8abe-660889f147f7,CUST000550,MERCH00343,2025-05-12 09:28:00,103.77,card_present,NL,NL,Restaurants,7.271949762886276e-05,0,0,
1219267a-a1c6-44ce-bee4-796bbb5a6cfd,CUST004317,MERCH00279,2025-05-12 09:34:00,234.06,card_not_present,ES,ES,Clothing Stores,0.0001060893862102,0,0,
41e0917d-0b7b-47ca-b4d9-ca86aaea84dd,CUST004369,MERCH00166,2025-05-12 09:35:00,108.29,online,SE,SE,Grocery Stores,4.812442096995302e-05,0,0,
8f4c1a76-6ac5-4faa-8437-3dd23eeed281,CUST001761,MERCH00206,2025-05-12 09:37:00,37.05,atm_withdrawal,DE,DE,Airlines,6.962877213748992e-05,0,0,
e8b4a9af-278c-45d4-9023-cc917f1bf8ab,CUST000850,MERCH00392,2025-05-12 09:39:00,98.86,card_present,IT,FR,Jewelry,0.0003549341170108,0,0,
db666750-1e2b-4054-b48d-07e5860fe80d,CUST005691,MERCH00356,2025-05-12 09:41:00,3.6,card_not_present,ES,FR,Misc Retail,0.6144185821491877,1,0,
8e99463d-58ef-406e-bb76-bbbbc288fc0f,CUST005430,MERCH00063,2025-05-12 09:43:00,47.24,card_not_present,ES,DE,Clothing Stores,0.0005556230652077,0,0,
ab06d6fe-388c-45c2-87ba-af5af1414db1,CUST002116,MERCH00308,2025-05-12 09:45:00,109.15,online,FR,SE,Clothing Stores,0.0003496937219117,0,0,
c6e7018c-57be-45ef-98ad-ac84ee4c3e40,CUST003649,MERCH00040,2025-05-12 09:49:00,138.85,card_not_present,IE,IE,Grocery Stores,9.79715117179777e-05,0,0,
692e8d30-6f80-4f54-b0a2-d1f41a27cfaa,CUST003374,MERCH00365,2025-05-12 09:49:00,53.68,card_not_present,FR,IE,Crypto / Money Transfer,0.0004781389508795,0,0,
2d14912e-f7fb-4164-8ea7-4d8445dc3767,CUST002642,MERCH00200,2025-05-12 09:51:00,534.0,online,PL,DE,Misc Retail,0.0008776315433606,0,0,
ff728d23-e7e6-44e7-a0a7-d323739170aa,CUST000943,MERCH00415,2025-05-12 09:53:00,24.01,atm_withdrawal,DE,DE,Airlines,8.643187424878454e-05,0,0,
c1b70cd7-7be7-48a4-b55b-6f88bda16032,CUST001278,MERCH00392,2025-05-12 09:54:00,97.83,online,FR,FR,Jewelry,5.168168020254222e-05,0,0,
7038f8f1-1888-48e0-af05-df95e8747fba,CUST004597,,2025-05-12 09:55:00,27.35,wire_transfer,ES,ES,N/A (wire/ATM),5.215210282126032e-05,0,0,
bfcb4117-b2f9-4333-a607-7136c91203d7,CUST000346,MERCH00190,2025-05-12 09:57:00,112.53,online,PL,FR,Misc Retail,0.0003820416402116,0,0,
dbe50212-0d6b-4273-8154-566a9a35ab94,CUST003537,MERCH00084,2025-05-12 10:00:00,58.14,card_present,FR,FR,Grocery Stores,4.812442096995302e-05,0,0,
4b40ea01-12f7-440e-a355-fbe732291dbd,CUST002602,MERCH00149,2025-05-12 10:03:00,128.71,card_present,FR,IT,Direct Marketing / Subscriptions,0.0004993538261975,0,0,
2a41f845-0804-43fe-a4dc-0e23e44bfce7,CUST005888,MERCH00158,2025-05-12 10:03:00,42.43,card_present,DE,DE,Jewelry,6.41539940338825e-05,0,0,
8be9a388-489d-4f0f-a745-780096afe582,CUST002820,MERCH00061,2025-05-12 10:03:00,26.59,online,ES,ES,Hotels,5.168168020254222e-05,0,0,
ed8881f2-2eb4-41fe-a0d2-6dfcabf4b3fc,CUST002011,MERCH00212,2025-05-12 10:03:00,44.93,card_not_present,DE,FR,Clothing Stores,0.0006200125408565,0,0,
57573208-fbff-49f6-9573-2b3d573b4a6e,CUST005755,MERCH00358,2025-05-12 10:07:00,417.69,card_not_present,FR,FR,Direct Marketing / Subscriptions,7.204970581350819e-05,0,0,
2da4ea7e-96c5-4479-829a-40f2cbf10171,CUST002829,MERCH00172,2025-05-12 10:08:00,33.19,card_present,DE,DE,Grocery Stores,5.97383145101478e-05,0,0,
e1df47f7-0315-4630-ba87-a7761f87644a,CUST004170,MERCH00228,2025-05-12 10:09:00,382.57,online,SE,IE,Direct Marketing / Subscriptions,0.0003588602692009,0,0,
57297cf1-4008-461d-a871-e45bd0b8d96b,CUST005673,MERCH00022,2025-05-12 10:12:00,61.65,card_present,ES,IT,Misc Retail,0.0003243728414593,0,0,
8d9eaad5-4dc9-4e9f-afa3-a1ef8d09d089,CUST003920,MERCH00034,2025-05-12 10:15:00,6.91,card_not_present,DE,DE,Electronics,0.0001052129787404,0,0,
847b9898-f66a-4d50-b562-d655db761098,CUST001357,MERCH00279,2025-05-12 10:15:00,36.42,online,NL,IE,Clothing Stores,0.000486600328622,0,0,
9cd915ab-3e1c-48d0-bf3d-fc57c694e1ec,CUST001444,MERCH00067,2025-05-12 10:17:00,820.46,card_present,FR,FR,Fuel Stations,6.299039197021282e-05,0,0,
39accbc0-b422-45da-88ab-adad584452c6,CUST001949,MERCH00149,2025-05-12 10:17:00,7.99,atm_withdrawal,IE,IE,Direct Marketing / Subscriptions,9.79715117179777e-05,0,0,
79b43ed6-d1be-4a80-ba46-87f86782d1d7,CUST004451,MERCH00264,2025-05-12 10:20:00,183.54,card_not_present,DE,DE,Hotels,6.60676807043181e-05,0,0,
e6bd00fe-27be-48c9-bd73-5876f6d6f0c5,CUST003281,MERCH00093,2025-05-12 10:20:00,165.41,card_not_present,DE,ES,Grocery Stores,0.0004834272910878,0,0,
2579b6b8-a523-40c4-86d6-afce3bece81c,CUST000131,MERCH00156,2025-05-12 10:21:00,39.38,card_present,DE,DE,Jewelry,7.8094632876302e-05,0,0,
55e8081e-f6d0-48e8-bba1-f68493ea546e,CUST003372,MERCH00303,2025-05-12 10:21:00,25.13,card_not_present,ES,PL,Misc Retail,0.0006601680794667,0,0,
dbc938a1-78d8-487e-b0a9-f6dde6f34919,CUST001267,MERCH00262,2025-05-12 10:22:00,89.99,card_not_present,DE,SE,Hotels,0.0004781389508795,0,0,
ee1e4dae-1b2d-44e2-85b6-fb51dbf4ebda,CUST005445,MERCH00105,2025-05-12 10:22:00,115.1,online,SE,IT,Jewelry,0.0003893079040574,0,0,
f66116fa-44ac-41c9-b103-d305620247f0,CUST001628,MERCH00414,2025-05-12 10:22:00,86.4,card_present,DE,NL,Hotels,0.0001590943668464,0,0,
5e21e709-8cc9-4d87-9170-d2338eccea3c,CUST000072,MERCH00161,2025-05-12 10:26:00,47.04,card_not_present,SE,IT,Clothing Stores,0.0004710803655321,0,0,
d050c531-2e6c-4585-8fd4-09fd8c217d9d,CUST003862,MERCH00190,2025-05-12 10:26:00,38.59,card_not_present,IE,IE,Misc Retail,5.0269600292323576e-05,0,0,
6b487f63-4ddd-45fe-984c-c516f6efa786,CUST001857,MERCH00115,2025-05-12 10:35:00,50.87,card_present,DE,ES,Jewelry,0.0005881699729265,0,0,
f9bc4ebf-790d-4eba-b170-b005ef00416e,CUST005887,MERCH00068,2025-05-12 10:38:00,7.25,card_present,IE,IE,Grocery Stores,5.97383145101478e-05,0,0,
37e596ed-feb5-40ff-83f4-046657f682d8,CUST002688,,2025-05-12 10:38:00,51.57,wire_transfer,DE,DE,N/A (wire/ATM),3.451305870562638e-05,0,0,
fa470096-5542-439b-80e0-8c929819d8dd,CUST005211,MERCH00048,2025-05-12 10:42:00,88.18,card_not_present,DE,DE,Clothing Stores,5.4194857403979206e-05,0,0,
96b524e1-678a-4ddc-82d9-5e4e3b9ca0d9,CUST005391,MERCH00332,2025-05-12 10:43:00,41.62,card_present,SE,FR,Electronics,0.0003893079040574,0,0,
e437f348-0117-4793-a82c-25afd7311015,CUST001502,MERCH00386,2025-05-12 10:44:00,146.79,card_present,IE,IE,Fuel Stations,3.38589349594547e-05,0,0,
13b2e4bc-7036-449f-9e11-64add06dfbc6,CUST005529,MERCH00229,2025-05-12 10:45:00,170.13,atm_withdrawal,FR,FR,Restaurants,7.647775094371409e-05,0,0,
ef2bfec1-7126-42a9-b372-5a0eebdb96e0,CUST001514,MERCH00195,2025-05-12 10:45:00,113.26,atm_withdrawal,FR,FR,Crypto / Money Transfer,6.962877213748992e-05,0,0,
af6640dc-0902-45d5-bdc0-3033f02e604e,CUST005374,MERCH00303,2025-05-12 10:46:00,28.83,online,PL,PL,Misc Retail,3.731222541730154e-05,0,0,
d93b7085-f7ba-40e0-a277-619429e8c4a6,CUST000220,,2025-05-12 10:56:00,97.58,wire_transfer,IE,IE,N/A (wire/ATM),4.071015506700132e-05,0,0,
4e22feaa-9676-48fd-9a20-5e47e9df7fd7,CUST000317,,2025-05-12 10:56:00,14.73,wire_transfer,FR,FR,N/A (wire/ATM),5.215210282126032e-05,0,0,
791bdd83-3e5f-4f79-9def-4713b15487ab,CUST002433,MERCH00390,2025-05-12 10:58:00,88.06,card_present,FR,FR,Misc Retail,4.34982364947671e-05,0,0,
3df783d3-bd03-4ad5-8f93-ab7412728135,CUST001021,MERCH00257,2025-05-12 10:59:00,88.75,card_present,IE,IE,Utilities,5.9645998429748846e-05,0,0,
86b8beaf-8b78-4df7-a92e-6ed2ae74ab90,CUST005720,MERCH00226,2025-05-12 11:04:00,11.21,card_not_present,FR,FR,Airlines,0.0001743291240317,0,0,
a40ce4e1-4d15-4080-a8d8-b8aa00890846,CUST004709,MERCH00416,2025-05-12 11:04:00,806.21,atm_withdrawal,FR,DE,Grocery Stores,0.0081447133260125,0,0,
59a247b6-75f3-4e7d-9789-dff05d6aaa38,CUST005483,MERCH00229,2025-05-12 11:05:00,40.96,card_not_present,PL,PL,Restaurants,8.403934836065801e-05,0,0,
55c42dc3-58ae-4572-a7dd-2ad7b50ed570,CUST002559,MERCH00105,2025-05-12 11:05:00,105.89,card_present,ES,ES,Jewelry,4.9038429182940645e-05,0,0,
ad942b19-0245-48f2-b3a2-0cb08bc1e74a,CUST000214,MERCH00135,2025-05-12 11:07:00,6.55,card_present,FR,SE,Grocery Stores,0.0005421778410369,0,0,
cb70df29-168d-4d50-9428-c2cd3a7eee53,CUST002365,MERCH00084,2025-05-12 11:08:00,117.05,online,FR,DE,Grocery Stores,0.0002681734275291,0,0,
5c0b6c57-bfed-42cc-87bf-cdac46fb5784,CUST004817,MERCH00443,2025-05-12 11:08:00,79.26,card_present,IT,IT,Electronics,5.168168020254222e-05,0,0,
d81a61dd-d6a9-4108-805e-c65b80d6c46d,CUST004797,MERCH00004,2025-05-12 11:11:00,20.11,card_present,DE,DE,Grocery Stores,5.544414477146513e-05,0,0,
3dbe0312-0cf2-48e4-8821-9b3942110181,CUST004257,MERCH00066,2025-05-12 11:12:00,11.06,online,IE,FR,Misc Retail,0.0002987470516632,0,0,
326c9d87-c8a8-4bda-adc1-be81bd353c4e,CUST000418,MERCH00248,2025-05-12 11:13:00,12.27,card_not_present,ES,SE,Direct Marketing / Subscriptions,0.0004587126115406,0,0,
b64b8512-6f07-4f48-8144-1d92d0cd4514,CUST001992,MERCH00224,2025-05-12 11:14:00,101.13,card_present,ES,IT,Grocery Stores,0.0003588602692009,0,0,
795d2420-3407-48eb-be25-8945afa2fe8b,CUST002969,MERCH00351,2025-05-12 11:14:00,73.9,card_present,ES,ES,Airlines,5.168168020254222e-05,0,0,
b4a590d9-6a10-432a-a7ae-fa3ce45b858a,CUST005790,MERCH00080,2025-05-12 11:19:00,126.37,atm_withdrawal,ES,IT,Electronics,0.0005244383171421,0,0,
bab30f47-90fa-426a-804d-f1a635407238,CUST004660,MERCH00151,2025-05-12 11:20:00,88.82,card_not_present,FR,FR,Fuel Stations,5.3179958393195385e-05,0,0,
ea133037-1042-483c-8c1d-a5404757be91,CUST001426,MERCH00013,2025-05-12 11:24:00,90.91,card_not_present,DE,PL,Fuel Stations,0.0003123075360029,0,0,
9ed6e2b2-1740-4e70-beb0-0c57b79daa2b,CUST005120,MERCH00026,2025-05-12 11:25:00,64.5,card_not_present,IT,DE,Grocery Stores,0.0005526390793429,0,0,
c1ee5d0d-f6aa-4872-b6d3-ed964c709969,CUST004604,MERCH00073,2025-05-12 11:30:00,92.0,card_present,NL,FR,Crypto / Money Transfer,0.0003357238799902,0,0,
a0b5d779-1071-4213-bb11-d1fc985911a6,CUST005864,MERCH00027,2025-05-12 11:33:00,5.65,card_present,NL,IT,Utilities,0.0003717805597319,0,0,
dd1dd1f5-7e4f-4fe4-a995-5a195cc63bc1,CUST001597,MERCH00273,2025-05-12 11:37:00,36.46,card_present,FR,FR,Utilities,5.9645998429748846e-05,0,0,
fb714667-3ced-4e60-8dd6-aa39b50d5fec,CUST002919,MERCH00322,2025-05-12 11:37:00,88.49,card_not_present,FR,ES,Direct Marketing / Subscriptions,0.0004703791752444,0,0,
4b072072-04f8-4325-b4ee-91ab8a9f368d,CUST001575,MERCH00342,2025-05-12 11:38:00,298.49,card_not_present,SE,DE,Grocery Stores,0.0004244228973074,0,0,
c2000527-b73a-4637-af8a-54cee3159956,CUST001003,MERCH00115,2025-05-12 11:38:00,330.64,card_present,FR,FR,Jewelry,7.8094632876302e-05,0,0,
b20ce861-062e-48cb-b8d3-b9523cc3e28a,CUST002746,MERCH00250,2025-05-12 11:38:00,94.77,card_present,ES,ES,Misc Retail,4.34982364947671e-05,0,0,
0147629f-660f-4b4c-8099-aeeafa38d112,CUST002267,,2025-05-12 11:42:00,58.31,wire_transfer,SE,SE,N/A (wire/ATM),5.337853416143864e-05,0,0,
cd317ffd-6b9e-4eeb-ab5a-e874ce15f74c,CUST005010,MERCH00203,2025-05-12 11:45:00,23.88,atm_withdrawal,FR,ES,Grocery Stores,0.0006880382012802,0,0,
aaf327c0-1559-4b88-877b-6e390c43c17b,CUST000805,MERCH00029,2025-05-12 11:46:00,129.65,card_present,DE,ES,Jewelry,0.0003893079040574,0,0,
1b326677-3dc5-4b70-9f01-f353f0e79efc,CUST004351,MERCH00094,2025-05-12 11:50:00,132.76,atm_withdrawal,IE,FR,Direct Marketing / Subscriptions,0.0006224266779573,0,0,
dbc75c0c-9660-451b-9fe8-5b4684749187,CUST002045,MERCH00330,2025-05-12 11:51:00,120.56,online,PL,PL,Fuel Stations,4.120566402630851e-05,0,0,
a090656f-9645-4cbb-837a-0e41a28d47de,CUST002410,MERCH00150,2025-05-12 11:53:00,144.17,online,FR,FR,Airlines,7.561105185791929e-05,0,0,
91164cf9-9076-486c-8e5f-02a509e7a0d1,CUST003415,MERCH00318,2025-05-12 11:58:00,7.31,card_present,NL,FR,Direct Marketing / Subscriptions,0.0004723307984616,0,0,
2d2190d5-d416-4a90-a97b-66b4110561c6,CUST002261,MERCH00418,2025-05-12 12:03:00,443.63,card_present,ES,ES,Clothing Stores,4.689478247181653e-05,0,0,
f2d576c6-76e9-4c90-b5e5-d5fe4f39a585,CUST001759,MERCH00319,2025-05-12 12:03:00,37.94,card_present,IE,IT,Utilities,0.0002411477181994,0,0,
2222cdc3-e1e9-40f9-acd0-99e58012c2cd,CUST003331,MERCH00043,2025-05-12 12:04:00,17.39,card_not_present,IT,IT,Electronics,0.0001052129787404,0,0,
63a310a4-e0d0-4ff6-af2d-b789803e6d1f,CUST000968,MERCH00018,2025-05-12 12:06:00,67.68,card_not_present,NL,PL,Direct Marketing / Subscriptions,0.0004452416318322,0,0,
a5cf0e08-0b45-4615-ac11-6da7430044c7,CUST005738,MERCH00426,2025-05-12 12:07:00,234.03,card_not_present,SE,SE,Crypto / Money Transfer,7.737533655219923e-05,0,0,
939f4406-2fb4-485a-813d-64acfd6c5691,CUST004227,MERCH00410,2025-05-12 12:08:00,43.79,card_present,IT,SE,Airlines,0.0003893079040574,0,0,
4bb9bf05-75c3-4d01-9515-e5984426db57,CUST004904,MERCH00170,2025-05-12 12:08:00,1940.92,online,PL,PL,Restaurants,0.000503510397004,0,0,
5d463c08-2000-4b37-b2bf-ddfb0f37c5f8,CUST004472,MERCH00057,2025-05-12 12:11:00,160.81,card_present,FR,FR,Direct Marketing / Subscriptions,4.812442096995302e-05,0,0,
253a2397-2c9b-4560-a5fe-b2651ab4480d,CUST005405,MERCH00093,2025-05-12 12:11:00,26.78,card_not_present,PL,PL,Grocery Stores,7.469770067992626e-05,0,0,
2a87b906-8690-4434-b7f2-63c44d9b1265,CUST005704,MERCH00392,2025-05-12 12:11:00,293.72,online,IT,IT,Jewelry,5.168168020254222e-05,0,0,
1e6201cd-2c92-4983-b160-ebd8eef21bb8,CUST005928,MERCH00291,2025-05-12 12:13:00,99.29,card_present,FR,FR,Electronics,7.8094632876302e-05,0,0,
a5cb3509-9d59-4aec-889a-cad3d2ae3931,CUST001398,,2025-05-12 12:16:00,35.73,wire_transfer,FR,FR,N/A (wire/ATM),5.049350963201199e-05,0,0,
5dd94ed2-25a7-4ed8-aeac-67338e2d79b9,CUST001848,MERCH00186,2025-05-12 12:18:00,28.99,card_present,IT,IT,Clothing Stores,4.689478247181653e-05,0,0,
68c20c25-61fb-4b27-8d35-230817db6853,CUST005123,MERCH00157,2025-05-12 12:19:00,116.67,online,FR,FR,Grocery Stores,6.134999426226834e-05,0,0,
91983d85-aa47-4b94-9b3c-4cc8180c876d,CUST002670,,2025-05-12 12:20:00,419.86,wire_transfer,NL,NL,N/A (wire/ATM),5.795440922591945e-05,0,0,
0c9bc1b1-7f1a-469f-8294-9b6bc94a0a2f,CUST005399,MERCH00134,2025-05-12 12:21:00,25.41,online,IT,IT,Airlines,6.41539940338825e-05,0,0,
b5308c32-258e-4b70-af7e-f8318b50a15a,CUST004057,MERCH00038,2025-05-12 12:23:00,43.07,card_present,DE,DE,Electronics,6.41539940338825e-05,0,0,
b0073941-8df9-454d-932c-86ecbabfe5dd,CUST004862,MERCH00123,2025-05-12 12:23:00,40.32,card_present,ES,SE,Grocery Stores,0.0003405117697736,0,0,
06a21a0e-fc63-4151-a0c7-b89a15914933,CUST002175,MERCH00031,2025-05-12 12:27:00,18.0,online,FR,FR,Airlines,4.9038429182940645e-05,0,0,
88ff05be-8712-47b5-b0b9-111b5ace59f6,CUST002328,,2025-05-12 12:28:00,109.43,wire_transfer,ES,ES,N/A (wire/ATM),5.215210282126032e-05,0,0,
c9b9aee3-6848-4256-89f9-cfeda4b909d1,CUST002588,,2025-05-12 12:30:00,108.21,wire_transfer,IT,IT,N/A (wire/ATM),5.215210282126032e-05,0,0,
96b02e4c-03c2-418e-bfb4-c96219c5d4f0,CUST001411,,2025-05-12 12:30:00,11.38,wire_transfer,ES,ES,N/A (wire/ATM),3.451305870562638e-05,0,0,
867dcda0-f08c-402d-bdf9-e108ec8767a6,CUST004811,MERCH00077,2025-05-12 12:32:00,160.9,online,NL,NL,Grocery Stores,4.812442096995302e-05,0,0,
39e2011e-9fb0-4f8a-a8ec-88e89d75260c,CUST004332,MERCH00127,2025-05-12 12:34:00,3.85,online,DE,PL,Utilities,0.0005497150134439,0,0,
cc5464f7-b9d1-4683-8965-9a8d391e604c,CUST004817,MERCH00372,2025-05-12 12:35:00,86.48,online,IT,IT,Electronics,5.168168020254222e-05,0,0,
79b0357c-f784-4ac1-b6e2-0f7b054be45c,CUST005701,MERCH00375,2025-05-12 12:37:00,57.83,online,DE,FR,Jewelry,0.0003357238799902,0,0,
12a772c6-420c-4fa2-94d3-a63b7d87a19d,CUST003100,MERCH00275,2025-05-12 12:38:00,125.57,card_present,NL,ES,Hotels,0.0003694031945654,0,0,
49cad269-1e2e-451f-9c26-19ef67c1d655,CUST002490,MERCH00101,2025-05-12 12:38:00,25.49,card_present,IT,IT,Clothing Stores,7.086146902556566e-05,0,0,
4de14368-5c8e-4abf-9dc1-926039d3c73a,CUST002809,MERCH00122,2025-05-12 12:41:00,30.05,card_not_present,DE,DE,Fuel Stations,8.035857446094911e-05,0,0,
8853305b-4b00-425f-8078-5dac4bb7b485,CUST002248,MERCH00104,2025-05-12 12:42:00,102.68,card_not_present,NL,FR,Airlines,0.0006615453423925,0,0,
d75d2ef2-39a7-463c-9244-5948bddd09b4,CUST001105,MERCH00382,2025-05-12 12:45:00,37.55,online,PL,PL,Grocery Stores,7.040684569234698e-05,0,0,
993c0628-4e06-4ed4-aff4-21c4d7c3c235,CUST004550,MERCH00344,2025-05-12 12:48:00,74.4,card_not_present,SE,DE,Misc Retail,0.0004024560672336,0,0,
9d23d487-6fee-4748-9505-a627fe39f217,CUST002217,MERCH00236,2025-05-12 12:54:00,13.0,online,FR,DE,Electronics,0.0005072286239081,0,0,
ae654190-1839-467d-8823-0a5e7327675d,CUST004039,,2025-05-12 12:54:00,419.18,wire_transfer,DE,DE,N/A (wire/ATM),3.835296651872995e-05,0,0,
0e69cd1a-04c6-4798-8c31-1102bc767683,CUST005713,MERCH00217,2025-05-12 12:56:00,33.36,online,DE,DE,Crypto / Money Transfer,7.561105185791929e-05,0,0,
c529c1c5-3410-4aaa-bf39-1ba276144129,CUST003501,MERCH00090,2025-05-12 12:57:00,14.75,online,IT,IT,Restaurants,4.812442096995302e-05,0,0,
d56d46c5-b747-4bbf-92e7-9d8ad3fd6fc5,CUST001744,MERCH00086,2025-05-12 12:58:00,110.44,card_present,DE,PL,Hotels,0.0005072286239081,0,0,
6c24d71f-70b7-420d-86e5-3a492c42987e,CUST003327,MERCH00108,2025-05-12 13:00:00,761.63,card_not_present,SE,NL,Hotels,0.0101231478165029,0,0,
7bc1b1a1-28b5-4f89-aee4-93e61b07b2f2,CUST005775,MERCH00412,2025-05-12 13:00:00,1039.2,card_not_present,DE,DE,Hotels,0.0010813493083374,0,0,
753c9428-b828-4f9e-9605-dadfa31bd933,CUST004351,MERCH00112,2025-05-12 13:01:00,237.86,card_present,FR,FR,Grocery Stores,6.574033896394302e-05,0,0,
17203038-4786-4fe3-b9f8-452ed3ee77e9,CUST001546,MERCH00069,2025-05-12 13:02:00,10.14,online,NL,NL,Grocery Stores,7.271949762886276e-05,0,0,
3ab462f7-1aed-4089-b4d0-74d1dc015bd2,CUST002919,MERCH00107,2025-05-12 13:03:00,92.8,card_present,IT,ES,Jewelry,0.0003893079040574,0,0,
699edf2a-3d7b-48e8-a788-54bc05a61417,CUST005713,MERCH00432,2025-05-12 13:03:00,61.4,card_not_present,DE,DE,Grocery Stores,0.0035654462012381,0,0,
0d6bce9e-49df-462b-af37-f81d00d2f57e,CUST005802,MERCH00053,2025-05-12 13:03:00,51.31,card_not_present,ES,ES,Restaurants,5.56159021406308e-05,0,0,
b3f67aed-be87-4fe3-b830-b07ef57f7f6f,CUST001418,MERCH00056,2025-05-12 13:04:00,243.82,card_not_present,IT,IT,Airlines,7.737533655219923e-05,0,0,
4d4a133e-e870-4ea6-a72f-101289713a86,CUST000616,MERCH00154,2025-05-12 13:05:00,37.42,card_not_present,FR,FR,Utilities,6.893090856830287e-05,0,0,
2a6c69e8-7af4-433e-acad-2143d5731cb6,CUST001915,MERCH00250,2025-05-12 13:05:00,47.41,card_present,DE,IT,Misc Retail,0.0004513706899123,0,0,
b7fe3eeb-1464-4978-83f4-8dbd89161615,CUST003442,MERCH00407,2025-05-12 13:05:00,112.87,atm_withdrawal,IE,FR,Jewelry,0.0005639477087679,0,0,
d2d2da06-0262-4226-8dda-b896d185255f,CUST002632,MERCH00448,2025-05-12 13:06:00,27.36,online,PL,PL,Clothing Stores,4.022575811590119e-05,0,0,
4952c937-6ccc-41c9-aefc-7b52f96699c0,CUST003126,MERCH00018,2025-05-12 13:09:00,246.38,card_present,ES,IT,Direct Marketing / Subscriptions,0.0003588602692009,0,0,
c82fb9a1-f3eb-4611-b774-800421cac97f,CUST002558,MERCH00206,2025-05-12 13:12:00,29.76,card_present,ES,ES,Airlines,5.168168020254222e-05,0,0,
b76c9c88-b6b9-4e99-b640-58b51fc31ec4,CUST001852,MERCH00388,2025-05-12 13:12:00,735.91,card_present,IT,IT,Fuel Stations,7.493946136486951e-05,0,0,
5cdfd7fa-ffad-4245-96c2-24e682f06006,CUST002137,MERCH00046,2025-05-12 13:12:00,38.78,card_not_present,NL,IT,Jewelry,0.0004976280386113,0,0,
57fd2f17-4553-4a91-b7c8-b3ad6d25a347,CUST004436,MERCH00226,2025-05-12 13:14:00,28.09,card_present,PL,PL,Airlines,4.9038429182940645e-05,0,0,
b8e193ff-b199-494e-8532-ded93738d929,CUST002941,MERCH00154,2025-05-12 13:14:00,10.26,card_not_present,PL,PL,Utilities,6.893090856830287e-05,0,0,
ad9cb4cb-5f9f-41c3-8602-61308dba8e8b,CUST003070,MERCH00367,2025-05-12 13:16:00,28.88,card_present,ES,DE,Misc Retail,0.0004900817433714,0,0,
ce2b70a6-ed66-4a14-873b-801184236575,CUST002785,MERCH00071,2025-05-12 13:18:00,642.63,online,DE,DE,Jewelry,0.0090232163630167,0,0,
6c2cbb66-33d1-4b83-ad1d-821cb1b07ec2,CUST005912,MERCH00322,2025-05-12 13:19:00,56.73,atm_withdrawal,SE,SE,Direct Marketing / Subscriptions,0.0001623313898922,0,0,
59e390ed-06b0-438a-932e-199553687ba2,CUST004502,MERCH00295,2025-05-12 13:19:00,64.77,atm_withdrawal,ES,ES,Fuel Stations,5.3179958393195385e-05,0,0,
3610d967-f62c-4fb6-b24b-ecf123e705a8,CUST003897,MERCH00298,2025-05-12 13:24:00,95.29,online,SE,IT,Direct Marketing / Subscriptions,0.0003405117697736,0,0,
0806a6f1-effe-45e2-bd44-eed8b6097e8f,CUST003856,MERCH00443,2025-05-12 13:24:00,18.39,card_not_present,DE,DE,Electronics,0.0001052129787404,0,0,
c9b90e2f-d41c-448c-a090-ba5a89ed48c7,CUST005740,MERCH00427,2025-05-12 13:26:00,26.25,card_present,PL,PL,Grocery Stores,4.350563991435366e-05,0,0,
ce897df7-7500-4491-818b-bb78983b8d35,CUST002922,MERCH00160,2025-05-12 13:27:00,215.64,card_not_present,NL,FR,Hotels,0.0005025587441476,0,0,
f44d9acd-3580-4610-87c2-7079d4a67f97,CUST005973,MERCH00121,2025-05-12 13:27:00,42.42,online,FR,FR,Hotels,5.168168020254222e-05,0,0,
e7fc4f50-9fe1-429b-a8e3-3c805be64d94,CUST005607,MERCH00088,2025-05-12 13:29:00,22.11,card_not_present,ES,ES,Misc Retail,5.860369463451871e-05,0,0,
8436a38b-198b-4ebc-ab2d-0853141c95fa,CUST004541,MERCH00389,2025-05-12 13:29:00,203.19,card_present,ES,PL,Restaurants,0.0003588602692009,0,0,
d2e0e5b0-4854-4dd8-8118-5e866d13bbc3,CUST003235,MERCH00043,2025-05-12 13:33:00,26.95,card_present,ES,ES,Electronics,5.168168020254222e-05,0,0,
84a47979-e374-41dd-832a-bb2a4fa0ff2c,CUST000307,MERCH00326,2025-05-12 13:33:00,31.55,card_not_present,DE,IT,Misc Retail,0.0006080302539036,0,0,
5e436213-76db-43c6-85d2-38ecf2084f87,CUST005412,MERCH00051,2025-05-12 13:34:00,64.32,atm_withdrawal,DE,DE,Hotels,0.0001052129787404,0,0,
bb017e97-a0ca-4d10-be7f-b858c4c7c54e,CUST004262,MERCH00066,2025-05-12 13:39:00,48.55,card_not_present,FR,FR,Misc Retail,6.240115885668792e-05,0,0,
7bfe6e96-3bbb-4c3a-8367-3e42cccf74f1,CUST000661,MERCH00396,2025-05-12 13:41:00,818.61,card_not_present,DE,PL,Direct Marketing / Subscriptions,0.0081447133260125,0,0,
ab347180-90b8-4b81-afe8-ee260fdbadef,CUST001462,MERCH00032,2025-05-12 13:42:00,111.85,online,IT,FR,Restaurants,0.0003305108377448,0,0,
1d19bafa-632f-4114-81ef-d6d7dc151cf7,CUST000431,,2025-05-12 13:42:00,48.95,wire_transfer,IE,IE,N/A (wire/ATM),5.215210282126032e-05,0,0,
7a98104f-c6f5-45ef-8c2a-5046b3a3f99f,CUST002343,MERCH00104,2025-05-12 13:44:00,192.77,card_not_present,NL,SE,Airlines,0.0005244383171421,0,0,
763d2ee2-5e57-4333-a269-d607c3c62ffa,CUST005571,MERCH00183,2025-05-12 13:48:00,8.43,online,DE,DE,Fuel Stations,4.730401503522509e-05,0,0,
3d0573e3-fbb2-449b-871d-8a48f2f7387a,CUST001690,MERCH00063,2025-05-12 13:51:00,97.04,card_not_present,IE,FR,Clothing Stores,0.0006554792074703,0,0,
8520323e-6c4d-4f9a-a937-326aa6c66610,CUST001704,MERCH00120,2025-05-12 13:53:00,140.38,card_not_present,IT,IE,Direct Marketing / Subscriptions,0.0004834272910878,0,0,
6e58cd44-cc08-49ef-96cb-f2fdffbf2adc,CUST002732,MERCH00146,2025-05-12 13:53:00,41.39,card_present,PL,FR,Electronics,0.0003893079040574,0,0,
fbcb1879-7f18-4e29-9913-f126cb37a23a,CUST005748,MERCH00219,2025-05-12 13:54:00,22.9,card_not_present,NL,FR,Utilities,0.0004139688138988,0,0,
e3c00751-20de-4aeb-b67c-10d395ed276d,CUST001901,MERCH00324,2025-05-12 13:58:00,21.29,card_present,NL,NL,Restaurants,7.271949762886276e-05,0,0,
2b78df9e-72ef-478a-9df1-329bdb42b9ee,CUST003868,MERCH00105,2025-05-12 13:58:00,13.66,online,FR,FR,Jewelry,7.993109117422968e-05,0,0,
c7f25a00-74fa-4d49-af91-fd62e694e3b5,CUST000498,MERCH00327,2025-05-12 14:01:00,23.38,card_present,DE,ES,Utilities,0.0002541433402874,0,0,
72bf0950-1338-461e-9f63-9e5552e0e751,CUST004344,MERCH00145,2025-05-12 14:01:00,11.57,online,DE,SE,Electronics,0.0003549341170108,0,0,
a1944a9b-5893-47cf-8523-50a0be9ed600,CUST001311,MERCH00405,2025-05-12 14:02:00,50.52,card_present,DE,IT,Jewelry,0.0003549341170108,0,0,
c00c7798-8dfc-4b5a-83e1-64f30e6748f0,CUST001579,MERCH00321,2025-05-12 14:06:00,128.2,online,DE,DE,Hotels,4.9038429182940645e-05,0,0,
e59a7ef9-7d9b-4029-bfdf-512ee50195ed,CUST002675,MERCH00003,2025-05-12 14:07:00,65.3,online,NL,NL,Restaurants,7.271949762886276e-05,0,0,
3d1ea27c-6d31-43c7-bd7e-99e4f9aef2cb,CUST003895,MERCH00282,2025-05-12 14:09:00,32.87,card_present,SE,ES,Jewelry,0.0003893079040574,0,0,
97bb5fb1-4291-4023-9df6-38e289df6f15,CUST003921,MERCH00299,2025-05-12 14:12:00,10.82,card_not_present,FR,IT,Utilities,0.0005517854837085,0,0,
bb6e4999-6be5-4708-8d5b-48810f52484d,CUST004143,MERCH00080,2025-05-12 14:13:00,90.62,atm_withdrawal,NL,NL,Electronics,6.962877213748992e-05,0,0,
e804fa81-a87d-4580-828d-a42e90a1ec6f,CUST004503,MERCH00200,2025-05-12 14:15:00,49.05,card_present,PL,DE,Misc Retail,0.0004269432080246,0,0,
25f0f705-82ab-4747-a68c-9eb22b515180,CUST005724,MERCH00346,2025-05-12 14:16:00,97.31,card_not_present,DE,IE,Misc Retail,0.0006601680794667,0,0,
6e5ca50f-d75d-41c7-a6c4-3ff0c7323b5e,CUST005061,,2025-05-12 14:17:00,84.77,wire_transfer,PL,PL,N/A (wire/ATM),3.451305870562638e-05,0,0,
2b088a17-e00e-44ae-8a57-0efcfc3e2e2d,CUST004622,MERCH00401,2025-05-12 14:17:00,165.0,card_present,ES,DE,Clothing Stores,0.0003496937219117,0,0,
2577f63c-b2b2-47da-9aef-f80103372eca,CUST003790,MERCH00217,2025-05-12 14:18:00,30.7,card_present,ES,ES,Crypto / Money Transfer,7.8094632876302e-05,0,0,
02168184-579e-4cff-8ed8-e140d0b77d68,CUST003025,MERCH00327,2025-05-12 14:20:00,48.75,online,SE,NL,Utilities,0.0003839886252206,0,0,
a9273c7a-1716-474e-a558-7b42fac72dfc,CUST003068,MERCH00230,2025-05-12 14:22:00,916.35,card_not_present,IE,IE,Jewelry,0.0012135741695324,0,0,
c2f88eac-cecc-4f38-ae24-e62f1ce3dc21,CUST005002,MERCH00350,2025-05-12 14:22:00,28.42,card_present,SE,SE,Utilities,5.9645998429748846e-05,0,0,
3899a8f2-b203-4e00-a697-2a42beb83c5d,CUST004878,,2025-05-12 14:24:00,103.47,wire_transfer,IT,IT,N/A (wire/ATM),3.451305870562638e-05,0,0,
9e3f2f8f-5726-45a0-9da6-45dd6b1025c8,CUST002630,MERCH00066,2025-05-12 14:28:00,119.44,online,IE,PL,Misc Retail,0.0003243728414593,0,0,
e57d0793-c41f-4034-84ce-3ab73450d9f0,CUST004876,MERCH00386,2025-05-12 14:28:00,42.65,online,FR,FR,Fuel Stations,3.38589349594547e-05,0,0,
c6051ee2-4b27-440e-9f28-6eed122c35b7,CUST002849,MERCH00050,2025-05-12 14:30:00,144.73,online,IT,IT,Fuel Stations,3.947244601738204e-05,0,0,
8d3bc0b2-3432-4bd6-87fa-82e7e55fe911,CUST001142,MERCH00210,2025-05-12 14:31:00,45.54,atm_withdrawal,IT,PL,Hotels,0.0005244383171421,0,0,
c56736ae-2c74-4c61-8279-c14f89e40e64,CUST002015,,2025-05-12 14:32:00,23.64,wire_transfer,PL,PL,N/A (wire/ATM),5.049350963201199e-05,0,0,
2ba94e0d-b4a1-4f88-8259-a57f11829ca5,CUST001949,MERCH00243,2025-05-12 14:32:00,9.51,card_present,SE,IE,Jewelry,0.0005881699729265,0,0,
41dab8c6-cb00-4dd8-8505-f7cb330f3029,CUST000445,MERCH00150,2025-05-12 14:32:00,37.53,card_not_present,FR,IT,Airlines,0.000685423297942,0,0,
9bd8c79a-a61f-42ce-8e99-c3bcb996a38a,CUST004849,MERCH00190,2025-05-12 14:34:00,6.25,card_not_present,IT,IT,Misc Retail,6.377277890219904e-05,0,0,
65a6ed7d-481e-43b1-bd32-2658f0b71dac,CUST003875,MERCH00050,2025-05-12 14:36:00,43.65,card_not_present,PL,PL,Fuel Stations,8.035857446094911e-05,0,0,
3c5384b1-b156-43b9-b4c6-a575f68c562e,CUST000072,MERCH00343,2025-05-12 14:39:00,19.43,online,IT,IT,Restaurants,7.271949762886276e-05,0,0,
a15cbe2f-ed8d-416b-ab1d-b1f659b9778e,CUST005753,MERCH00056,2025-05-12 14:40:00,5.39,online,DE,DE,Airlines,6.806202060786253e-05,0,0,
b3c481f5-d259-45af-8533-d47ea7ec6c74,CUST001637,MERCH00177,2025-05-12 14:42:00,41.85,online,DE,DE,Utilities,3.38589349594547e-05,0,0,
e40a4d71-49fc-4a1a-b3fa-704069e9d3b1,CUST000079,MERCH00031,2025-05-12 14:42:00,212.25,card_not_present,DE,NL,Airlines,0.0002381757476303,0,0,
7ce19cf9-2cfc-4e11-bdb2-49d9dad4ea4c,CUST002912,MERCH00431,2025-05-12 14:46:00,29.84,card_present,NL,NL,Hotels,5.168168020254222e-05,0,0,
12e02de5-c3d2-42db-b202-3e98a0c3925c,CUST004355,MERCH00375,2025-05-12 14:49:00,22.12,card_not_present,DE,DE,Jewelry,6.60676807043181e-05,0,0,
d137aa09-8d49-4400-9a84-97557812016b,CUST001333,MERCH00139,2025-05-12 14:52:00,819.57,card_not_present,SE,FR,Misc Retail,0.0084483674893714,0,0,
9e6d5901-c2dd-4500-96cf-0e0161a31190,CUST004492,MERCH00429,2025-05-12 14:55:00,15.99,card_present,ES,PL,Utilities,0.0003839886252206,0,0,
bac5c2f8-447c-4c5f-bfae-bc6b47a0eb3c,CUST004485,MERCH00373,2025-05-12 14:58:00,1112.71,card_present,FR,DE,Clothing Stores,0.0004673148395859,0,0,
5f7788ef-1896-4d41-a6df-c5cab00bde73,CUST001494,MERCH00441,2025-05-12 15:00:00,27.59,card_not_present,SE,SE,Grocery Stores,9.79715117179777e-05,0,0,
0863c567-bfd4-46b0-9ab9-086bbb5a4a6f,CUST001691,MERCH00235,2025-05-12 15:01:00,107.51,card_present,NL,FR,Clothing Stores,0.0003046362364871,0,0,
eca376ba-771a-4d83-a00d-38a4b7128f8a,CUST005759,MERCH00054,2025-05-12 15:01:00,23.23,card_not_present,ES,ES,Hotels,0.0001052129787404,0,0,
aef71e51-7e73-43b6-a427-88447c73b599,CUST001603,MERCH00060,2025-05-12 15:07:00,391.77,card_not_present,IT,FR,Crypto / Money Transfer,0.0005313102562659,0,0,
e6f97c97-9d30-45e9-9c4a-0778a467c0f9,CUST005401,MERCH00280,2025-05-12 15:09:00,281.62,card_not_present,DE,ES,Crypto / Money Transfer,0.0005827553284497,0,0,
6a0a53e0-bd61-4080-af7f-b397d0f4a2ea,CUST004597,MERCH00129,2025-05-12 15:09:00,33.11,card_present,ES,ES,Grocery Stores,7.271949762886276e-05,0,0,
89dff6de-2da2-48f2-926e-379021c7a951,CUST000693,,2025-05-12 15:10:00,145.89,wire_transfer,SE,SE,N/A (wire/ATM),0.0003017382266281,0,0,
579b17f0-6628-468c-b010-a12a3e3298f3,CUST005240,MERCH00230,2025-05-12 15:10:00,493.42,online,DE,DE,Jewelry,5.168168020254222e-05,0,0,
a2c8f789-71a8-49c1-9c95-4116bfcd6203,CUST000825,MERCH00096,2025-05-12 15:11:00,43.55,card_present,IE,DE,Electronics,0.0004832200099009,0,0,
b4b1708e-cfd1-49a9-bd77-fa505bffe618,CUST002244,MERCH00439,2025-05-12 15:12:00,181.11,card_not_present,DE,DE,Hotels,6.962877213748992e-05,0,0,
316df79e-e7b6-4428-b819-4943e6a19250,CUST005069,MERCH00432,2025-05-12 15:12:00,85.21,atm_withdrawal,PL,DE,Grocery Stores,0.0004211457053096,0,0,
cb4a0caf-5092-4a94-9961-1945219b01e7,CUST001429,,2025-05-12 15:13:00,37.74,wire_transfer,IT,IT,N/A (wire/ATM),4.071015506700132e-05,0,0,
307c0fd5-99a2-4b55-b038-cf0ac6ac6a01,CUST001703,,2025-05-12 15:14:00,336.19,wire_transfer,ES,ES,N/A (wire/ATM),3.835296651872995e-05,0,0,
18e2d4d0-ab7b-432a-8f7e-077777bb69ff,CUST001140,MERCH00024,2025-05-12 15:17:00,65.99,online,NL,NL,Clothing Stores,4.689478247181653e-05,0,0,
1424ce2d-c400-4472-851b-a2f6ced2bfaf,CUST005563,MERCH00125,2025-05-12 15:17:00,23.36,online,IT,IT,Restaurants,7.271949762886276e-05,0,0,
bd08eaeb-bd7f-4ceb-9070-1391fc74001d,CUST000267,MERCH00105,2025-05-12 15:18:00,43.8,online,ES,ES,Jewelry,6.41539940338825e-05,0,0,
927a3119-1788-4ac6-b64f-906bb4dfa9bc,CUST000105,MERCH00145,2025-05-12 15:19:00,56.15,card_present,DE,SE,Electronics,0.0003549341170108,0,0,
e438db97-600a-412a-a0bc-df7811d40cd1,CUST002987,MERCH00130,2025-05-12 15:19:00,55.51,card_present,IE,FR,Hotels,0.0003549341170108,0,0,
c269e171-7f06-4467-8a80-0327ebc9972d,CUST000966,MERCH00283,2025-05-12 15:20:00,10.64,card_present,FR,FR,Direct Marketing / Subscriptions,7.442956469352984e-05,0,0,
32318996-664f-4220-aa73-5a26698cee83,CUST003353,MERCH00064,2025-05-12 15:23:00,37.26,online,SE,DE,Utilities,0.0001968576584883,0,0,
f25ed297-d5f6-4fda-9a58-e239c9880005,CUST005000,MERCH00272,2025-05-12 15:30:00,23.15,card_not_present,FR,FR,Electronics,6.962877213748992e-05,0,0,
74db1047-58d0-4a43-bf5a-bb97cf136e56,CUST000050,MERCH00342,2025-05-12 15:33:00,6.68,online,PL,PL,Grocery Stores,6.574033896394302e-05,0,0,
810cd029-8b5c-4df9-ab2f-54d2cd3eb5cc,CUST005912,MERCH00269,2025-05-12 15:34:00,224.76,card_present,SE,SE,Restaurants,5.381887355709684e-05,0,0,
bc231ae6-a9e0-4bd0-a362-b7aa34b73b15,CUST004484,MERCH00303,2025-05-12 15:35:00,144.19,online,IE,IE,Misc Retail,4.34982364947671e-05,0,0,
4ff665a7-329d-4864-81d8-5c3bf82945c2,CUST002549,MERCH00041,2025-05-12 15:44:00,494.81,card_not_present,DE,FR,Restaurants,0.0006391883973213,0,0,
4ad659cf-067b-4cdd-bed9-2e2affbd2355,CUST002024,MERCH00269,2025-05-12 15:45:00,40.66,online,IT,DE,Restaurants,0.0002987978855655,0,0,
01956c18-03c9-4bec-92ff-75cd86d8aad5,CUST001564,MERCH00383,2025-05-12 15:48:00,27.16,online,DE,DE,Clothing Stores,7.086146902556566e-05,0,0,
5de23ee4-d79a-44ea-b4cb-5f571a2c71a7,CUST005977,MERCH00021,2025-05-12 15:49:00,131.45,atm_withdrawal,IT,NL,Fuel Stations,0.0003423736331584,0,0,
585cd71a-781c-45f3-b2c0-0f6ef45ab919,CUST003554,,2025-05-12 15:49:00,117.74,wire_transfer,ES,ES,N/A (wire/ATM),3.451305870562638e-05,0,0,
f245e25c-1b0c-4994-9fe0-537c16031c06,CUST001597,MERCH00372,2025-05-12 15:53:00,83.32,card_not_present,DE,FR,Electronics,0.000533430984563,0,0,
d937b9b1-7f5b-47c7-99ed-0b39156e22e6,CUST003313,MERCH00356,2025-05-12 15:53:00,12.55,atm_withdrawal,ES,PL,Misc Retail,0.0004369738737316,0,0,
d69b3463-025f-489c-861c-1f4076d99b97,CUST000599,MERCH00009,2025-05-12 15:55:00,58.23,online,IT,IT,Crypto / Money Transfer,7.410059585027263e-05,0,0,
87f5e52c-17e1-48bd-8e27-5d5eeef34bea,CUST004777,MERCH00082,2025-05-12 15:58:00,977.65,online,ES,FR,Restaurants,0.0037603595988021,0,0,
a3f0b934-2f3f-4ea5-860f-43e7b68006c9,CUST000932,MERCH00277,2025-05-12 15:58:00,53.05,card_not_present,DE,PL,Misc Retail,0.0004933759403806,0,0,
c3378d7f-1efa-4ca9-b97c-26173834ea9e,CUST005356,MERCH00112,2025-05-12 15:59:00,862.1,card_present,SE,ES,Grocery Stores,0.0006619105905794,0,0,
7486770a-6a74-471e-872d-ddfab26eb63b,CUST002162,MERCH00283,2025-05-12 16:03:00,151.24,online,FR,FR,Direct Marketing / Subscriptions,4.812442096995302e-05,0,0,
601c378d-8c90-4447-b28f-a0e269930328,CUST000660,MERCH00124,2025-05-12 16:04:00,635.89,card_present,PL,DE,Direct Marketing / Subscriptions,0.000656159849322,0,0,
fb4136e1-2015-451a-8a59-638b15a56e38,CUST001969,,2025-05-12 16:04:00,54.87,wire_transfer,FR,FR,N/A (wire/ATM),3.451305870562638e-05,0,0,
8f00bb5c-13a5-49c3-85a4-f21e8e9f2da5,CUST000885,MERCH00430,2025-05-12 16:07:00,20.54,atm_withdrawal,IT,IT,Hotels,6.962877213748992e-05,0,0,
6b024266-1f74-472e-800f-0cab6a614492,CUST004510,MERCH00436,2025-05-12 16:08:00,98.29,card_present,PL,PL,Grocery Stores,7.040684569234698e-05,0,0,
b3da8f79-826a-4b22-bfe9-12f218f0a4d1,CUST005475,,2025-05-12 16:10:00,62.8,wire_transfer,FR,FR,N/A (wire/ATM),4.284225528282033e-05,0,0,
619aea58-8738-4d73-a615-ac501a57bb15,CUST003371,MERCH00338,2025-05-12 16:12:00,8.85,online,PL,PL,Electronics,7.410059585027263e-05,0,0,
7b091ed2-2fa5-45bd-b14e-27afe8a112bc,CUST002567,MERCH00080,2025-05-12 16:15:00,31.56,card_present,ES,DE,Electronics,0.0004960919020994,0,0,
6d1d1612-d974-42d7-96d5-defedcce5686,CUST003537,MERCH00241,2025-05-12 16:17:00,22.5,card_present,DE,FR,Crypto / Money Transfer,0.0004167153883318,0,0,
c4a431b3-0520-43d4-810c-84e97609a9db,CUST002706,MERCH00347,2025-05-12 16:17:00,41.93,online,DE,DE,Hotels,7.410059585027263e-05,0,0,
00f9213d-e3c5-4e04-9747-3867bda4e372,CUST005586,MERCH00240,2025-05-12 16:18:00,39.95,card_not_present,SE,SE,Airlines,0.0001076870781416,0,0,
f44ffcb4-03ad-4e68-ac8b-2666a0f7e61e,CUST004777,MERCH00289,2025-05-12 16:22:00,677.68,card_present,DE,FR,Clothing Stores,0.0090747391706708,0,0,
06bc3e5d-d77b-4327-9c7d-d8200c2c2eed,CUST001102,MERCH00421,2025-05-12 16:22:00,182.43,atm_withdrawal,FR,PL,Restaurants,0.0004834272910878,0,0,
409f1fbe-7dfe-4f07-85c7-57c8f31d8be5,CUST001257,MERCH00371,2025-05-12 16:23:00,54.36,online,NL,FR,Grocery Stores,0.0002681734275291,0,0,
1c79f888-5840-423e-a0f6-fa203e80e54a,CUST004252,MERCH00192,2025-05-12 16:24:00,105.67,atm_withdrawal,IT,IT,Restaurants,8.048294549865586e-05,0,0,
c6417e0b-fdce-4001-a9ee-f36fd10b4179,CUST002161,MERCH00429,2025-05-12 16:25:00,64.5,card_present,PL,PL,Utilities,3.947244601738204e-05,0,0,
fa13db92-7475-47b2-acba-3e373665de32,CUST005693,MERCH00331,2025-05-12 16:29:00,7.98,atm_withdrawal,IT,IT,Misc Retail,6.240115885668792e-05,0,0,
83f29bea-69ec-431f-9542-6bae46295b9f,CUST003659,MERCH00185,2025-05-12 16:29:00,17.59,online,IE,IE,Jewelry,5.168168020254222e-05,0,0,
2b893513-a4d6-4d12-90c8-a694f868f827,CUST002532,MERCH00145,2025-05-12 16:30:00,25.1,atm_withdrawal,FR,FR,Electronics,0.0001585878669022,0,0,
fe391f77-3685-481b-aa7f-1a57c8aa0312,CUST004167,MERCH00306,2025-05-12 16:30:00,39.71,card_present,ES,NL,Electronics,0.0021067527922074,0,0,
03479aa7-d434-4614-bef2-c53e20bc9d54,CUST000410,MERCH00370,2025-05-12 16:30:00,79.09,card_present,FR,FR,Hotels,5.168168020254222e-05,0,0,
f5d4bd87-5eef-4b0f-8239-798f95d3cfaa,CUST000998,MERCH00119,2025-05-12 16:35:00,55.25,card_present,DE,IE,Misc Retail,0.0003243728414593,0,0,
8548d4f7-ca74-4d1c-a881-b770a54f16e9,CUST004056,MERCH00063,2025-05-12 16:37:00,567.67,online,IT,IT,Clothing Stores,0.0001698745440013,0,0,
3513cd59-b2e8-4006-86e5-545554075df2,CUST003971,MERCH00440,2025-05-12 16:42:00,2.78,card_present,PL,FR,Grocery Stores,0.0110167454186497,0,0,
36ce6f99-bade-4fe2-bbd4-d26273c4940c,CUST002552,,2025-05-12 16:42:00,97.29,wire_transfer,DE,DE,N/A (wire/ATM),3.451305870562638e-05,0,0,
cbdb656e-6ddf-47fe-8d01-392abbb79aef,CUST004659,MERCH00385,2025-05-12 16:43:00,66.05,card_not_present,IE,IE,Misc Retail,5.860369463451871e-05,0,0,
7bbee709-66bd-47db-a4bc-b39e88ef669c,CUST003150,MERCH00147,2025-05-12 16:43:00,36.52,card_present,IT,IT,Airlines,5.168168020254222e-05,0,0,
c2690d2d-04cc-45b6-b77b-1b6f2dd4134c,CUST001708,MERCH00155,2025-05-12 16:46:00,15.99,card_not_present,IE,IE,Hotels,6.962877213748992e-05,0,0,
7b0f301d-ff7e-48be-9e18-9f61ff2014d4,CUST001446,,2025-05-12 16:49:00,62.86,wire_transfer,ES,ES,N/A (wire/ATM),5.215210282126032e-05,0,0,
21252b32-f658-4e33-9736-1711f109e44c,CUST004116,MERCH00277,2025-05-12 16:49:00,6.69,card_present,ES,ES,Misc Retail,6.572915208119079e-05,0,0,
19933dc0-1618-4562-9af8-76ca48a47784,CUST002209,MERCH00327,2025-05-12 16:53:00,89.26,online,DE,DE,Utilities,3.38589349594547e-05,0,0,
aae837ff-5ed0-4a92-8a45-1f4ec318ce61,CUST003853,MERCH00445,2025-05-12 16:53:00,37.67,card_not_present,SE,SE,Misc Retail,6.912615877025611e-05,0,0,
327567eb-7599-4959-a0f1-ad63e752ebd0,CUST005410,MERCH00261,2025-05-12 16:54:00,13.03,card_present,DE,DE,Utilities,2.866041803129916e-05,0,0,
195f4420-c5c5-4cd6-8d2f-8ebd38ebc77a,CUST002359,,2025-05-12 16:55:00,20.6,wire_transfer,IT,IT,N/A (wire/ATM),3.451305870562638e-05,0,0,
7f73dff4-3402-4b82-a74b-0ab71462a83f,CUST002234,MERCH00378,2025-05-12 16:57:00,29.5,card_present,ES,FR,Grocery Stores,0.0005275448345747,0,0,
f5c4bfc3-537b-4b16-a4aa-0b92053aaad1,CUST005222,MERCH00013,2025-05-12 16:59:00,104.74,card_not_present,PL,PL,Fuel Stations,5.3179958393195385e-05,0,0,
4ce8d467-87bd-45f2-a4c3-70641fd6d4ba,CUST004723,MERCH00166,2025-05-12 17:00:00,20.67,online,SE,SE,Grocery Stores,0.0005677123424886,0,0,
d3006718-3c28-4159-8cdc-9644059f7adb,CUST004297,MERCH00262,2025-05-12 17:04:00,107.38,atm_withdrawal,DE,NL,Hotels,0.0002143338252879,0,0,
a7011fce-f451-4acc-b2cc-15e7b2f90c0f,CUST001446,MERCH00206,2025-05-12 17:05:00,30.21,atm_withdrawal,IE,ES,Airlines,0.0207283337789595,0,0,
c90155b4-9333-4b9c-a109-30bc36b53f88,CUST000941,MERCH00202,2025-05-12 17:07:00,5.04,card_present,NL,NL,Fuel Stations,5.392148408895181e-05,0,0,
42b18245-deb4-43db-8100-3af215c4f8c6,CUST000295,MERCH00408,2025-05-12 17:09:00,115.99,card_present,SE,DE,Clothing Stores,0.0003378375552323,0,0,
a4fba06d-bdb4-44ec-8b0c-b53ae5bf1ef0,CUST000605,MERCH00171,2025-05-12 17:10:00,106.34,card_present,IT,IT,Electronics,5.168168020254222e-05,0,0,
fedf22bb-8eee-4c84-a49c-365f29e04565,CUST003494,MERCH00376,2025-05-12 17:15:00,13.37,online,IE,FR,Utilities,0.0003513777477619,0,0,
fdab313c-5c8d-4ba9-9491-b1f2fce40454,CUST003974,MERCH00343,2025-05-12 17:19:00,127.31,atm_withdrawal,FR,IE,Restaurants,0.000577047208899,0,0,
a4257f49-6138-4b8b-ac98-b5e7bb1bb73c,CUST005407,MERCH00101,2025-05-12 17:19:00,234.37,online,IE,ES,Clothing Stores,0.0003496937219117,0,0,
17954d1a-e016-4d17-b952-186bfe4bd7dd,CUST005915,MERCH00337,2025-05-12 17:19:00,26.27,online,IT,IT,Jewelry,5.168168020254222e-05,0,0,
aef4c090-7bf4-4c81-9cbf-6cf0f9137fda,CUST002410,MERCH00112,2025-05-12 17:22:00,597.52,online,SE,FR,Grocery Stores,0.0012988948102681,0,0,
cf003d57-4398-4425-8fa4-847e6d5e9b81,CUST000274,MERCH00388,2025-05-12 17:24:00,259.32,card_not_present,PL,PL,Fuel Stations,8.929877879422903e-05,0,0,
514c4a54-3a92-4fe5-8e1e-53af3377ce03,CUST001618,MERCH00352,2025-05-12 17:24:00,21.25,online,NL,NL,Hotels,7.8094632876302e-05,0,0,
564b94e0-0e71-4157-9be0-41b106ea0278,CUST005762,MERCH00318,2025-05-12 17:24:00,272.33,online,SE,SE,Direct Marketing / Subscriptions,4.350563991435366e-05,0,0,
a614ca35-8fd4-494d-962b-a565021546b9,CUST001486,MERCH00427,2025-05-12 17:25:00,44.29,online,IT,DE,Grocery Stores,0.0003305108377448,0,0,
4f49fbd2-260a-4e49-9caf-51449311ea5c,CUST003239,,2025-05-12 17:26:00,141.68,wire_transfer,PL,PL,N/A (wire/ATM),3.451305870562638e-05,0,0,
f314d9cf-f502-4ad5-bfe8-7f9a5418ae78,CUST004393,MERCH00309,2025-05-12 17:27:00,12.14,card_present,IE,IE,Fuel Stations,5.9645998429748846e-05,0,0,
e11a431b-1844-4786-ba1a-845357d4a831,CUST004428,MERCH00378,2025-05-12 17:28:00,71.48,card_present,DE,DE,Grocery Stores,7.271949762886276e-05,0,0,
6ace91d7-8c6f-47a5-adf6-a2fa04f5ea60,CUST001116,MERCH00159,2025-05-12 17:28:00,73.47,card_not_present,FR,FR,Electronics,8.201147604559991e-05,0,0,
ba07f5dc-866a-406a-a3f3-b806fb5ea36f,CUST002568,MERCH00094,2025-05-12 17:29:00,686.8,card_present,IE,FR,Direct Marketing / Subscriptions,0.0006271539385783,0,0,
ddc1225c-79f3-4121-ac4b-f8af0e88ecf9,CUST005842,MERCH00191,2025-05-12 17:29:00,27.84,card_not_present,PL,IT,Misc Retail,0.0006601680794667,0,0,
bc154e69-a559-42c0-b95f-39bb9e47df69,CUST004766,MERCH00182,2025-05-12 17:36:00,14.69,card_present,IT,IT,Restaurants,7.271949762886276e-05,0,0,
91c6b595-b393-4cd7-8577-a3a164a219ce,CUST003988,MERCH00030,2025-05-12 17:39:00,51.61,online,PL,PL,Electronics,6.41539940338825e-05,0,0,
b6553a0e-5780-401e-bfdb-95f9681dc2c7,CUST003464,,2025-05-12 17:39:00,89.28,wire_transfer,DE,DE,N/A (wire/ATM),5.337853416143864e-05,0,0,
d9cb5230-0fe7-406b-a4bd-7610935dfe0c,CUST001385,MERCH00402,2025-05-12 17:41:00,13.35,card_not_present,NL,NL,Utilities,6.673873467862117e-05,0,0,
7bccc65f-302f-444f-b1ed-92346cb8004d,CUST000079,MERCH00416,2025-05-12 17:43:00,40.49,card_not_present,NL,NL,Grocery Stores,0.0001623313898922,0,0,
f7a1c8fa-0156-41a6-b89f-4fa0844b4a78,CUST004237,MERCH00355,2025-05-12 17:45:00,254.95,online,PL,PL,Restaurants,5.97383145101478e-05,0,0,
710d63ef-3474-4257-885e-32ca39234480,CUST004565,MERCH00395,2025-05-12 17:46:00,59.36,card_not_present,PL,IE,Crypto / Money Transfer,0.0004976280386113,0,0,
0d1e209b-e9c9-4c8e-8b8c-d592022a6d9e,CUST005718,,2025-05-12 17:47:00,147.26,wire_transfer,DE,DE,N/A (wire/ATM),5.215210282126032e-05,0,0,
81e5b632-95c2-455c-b16e-93c93906f812,CUST001423,MERCH00276,2025-05-12 17:47:00,138.85,atm_withdrawal,SE,NL,Misc Retail,0.0006756832150466,0,0,
d0f328cf-14a1-4d20-8ad2-842c40c57a04,CUST000578,MERCH00108,2025-05-12 17:53:00,14.87,card_present,IT,IT,Hotels,7.8094632876302e-05,0,0,
3c1c9588-776b-4dbe-94cd-ec65f3b32c01,CUST004636,MERCH00293,2025-05-12 17:53:00,144.95,online,DE,DE,Crypto / Money Transfer,5.168168020254222e-05,0,0,
0b802bf7-256f-47bd-a494-95c9ddf8e1d2,CUST000327,MERCH00166,2025-05-12 17:54:00,47.34,card_not_present,ES,ES,Grocery Stores,6.483629147418578e-05,0,0,
23c7d75e-eee7-4b31-9f40-e722e9d9d443,CUST003119,MERCH00099,2025-05-12 17:56:00,18.51,card_present,FR,FR,Utilities,5.2326029902445984e-05,0,0,
f82f9e6a-b821-46c4-8873-162389d91455,CUST002671,MERCH00081,2025-05-12 18:02:00,64.62,card_present,FR,FR,Misc Retail,6.572915208119079e-05,0,0,
1148b907-71f6-43f4-bfa9-3edf0c5c7f6f,CUST001252,,2025-05-12 18:08:00,18.57,wire_transfer,PL,PL,N/A (wire/ATM),4.284225528282033e-05,0,0,
194ece51-0857-4ea3-bb57-b21b3286a40e,CUST001436,MERCH00171,2025-05-12 18:09:00,1139.24,card_not_present,DE,DE,Electronics,0.0014664017345531,0,0,
75c3bb4e-6078-424b-9aab-5188dffba292,CUST003730,MERCH00086,2025-05-12 18:14:00,123.91,online,DE,DE,Hotels,5.168168020254222e-05,0,0,
437eb7a2-02e0-445f-9d6b-18b32548413f,CUST004561,MERCH00013,2025-05-12 18:14:00,38.51,card_not_present,DE,DE,Fuel Stations,4.807599128533608e-05,0,0,
7b6b1d8a-91a2-4ef7-94af-b68e4858b0f5,CUST003022,MERCH00401,2025-05-12 18:15:00,134.74,card_present,ES,IE,Clothing Stores,0.0003496937219117,0,0,
6f82f8dd-8ca5-4f94-bbac-be3936a00cb4,CUST003023,MERCH00108,2025-05-12 18:24:00,43.09,card_present,SE,DE,Hotels,0.0004405579451999,0,0,
0a73b04c-b10a-4a3e-80d3-9a7016df2892,CUST004965,MERCH00351,2025-05-12 18:25:00,72.3,online,ES,ES,Airlines,6.586364746301699e-05,0,0,
a744018c-312d-4612-bfe6-52f721185c37,CUST003305,MERCH00420,2025-05-12 18:26:00,7.01,card_present,SE,FR,Fuel Stations,0.0002868651483499,0,0,
16a7f21e-9ed2-4498-85f7-a9912202b6e8,CUST003422,MERCH00267,2025-05-12 18:28:00,36.91,online,NL,DE,Hotels,0.0001590943668464,0,0,
31e31654-057f-4a40-9f85-1a3b60ec2bef,CUST003632,MERCH00296,2025-05-12 18:30:00,177.88,atm_withdrawal,NL,IE,Jewelry,0.0004536945090901,0,0,
e13d77d3-161b-449e-963d-c7dee56c686a,CUST002901,MERCH00264,2025-05-12 18:34:00,367.47,card_present,PL,DE,Hotels,0.0003357238799902,0,0,
6220ad06-f0d2-40d2-8012-fd31695ccb17,CUST005184,MERCH00263,2025-05-12 18:35:00,49.34,online,DE,DE,Clothing Stores,7.086146902556566e-05,0,0,
a25e1ee7-8a80-4e67-b299-02d8f40d5c2c,CUST002621,MERCH00170,2025-05-12 18:39:00,52.28,card_present,IT,IT,Restaurants,4.812442096995302e-05,0,0,
e298b5c3-2132-4118-b25e-f43049e52201,CUST002754,MERCH00435,2025-05-12 18:42:00,24.18,online,PL,IE,Clothing Stores,0.0003318137518077,0,0,
8c61a848-a4e8-433c-a78e-d06e4b1aca29,CUST000357,MERCH00187,2025-05-12 18:42:00,11.54,card_present,IT,IT,Direct Marketing / Subscriptions,4.812442096995302e-05,0,0,
4c9f7007-4d8d-4fd0-af67-43fc1467a5a6,CUST003929,MERCH00444,2025-05-12 18:43:00,141.62,card_present,FR,DE,Airlines,0.0004167153883318,0,0,
1ed1cd3c-1a19-4a25-9d67-c30325cd5e9c,CUST003708,MERCH00363,2025-05-12 18:46:00,11.13,atm_withdrawal,IE,IE,Electronics,6.962877213748992e-05,0,0,
abbc243d-6328-4a74-b080-96101af69cd4,CUST004980,MERCH00280,2025-05-12 18:47:00,244.08,online,DE,DE,Crypto / Money Transfer,7.993109117422968e-05,0,0,
e15c95b2-85be-4857-91dd-10d4958cf5aa,CUST005403,,2025-05-12 18:47:00,94.07,wire_transfer,DE,DE,N/A (wire/ATM),3.451305870562638e-05,0,0,
7013ecb2-b51e-4b05-b846-534628d64f1b,CUST003430,MERCH00344,2025-05-12 18:54:00,11.27,card_not_present,SE,IT,Misc Retail,0.0006601680794667,0,0,
848e9c2c-fc4e-401f-b975-a3e0981c5623,CUST002741,MERCH00155,2025-05-12 18:55:00,111.05,card_present,DE,SE,Hotels,0.0003549341170108,0,0,
c6efdcee-685e-486e-8d97-c9be4cd41993,CUST002094,MERCH00352,2025-05-12 18:59:00,47.86,card_present,NL,NL,Hotels,5.168168020254222e-05,0,0,
c1f9e0ea-f98f-43c6-b6f8-5b1d25de0dd6,CUST005688,MERCH00090,2025-05-12 19:00:00,477.57,card_not_present,FR,FR,Restaurants,7.204970581350819e-05,0,0,
ab851088-3113-4421-b0a4-553ed9375748,CUST000731,MERCH00138,2025-05-12 19:05:00,217.64,card_present,FR,ES,Grocery Stores,0.0004334078118472,0,0,
e10f1932-e041-4912-8513-812f99cac258,CUST001174,MERCH00274,2025-05-12 19:08:00,14.67,online,IT,IT,Grocery Stores,5.861201489307435e-05,0,0,
2200f64c-79fd-4b72-a843-503554112b80,CUST001579,MERCH00119,2025-05-12 19:10:00,264.27,card_present,DE,DE,Misc Retail,3.932343985509571e-05,0,0,
94f4b181-ef36-4634-925b-224b667370c2,CUST005344,MERCH00259,2025-05-12 19:13:00,390.86,card_not_present,IT,IT,Fuel Stations,8.929877879422903e-05,0,0,
43e31be5-5b72-4235-be3d-138dfad575bc,CUST002099,MERCH00091,2025-05-12 19:16:00,37.93,card_not_present,FR,FR,Restaurants,6.483629147418578e-05,0,0,
3898c918-25a5-4a17-93b1-7c1af030296c,CUST004052,,2025-05-12 19:16:00,70.57,wire_transfer,FR,FR,N/A (wire/ATM),3.451305870562638e-05,0,0,
5f33b746-3f53-4abd-84f3-4fdd847ba4a7,CUST003771,MERCH00223,2025-05-12 19:16:00,555.85,online,FR,DE,Electronics,0.0012152263214448,0,0,
9f2525ca-15c3-416c-96f7-d697968a89fc,CUST005236,MERCH00199,2025-05-12 19:21:00,109.61,card_present,IT,FR,Jewelry,0.0003367862938269,0,0,
a9a11622-50a8-4366-bc16-6633daf01c49,CUST000368,,2025-05-12 19:22:00,34.29,wire_transfer,IT,IT,N/A (wire/ATM),5.215210282126032e-05,0,0,
d8b0b7a5-9081-4b4d-8399-9a8eb3bc49c3,CUST003810,MERCH00164,2025-05-12 19:29:00,330.13,online,NL,NL,Misc Retail,4.34982364947671e-05,0,0,
2eaa1d88-5802-47f5-9547-58252a3dfaac,CUST004881,MERCH00183,2025-05-12 19:31:00,92.0,card_not_present,PL,DE,Fuel Stations,0.0003454538411998,0,0,
fc6af9ae-91a6-4cdc-a14f-988799f70f21,CUST004521,MERCH00004,2025-05-12 19:36:00,15.06,card_present,ES,PL,Grocery Stores,0.0003588602692009,0,0,
436cb7f4-3731-418d-9718-56505495387b,CUST003281,MERCH00272,2025-05-12 19:37:00,166.16,atm_withdrawal,ES,ES,Electronics,8.213065847050307e-05,0,0,
8c839486-2783-417c-88e1-9a852b4f5aa1,CUST003582,MERCH00303,2025-05-12 19:38:00,66.2,online,FR,FR,Misc Retail,6.572915208119079e-05,0,0,
a88ed1b9-f64d-407d-8b1f-f4c2180b8472,CUST005469,MERCH00059,2025-05-12 19:39:00,4.93,card_present,FR,FR,Fuel Stations,5.774909066208043e-05,0,0,
249e75d3-ee47-4ee7-b376-0caf38495990,CUST003309,MERCH00399,2025-05-12 19:40:00,235.39,card_present,ES,ES,Restaurants,4.350563991435366e-05,0,0,
3ea9ce16-e4c8-4a6d-8244-6dc8987e453e,CUST003216,MERCH00056,2025-05-12 19:40:00,167.36,card_present,DE,DE,Airlines,4.9038429182940645e-05,0,0,
26592bcb-c71f-49e9-8e3e-d8de8402d311,CUST005399,MERCH00069,2025-05-12 19:41:00,20.59,online,FR,IT,Grocery Stores,0.0004993538261975,0,0,
e7a8e6e7-9d38-4c2b-9455-303394eef1b2,CUST004074,MERCH00056,2025-05-12 19:43:00,254.3,card_present,IT,NL,Airlines,0.0003694031945654,0,0,
a3e5aff5-a8b2-4220-a241-d620f6c61180,CUST000043,MERCH00230,2025-05-12 19:43:00,90.44,card_present,PL,PL,Jewelry,5.168168020254222e-05,0,0,
f6c33517-7d5d-4e32-9140-278110fcac5e,CUST005442,,2025-05-12 19:44:00,161.54,wire_transfer,IE,IE,N/A (wire/ATM),4.071015506700132e-05,0,0,
147e2331-718f-4490-bb38-0c52b06a0aea,CUST000846,MERCH00248,2025-05-12 19:44:00,103.97,card_not_present,ES,IT,Direct Marketing / Subscriptions,0.0004834272910878,0,0,
999c9309-2c04-48ea-b11d-dff3777c328d,CUST003840,MERCH00128,2025-05-12 19:55:00,9.99,card_present,SE,SE,Electronics,7.561105185791929e-05,0,0,
143b79a3-0b7d-4db7-8f82-b5fb37ce9f6e,CUST004494,MERCH00080,2025-05-12 19:59:00,901.92,online,ES,IT,Electronics,0.0028236499710826,0,0,
c03242e6-b594-44db-bc7c-62bad18fb1e8,CUST001353,MERCH00133,2025-05-12 20:00:00,18.45,card_present,DE,DE,Utilities,5.774909066208043e-05,0,0,
f23c3269-c789-444c-82b6-89d980e30afd,CUST003553,MERCH00352,2025-05-12 20:00:00,15.49,online,SE,IT,Hotels,0.0027706309440704,0,0,
982ebd33-7b92-4d57-aa47-d83b1698eef4,CUST000961,MERCH00419,2025-05-12 20:01:00,170.99,online,ES,IT,Crypto / Money Transfer,0.0003893079040574,0,0,
726b3515-c55a-4fc8-b61d-024e0b815fe1,CUST003772,MERCH00245,2025-05-12 20:03:00,633.38,online,IE,DE,Misc Retail,0.0011741736719462,0,0,
c488b229-e389-4e40-962f-82f51e71fb36,CUST002107,MERCH00110,2025-05-12 20:06:00,245.95,card_not_present,DE,PL,Direct Marketing / Subscriptions,0.000467982060561,0,0,
142e7a6a-25f5-41fe-8044-c28607b51a56,CUST003726,MERCH00352,2025-05-12 20:10:00,984.32,card_present,SE,NL,Hotels,0.0005638317923899,0,0,
1c3ef5cd-5099-4721-a014-5f679e857738,CUST003952,MERCH00185,2025-05-12 20:11:00,78.77,card_present,IE,IE,Jewelry,5.168168020254222e-05,0,0,
7e122b73-e4da-43fe-828f-bf7be16d68fe,CUST003862,MERCH00320,2025-05-12 20:12:00,44.3,card_present,PL,IE,Utilities,0.0002411477181994,0,0,
cd9a71ea-a046-4db6-9d80-f3fbdf54ee0d,CUST000827,MERCH00083,2025-05-12 20:12:00,39.37,card_present,NL,FR,Direct Marketing / Subscriptions,0.0003126220579578,0,0,
96d85203-fa3d-42a0-8346-3c60916ced04,CUST000243,MERCH00140,2025-05-12 20:13:00,45.84,card_not_present,FR,DE,Airlines,0.0004522634676829,0,0,
037b923f-80e7-41cb-a8c3-f9282c6bb936,CUST003262,MERCH00345,2025-05-12 20:20:00,589.67,card_present,NL,NL,Airlines,0.0001085053738435,0,0,
bb357ff0-6b91-42fe-a675-952400582119,CUST000027,MERCH00279,2025-05-12 20:21:00,1672.78,card_not_present,NL,DE,Clothing Stores,0.0048992828794961,0,0,
7c3daf02-501d-48f6-b154-496b064410a3,CUST000261,MERCH00158,2025-05-12 20:27:00,32.08,atm_withdrawal,IT,IT,Jewelry,9.983215161571884e-05,0,0,
0118c833-3066-4842-888c-43215d929634,CUST003725,MERCH00352,2025-05-12 20:30:00,60.9,atm_withdrawal,FR,FR,Hotels,0.0001052129787404,0,0,
a4bf5cbc-c6e8-4903-a366-bb5f5a9abca5,CUST004807,MERCH00186,2025-05-12 20:36:00,53.96,card_present,FR,FR,Clothing Stores,7.086146902556566e-05,0,0,
a2a139af-e38c-43ee-90eb-564ee13369d3,CUST002957,MERCH00182,2025-05-12 20:41:00,50.78,card_not_present,PL,PL,Restaurants,8.048294549865586e-05,0,0,
0781071b-32f1-47e2-9b2f-fdaf813209b1,CUST000129,MERCH00245,2025-05-12 20:44:00,15.92,card_not_present,IE,SE,Misc Retail,0.0006601680794667,0,0,
ed32fca0-952b-4975-8f8c-058a331dd729,CUST000980,MERCH00273,2025-05-12 20:49:00,134.89,card_not_present,NL,NL,Utilities,5.3179958393195385e-05,0,0,
9e00ab84-15f8-4bcc-b01d-065eeba72f4a,CUST005915,MERCH00352,2025-05-12 20:50:00,19.74,card_not_present,IT,IT,Hotels,0.0001743291240317,0,0,
4d1e451a-4ecd-4940-b935-482a38d257cf,CUST004767,MERCH00166,2025-05-12 20:50:00,47.12,online,DE,FR,Grocery Stores,0.0004723307984616,0,0,
39ab718f-0e0f-4505-b14c-5b78bf6ec630,CUST003857,MERCH00151,2025-05-12 20:52:00,105.73,card_not_present,FR,SE,Fuel Stations,0.0005172736496558,0,0,
eaa176bb-e085-4b05-b10e-820df484c911,CUST005066,MERCH00324,2025-05-12 20:54:00,821.66,card_not_present,DE,DE,Restaurants,0.0010828412414726,0,0,
2eaafc4a-2572-4d1e-b8c7-77c696ecf638,CUST003729,MERCH00432,2025-05-12 21:11:00,225.96,online,IT,IT,Grocery Stores,4.128053386546797e-05,0,0,
61b28c23-86df-4467-8d7a-746e977df315,CUST000830,MERCH00015,2025-05-12 21:18:00,55.54,online,DE,DE,Jewelry,7.8094632876302e-05,0,0,
f880dd56-ad42-4d9d-b0e4-f838a6cce66e,CUST003559,MERCH00092,2025-05-12 21:20:00,270.54,card_present,ES,ES,Hotels,5.168168020254222e-05,0,0,
982244eb-ae8b-4e90-8028-8e36069f4e4e,CUST004907,MERCH00021,2025-05-12 21:21:00,52.37,card_present,SE,SE,Fuel Stations,3.947244601738204e-05,0,0,
17f11204-017d-483b-988e-25fb22842c08,CUST003924,MERCH00123,2025-05-12 21:22:00,93.77,card_present,ES,ES,Grocery Stores,4.812442096995302e-05,0,0,
e4fac1cc-df1b-435c-8649-d0be739dc19f,CUST004923,MERCH00157,2025-05-12 21:29:00,87.59,card_present,IE,FR,Grocery Stores,0.0002835195004422,0,0,
c715ee83-d150-4706-9290-7600d6461e68,CUST000274,MERCH00244,2025-05-12 21:32:00,232.19,card_not_present,FR,PL,Restaurants,0.0012096012059698,0,0,
1f5ab249-e3f8-44e7-9914-6c50e8ca6306,CUST002728,MERCH00337,2025-05-12 21:35:00,84.29,card_not_present,ES,FR,Jewelry,0.0005051328792678,0,0,
b6267f3d-3d2f-4005-b0e1-7520d9afca20,CUST001506,MERCH00228,2025-05-12 21:49:00,182.0,card_not_present,IT,IT,Direct Marketing / Subscriptions,5.56159021406308e-05,0,0,
7b49c926-e2cd-4561-8370-108d4d478973,CUST004852,MERCH00162,2025-05-12 21:55:00,351.66,card_present,IT,IT,Misc Retail,4.34982364947671e-05,0,0,
53caccf9-18fb-4b46-9557-45b1a72f6c19,CUST000879,MERCH00276,2025-05-12 22:13:00,68.26,card_not_present,SE,PL,Misc Retail,0.0005510487333978,0,0,
bea9b4dd-8ddd-4f50-a40d-f032a9a3188b,CUST002079,MERCH00097,2025-05-12 22:28:00,7.05,online,ES,FR,Utilities,0.0004327382987846,0,0,
3ba2a658-4968-48ef-bcc5-5b3b70223b9c,CUST002911,MERCH00175,2025-05-12 22:29:00,809.11,card_present,DE,PL,Electronics,0.0005356558497229,0,0,
169605d3-bccc-4276-ae06-6ef225c9fcb7,CUST005368,MERCH00030,2025-05-12 22:33:00,70.06,card_present,DE,DE,Electronics,5.168168020254222e-05,0,0,
cd7ecaa8-2c2f-4229-986c-47c9d8c5bd0c,CUST005064,MERCH00176,2025-05-12 22:41:00,37.94,atm_withdrawal,PL,IT,Restaurants,0.0007303312852809,0,0,
c342822f-822e-46cf-a8fd-09200b325c94,CUST005456,MERCH00117,2025-05-12 22:44:00,19.89,online,IE,IE,Utilities,5.392148408895181e-05,0,0,
5f77d414-fa8f-4f20-8f5d-1f3290c9f7cc,CUST005002,MERCH00442,2025-05-12 22:50:00,87.24,card_not_present,IT,SE,Electronics,0.0006185510052821,0,0,
b8b5447f-53bc-4c54-839e-eb1436b44c84,CUST004721,MERCH00213,2025-05-12 22:58:00,35.73,card_not_present,NL,NL,Airlines,0.0001052129787404,0,0,
b8b9a410-8d3c-4c74-89ab-8467e7f3bd05,CUST002765,MERCH00165,2025-05-12 23:01:00,8.58,online,FR,PL,Clothing Stores,0.0003496937219117,0,0,
743fa1b9-e9a0-46d2-ac0d-9ac6f134a3dc,CUST005681,MERCH00108,2025-05-12 23:01:00,7.73,card_not_present,SE,PL,Hotels,0.0007631142471624,0,0,
2d3190ae-d433-4845-af0c-55e1016bc2c1,CUST003837,MERCH00043,2025-05-12 23:04:00,35.61,card_present,FR,NL,Electronics,0.0003357238799902,0,0,
61fe292b-889a-466a-b757-fca0eb7a0efd,CUST000862,MERCH00288,2025-05-12 23:09:00,9.28,card_present,FR,PL,Crypto / Money Transfer,0.0003893079040574,0,0,
a86b04cb-1754-4f2c-bf21-af496b3a7b21,CUST005124,MERCH00368,2025-05-12 23:13:00,384.19,online,PL,PL,Grocery Stores,4.812442096995302e-05,0,0,
5eb3c849-22a9-4a1e-be7d-28d044a68b81,CUST003263,MERCH00427,2025-05-12 23:15:00,105.18,online,DE,DE,Grocery Stores,7.271949762886276e-05,0,0,
36fcf076-4257-47b8-a3ea-359676d77348,CUST005245,MERCH00323,2025-05-12 23:24:00,5.28,card_not_present,DE,DE,Grocery Stores,8.403934836065801e-05,0,0,
af98fe18-10b1-4d04-a818-10e065a580e5,CUST001929,MERCH00137,2025-05-12 23:29:00,61.73,online,FR,PL,Grocery Stores,0.0005421778410369,0,0,
364210bc-9f01-49a1-8432-251ca27cffc2,CUST003427,,2025-05-12 23:31:00,126.47,wire_transfer,FR,FR,N/A (wire/ATM),3.451305870562638e-05,0,0,
8db32fd2-625f-4034-81dd-e41af418ca3c,CUST003870,MERCH00012,2025-05-12 23:32:00,16.82,card_not_present,NL,ES,Grocery Stores,0.0007303312852809,0,0,
134d994c-c935-4063-978e-d38fa0428032,CUST002399,MERCH00370,2025-05-12 23:42:00,28.14,card_not_present,NL,NL,Hotels,8.643187424878454e-05,0,0,
6d99c59f-5331-465f-b5a0-96ba8d85a3eb,CUST001803,MERCH00278,2025-05-12 23:46:00,46.02,card_not_present,FR,DE,Airlines,0.0004522634676829,0,0,
e167c249-fe4a-4cf0-9162-a270b1e8b6fe,CUST005614,MERCH00347,2025-05-12 23:49:00,86.94,atm_withdrawal,IT,FR,Hotels,0.0007223439483165,0,0,
3ca56f09-a80b-489c-8dba-7af3f71e9367,CUST002313,MERCH00371,2025-05-12 23:50:00,23.99,card_present,SE,SE,Grocery Stores,4.812442096995302e-05,0,0,
7128c49f-abda-4d41-abbc-fe2f12ff2c56,CUST003666,MERCH00305,2025-05-12 23:58:00,171.39,card_not_present,DE,DE,Electronics,0.0001052129787404,0,0,
ccbacafa-1f19-496a-95ac-20d297ffb7b4,CUST005380,,2025-05-13 01:06:00,18.03,wire_transfer,IT,IT,N/A (wire/ATM),5.113795961132367e-05,0,0,
160df024-4943-4d2f-8aac-0b703e1d072d,CUST002406,MERCH00220,2025-05-13 01:24:00,1887.8,card_present,DE,DE,Clothing Stores,9.589126702053757e-05,0,0,
66e25c8a-a8ff-43c5-8539-325640f11291,CUST000498,MERCH00021,2025-05-13 01:41:00,12.8,card_not_present,IT,ES,Fuel Stations,0.0008568472986021,0,0,
bd3175c8-34b1-4859-b2df-bbeb9d99885d,CUST005930,MERCH00311,2025-05-13 02:09:00,6.56,online,NL,IT,Hotels,0.0005581034309312,0,0,
715ace68-b434-4718-9677-0b44f59c7ea3,CUST000252,MERCH00429,2025-05-13 02:38:00,8.68,card_not_present,ES,NL,Utilities,0.0003953328430369,0,0,
b0709cc8-c6f5-4ee7-9bf0-7375a085528d,CUST004377,MERCH00099,2025-05-13 02:41:00,19.09,card_present,ES,ES,Utilities,3.5684015772054174e-05,0,0,
719e66eb-6d84-43bb-af7e-0a0a101f935f,CUST002017,MERCH00407,2025-05-13 03:49:00,29.6,card_not_present,SE,SE,Jewelry,6.60676807043181e-05,0,0,
dd5c55b3-b39d-42af-bf0b-1454b4d087c7,CUST004280,MERCH00355,2025-05-13 04:02:00,47.59,atm_withdrawal,FR,FR,Restaurants,5.56159021406308e-05,0,0,
b543eb90-1900-4acd-a436-a543b29f6718,CUST001538,MERCH00241,2025-05-13 04:07:00,36.05,card_present,DE,ES,Crypto / Money Transfer,0.0003694031945654,0,0,
ec592f28-6c99-4def-875f-1406cced39e3,CUST000616,MERCH00073,2025-05-13 04:08:00,92.24,card_present,FR,FR,Crypto / Money Transfer,5.168168020254222e-05,0,0,
34014840-4200-4fb4-9cb3-cba512f1c738,CUST000174,MERCH00260,2025-05-13 04:26:00,232.26,online,FR,IE,Crypto / Money Transfer,0.0003549341170108,0,0,
205b84d2-810b-42e9-93db-de34cc3598d8,CUST000964,MERCH00029,2025-05-13 04:36:00,47.96,card_present,FR,FR,Jewelry,5.168168020254222e-05,0,0,
9f7f6480-849f-40ab-a277-670f38a638b1,CUST001142,MERCH00355,2025-05-13 04:41:00,67.55,atm_withdrawal,IT,PL,Restaurants,0.0005701845745841,0,0,
11958626-1b81-422e-948e-b9b2477548b3,CUST004764,MERCH00151,2025-05-13 04:51:00,285.66,online,FR,IE,Fuel Stations,0.0003365118440842,0,0,
22882291-9507-425c-8ff9-3a08549e97e0,CUST005880,MERCH00073,2025-05-13 05:12:00,399.51,online,NL,SE,Crypto / Money Transfer,0.0003893079040574,0,0,
a183bafd-b684-4291-8ed8-93ceec5bdab6,CUST005518,MERCH00413,2025-05-13 05:33:00,638.19,card_not_present,NL,NL,Jewelry,0.0005409203269027,0,0,
5b4a4692-33f4-47bd-b9a6-37c7905097cd,CUST004153,MERCH00051,2025-05-13 05:34:00,493.0,atm_withdrawal,DE,IT,Hotels,0.0005639477087679,0,0,
cfc21cb4-6c2a-463e-8d3e-4edfdb337915,CUST001590,MERCH00165,2025-05-13 05:37:00,296.13,card_present,IE,IE,Clothing Stores,4.022575811590119e-05,0,0,
fe72f983-7e0c-4635-9554-218ed19b6d1f,CUST002410,MERCH00325,2025-05-13 05:39:00,148.38,online,IE,FR,Utilities,0.0004434983300476,0,0,
60beec03-33d7-4b3c-8a80-658f993347db,CUST003366,MERCH00317,2025-05-13 05:51:00,261.37,online,FR,FR,Clothing Stores,4.689478247181653e-05,0,0,
fbf936fd-fcdb-4c6f-aa27-0fc4196e4af6,CUST000538,,2025-05-13 05:55:00,66.46,wire_transfer,DE,DE,N/A (wire/ATM),4.119601634239698e-05,0,0,
9b793f01-a2f3-4c29-80c8-ac10380ba5f3,CUST002371,MERCH00398,2025-05-13 05:58:00,197.37,card_present,DE,DE,Jewelry,5.168168020254222e-05,0,0,
e6ea1657-f204-4efe-8f6e-b7853b766938,CUST004108,MERCH00156,2025-05-13 06:01:00,46.19,online,PL,IT,Jewelry,0.0005881699729265,0,0,
5e3ecfc8-7e0f-4e36-b45a-45672d516798,CUST001373,MERCH00027,2025-05-13 06:04:00,8.16,online,DE,DE,Utilities,5.2326029902445984e-05,0,0,
df094939-7e30-4ad2-b348-2440d94065cc,CUST003084,MERCH00090,2025-05-13 06:08:00,74.97,atm_withdrawal,DE,DE,Restaurants,6.483629147418578e-05,0,0,
82642be8-8008-44e8-9ff2-e80d9b5ddd65,CUST001441,MERCH00370,2025-05-13 06:13:00,140.44,atm_withdrawal,PL,DE,Hotels,0.0004291413197054,0,0,
56fd5066-2874-489b-b073-0944430ebf73,CUST005615,MERCH00413,2025-05-13 06:14:00,9.36,online,ES,DE,Jewelry,0.0005694741131373,0,0,
c45398da-237b-4316-9107-277c89976e73,CUST004480,MERCH00020,2025-05-13 06:19:00,3.34,card_present,ES,ES,Electronics,5.866918493325078e-05,0,0,
620801bf-5ec2-406d-ac32-c3006f32c88c,CUST000351,MERCH00231,2025-05-13 06:22:00,47.59,card_present,ES,DE,Jewelry,0.0005881699729265,0,0,
2153368b-b4b4-4df9-86ed-a8a5df29cd96,CUST000163,MERCH00319,2025-05-13 06:26:00,10.92,card_present,IE,IT,Utilities,0.0003839886252206,0,0,
2b282df9-cf58-4a13-8173-892440f17352,CUST000395,MERCH00135,2025-05-13 06:33:00,70.3,online,SE,SE,Grocery Stores,7.271949762886276e-05,0,0,
8b0478f8-32d1-4271-bb12-afe0cbbbf89f,CUST005621,MERCH00289,2025-05-13 06:37:00,300.94,card_present,DE,FR,Clothing Stores,0.0004602671512403,0,0,
662bb7d1-efe5-419b-9443-9b95ceba038c,CUST003699,MERCH00040,2025-05-13 06:45:00,36.3,card_present,IE,IE,Grocery Stores,4.128053386546797e-05,0,0,
42e9882f-76f8-45f9-9dd5-d894db74d26a,CUST004104,MERCH00235,2025-05-13 06:46:00,9.53,card_present,NL,NL,Clothing Stores,7.086146902556566e-05,0,0,
de716a33-3fa7-429e-b04c-cbd0b0c53c18,CUST002291,,2025-05-13 06:50:00,56.48,wire_transfer,IE,IE,N/A (wire/ATM),3.451305870562638e-05,0,0,
e98a820d-9456-4524-aeac-948623c2dade,CUST000003,MERCH00398,2025-05-13 06:50:00,61.55,online,ES,ES,Jewelry,7.8094632876302e-05,0,0,
a39eec33-585a-4a7b-9b61-d35715d5dd09,CUST000260,,2025-05-13 06:51:00,8.79,wire_transfer,FR,FR,N/A (wire/ATM),5.215210282126032e-05,0,0,
62d6cf41-ec09-4045-94ff-ae083c1dc99c,CUST000620,MERCH00000,2025-05-13 06:54:00,236.11,card_not_present,PL,FR,Direct Marketing / Subscriptions,0.0005371863687715,0,0,
00e988c3-3a23-4ebc-a557-ab7381d51e60,CUST002621,MERCH00439,2025-05-13 07:10:00,75.23,card_present,IT,IT,Hotels,5.168168020254222e-05,0,0,
e54f9c5b-272c-4d4b-b2ba-69e604c53532,CUST004312,MERCH00171,2025-05-13 07:12:00,259.21,atm_withdrawal,IT,NL,Electronics,0.0005827553284497,0,0,
09bfd417-ea37-4edb-99dd-ded57039e314,CUST005292,MERCH00014,2025-05-13 07:16:00,69.52,card_present,ES,FR,Crypto / Money Transfer,0.0003749749729195,0,0,
894d3ad4-336c-42cc-a5ab-d02e65a6ae36,CUST001706,MERCH00001,2025-05-13 07:24:00,36.03,online,NL,NL,Electronics,5.168168020254222e-05,0,0,
ee996965-72e6-4614-bc8f-7424be80a4ac,CUST005958,MERCH00127,2025-05-13 07:33:00,14.4,card_not_present,SE,DE,Utilities,0.0005342455409357,0,0,
88bc0bab-3faa-4ade-ba49-f9a203bc9ad8,CUST003284,MERCH00238,2025-05-13 07:51:00,143.27,atm_withdrawal,DE,SE,Utilities,0.0003301783242389,0,0,
eee10361-283a-4e5a-a3af-243b7593840c,CUST002634,MERCH00394,2025-05-13 08:01:00,34.09,card_present,ES,ES,Clothing Stores,4.689478247181653e-05,0,0,
a4baa64b-3b9f-49ec-b95e-c8a17e16482a,CUST005318,MERCH00013,2025-05-13 08:07:00,60.06,online,FR,FR,Fuel Stations,3.947244601738204e-05,0,0,
2c8b8978-aa5b-4d9c-a673-6fb4f5446fcf,CUST000862,,2025-05-13 08:13:00,9.69,wire_transfer,PL,PL,N/A (wire/ATM),4.071015506700132e-05,0,0,
40354a1f-edd4-49c8-92c9-2f3312247bfa,CUST005553,MERCH00444,2025-05-13 08:14:00,81.01,card_not_present,DE,DE,Airlines,6.962877213748992e-05,0,0,
04ec1cc4-cdf0-4c69-a57b-529f8460f012,CUST001304,MERCH00427,2025-05-13 08:21:00,30.25,card_present,IT,IT,Grocery Stores,7.040684569234698e-05,0,0,
79d7c1e2-67ff-49a4-a828-5f617e0f5a67,CUST001556,MERCH00098,2025-05-13 08:22:00,11.03,online,ES,ES,Utilities,3.2902160292736025e-05,0,0,
fbf5dbda-ec0d-4b98-beef-7f65e6ec0269,CUST001670,MERCH00176,2025-05-13 08:25:00,66.25,card_not_present,ES,ES,Restaurants,5.56159021406308e-05,0,0,
21051878-8d28-489b-b3cc-10c9abf74e92,CUST004312,MERCH00244,2025-05-13 08:35:00,129.87,card_not_present,NL,NL,Restaurants,7.647775094371409e-05,0,0,
c89d73b7-049a-4a35-835f-771e6a1f1fad,CUST004053,,2025-05-13 08:37:00,79.91,wire_transfer,IT,IT,N/A (wire/ATM),5.337853416143864e-05,0,0,
53774eef-b9ed-454a-bfd9-ea5abe400cd6,CUST002772,MERCH00053,2025-05-13 08:41:00,43.34,atm_withdrawal,NL,NL,Restaurants,6.483629147418578e-05,0,0,
819ec864-11ae-4819-97ff-b576edc0c5df,CUST005268,MERCH00125,2025-05-13 08:43:00,50.93,card_not_present,DE,IT,Restaurants,0.000512931894865,0,0,
74fc3e31-eced-4647-8abf-d7c3fa5a8fcb,CUST005621,MERCH00206,2025-05-13 08:43:00,1103.22,card_present,FR,FR,Airlines,5.440742723628186e-05,0,0,
6c7d3f3b-76d6-420b-a560-37a0ff853b43,CUST000332,MERCH00152,2025-05-13 08:46:00,1700.29,card_present,FR,FR,Misc Retail,7.643670230476686e-05,0,0,
46bfcc41-b66f-401e-b171-8a957f22a12a,CUST002472,MERCH00377,2025-05-13 08:51:00,107.59,card_present,FR,PL,Airlines,0.0003893079040574,0,0,
05d4a65f-1fd7-4246-9650-89d2192b5dd8,CUST005346,MERCH00433,2025-05-13 08:54:00,658.85,card_not_present,DE,DE,Electronics,0.0005700616965893,0,0,
5c6f61e1-a492-4125-9b5e-a4d0baa3d50b,CUST003320,MERCH00009,2025-05-13 08:55:00,112.71,card_not_present,IT,NL,Crypto / Money Transfer,0.0005244383171421,0,0,
10a69210-6ed4-4670-91ce-911c55b033d1,CUST005700,,2025-05-13 08:59:00,35.09,wire_transfer,DE,DE,N/A (wire/ATM),3.451305870562638e-05,0,0,
def7f100-3acc-4ecf-9060-fbd92cb0f23a,CUST000245,MERCH00396,2025-05-13 08:59:00,7.48,online,DE,DE,Direct Marketing / Subscriptions,7.271949762886276e-05,0,0,
0345b177-752b-458f-bdcb-f8e0f535a87d,CUST003098,MERCH00209,2025-05-13 09:03:00,100.36,card_present,PL,PL,Electronics,7.8094632876302e-05,0,0,
57558b3b-111f-415e-9a06-6f7ea457c020,CUST004492,MERCH00308,2025-05-13 09:03:00,43.15,card_not_present,PL,PL,Clothing Stores,7.452370377658548e-05,0,0,
4b17542e-8376-4537-bed3-66eb85156fc2,CUST003835,MERCH00410,2025-05-13 09:05:00,100.96,card_present,FR,FR,Airlines,5.168168020254222e-05,0,0,
f04801d5-21b3-4dd6-af66-d266934d8c97,CUST005963,MERCH00005,2025-05-13 09:07:00,36.76,online,FR,ES,Direct Marketing / Subscriptions,0.0004525522990345,0,0,
957f5f4b-fa45-4795-855d-97863b3f5a15,CUST003916,MERCH00102,2025-05-13 09:11:00,29.36,card_present,FR,DE,Jewelry,0.0003185579654809,0,0,
e988324c-f365-4feb-9f79-81422fa16044,CUST002347,MERCH00375,2025-05-13 09:13:00,548.36,atm_withdrawal,DE,DE,Jewelry,0.0005700616965893,0,0,
5f79f6b2-a764-4b83-ac9b-86083851d6d9,CUST004626,MERCH00440,2025-05-13 09:13:00,199.93,online,NL,NL,Grocery Stores,4.812442096995302e-05,0,0,
faefefeb-ac2e-410d-942f-c06bcb196033,CUST004547,MERCH00286,2025-05-13 09:16:00,67.06,card_not_present,DE,DE,Fuel Stations,4.561714421858141e-05,0,0,
8e5aeb0f-460d-43de-9847-eed1a95316c8,CUST004932,MERCH00301,2025-05-13 09:17:00,53.94,online,DE,DE,Fuel Stations,4.899845589618493e-05,0,0,
c045b787-57d8-4718-b403-ac75aa38dd76,CUST005803,,2025-05-13 09:20:00,82.21,wire_transfer,DE,DE,N/A (wire/ATM),3.451305870562638e-05,0,0,
d34c6960-a37b-4d79-b621-eebe23ff9a81,CUST002197,MERCH00384,2025-05-13 09:23:00,39.65,card_present,FR,IT,Restaurants,0.0004283670337977,0,0,
69161912-772c-4571-85ce-330c237454a4,CUST000417,MERCH00158,2025-05-13 09:23:00,11.79,card_present,DE,DE,Jewelry,5.168168020254222e-05,0,0,
d46021cd-2532-4303-b344-b814cfb7a215,CUST002733,MERCH00281,2025-05-13 09:25:00,82.7,card_present,DE,DE,Restaurants,7.271949762886276e-05,0,0,
6bed7231-1030-4830-b7a6-368adad70124,CUST004764,MERCH00016,2025-05-13 09:25:00,764.49,card_present,IE,IE,Electronics,8.247336914937092e-05,0,0,
fe0193c1-cd7d-4a2b-bb77-a33bb675cc91,CUST001691,MERCH00334,2025-05-13 09:27:00,62.6,card_not_present,FR,FR,Utilities,0.000133149624845,0,0,
1f43425d-2752-4ba6-8814-c9b6f2613b94,CUST000095,MERCH00298,2025-05-13 09:28:00,718.77,card_not_present,PL,PL,Direct Marketing / Subscriptions,0.0006971862596649,0,0,
59ae6dd4-cbe2-4db8-926a-4be7edfb89f1,CUST001746,MERCH00078,2025-05-13 09:29:00,118.75,card_not_present,IE,NL,Fuel Stations,0.0003652206265748,0,0,
0f8fb81c-bde5-4a3f-acf5-61e9d99f1d7f,CUST003660,MERCH00328,2025-05-13 09:29:00,235.84,card_present,FR,FR,Restaurants,7.271949762886276e-05,0,0,
a8e24590-cf30-4034-9d00-6ae3bc75b637,CUST005893,MERCH00391,2025-05-13 09:30:00,21.0,online,DE,DE,Clothing Stores,7.086146902556566e-05,0,0,
1c10c73f-2aa8-476f-8c3d-37d966d0bb39,CUST005770,MERCH00303,2025-05-13 09:32:00,103.3,card_present,IT,PL,Misc Retail,0.0004900817433714,0,0,
4d87e174-5283-4414-82da-4f3d6c27eac0,CUST005424,MERCH00093,2025-05-13 09:33:00,8.88,card_present,DE,IT,Grocery Stores,0.0004993538261975,0,0,
8f66cb56-bc8d-4f7b-96a7-2f80da747c9c,CUST003597,MERCH00330,2025-05-13 09:35:00,37.17,card_not_present,DE,NL,Fuel Stations,0.0002473571778257,0,0,
10fbba24-21f2-4109-9167-0f57e68e9232,CUST005079,MERCH00094,2025-05-13 09:36:00,23.49,atm_withdrawal,FR,FR,Direct Marketing / Subscriptions,6.483629147418578e-05,0,0,
2edfa656-91db-4ac6-aab8-65dac0bf188b,CUST005801,MERCH00008,2025-05-13 09:38:00,29.83,card_not_present,DE,DE,Jewelry,6.962877213748992e-05,0,0,
5f4926d7-4d8d-4d57-8cc9-e2c082a8aea6,CUST000658,MERCH00394,2025-05-13 09:47:00,471.29,card_present,FR,FR,Clothing Stores,4.239401198342006e-05,0,0,
d8534f62-786e-4488-86c2-2f421e42da12,CUST002622,MERCH00167,2025-05-13 09:47:00,62.09,online,ES,ES,Airlines,5.168168020254222e-05,0,0,
b9c37ffd-5e93-4e80-937d-88472367768a,CUST001007,MERCH00038,2025-05-13 09:48:00,154.14,card_not_present,FR,FR,Electronics,6.962877213748992e-05,0,0,
cedc0354-2619-4195-a2d8-b35aa4da28a1,CUST001458,MERCH00291,2025-05-13 09:49:00,50.13,card_present,PL,PL,Electronics,7.8094632876302e-05,0,0,
8ffe9983-bb6b-4cc1-9fd7-82d156c140e0,CUST004376,MERCH00006,2025-05-13 09:51:00,42.46,card_present,NL,NL,Restaurants,7.271949762886276e-05,0,0,
848fcf98-b7fe-4371-8261-5e1b9c1bccc3,CUST000542,MERCH00175,2025-05-13 09:52:00,313.41,online,SE,SE,Electronics,5.168168020254222e-05,0,0,
98ac1564-1976-4973-825d-f8d3c7567a3b,CUST000747,MERCH00359,2025-05-13 09:52:00,90.65,card_not_present,SE,DE,Utilities,0.0003652206265748,0,0,
adfd675b-e3d2-4b2b-89b6-36703582a30b,CUST002935,MERCH00291,2025-05-13 09:52:00,11.45,card_present,ES,ES,Electronics,7.8094632876302e-05,0,0,
1b3908d7-8a17-4f50-bd1f-860e46c9d4db,CUST005268,MERCH00260,2025-05-13 09:59:00,269.78,atm_withdrawal,FR,IT,Crypto / Money Transfer,0.0005351187168186,0,0,
7577d5f1-0da2-4380-acb6-23cb59fd367f,CUST005239,MERCH00110,2025-05-13 10:00:00,51.25,card_not_present,DE,IT,Direct Marketing / Subscriptions,0.0004452416318322,0,0,
32527de5-91f0-4235-8e89-c94cc3c29090,CUST000078,MERCH00157,2025-05-13 10:05:00,29.37,card_present,IE,IE,Grocery Stores,7.271949762886276e-05,0,0,
a8e8b718-bc79-4a9d-8efa-b4e81110c0f1,CUST005450,,2025-05-13 10:09:00,20.81,wire_transfer,DE,DE,N/A (wire/ATM),5.215210282126032e-05,0,0,
7c508142-bb44-4bd1-bb5d-0435766c9d98,CUST001021,MERCH00215,2025-05-13 10:12:00,43.07,online,DE,IE,Misc Retail,0.0004745022839357,0,0,
4a035bce-b6de-4902-9326-93ef55069181,CUST004448,MERCH00407,2025-05-13 10:15:00,88.14,online,IE,ES,Jewelry,0.0003694031945654,0,0,
81147a16-0430-4395-8c12-de5cefb7e955,CUST002463,MERCH00068,2025-05-13 10:19:00,92.37,card_not_present,ES,IT,Grocery Stores,0.0004587126115406,0,0,
2590fa7a-c61d-4eb1-b147-9ee99f2029cb,CUST004328,MERCH00205,2025-05-13 10:19:00,23.72,card_not_present,IT,DE,Misc Retail,0.0005216023761483,0,0,
53c40a60-b77b-48d5-8983-1399363c04cc,CUST001874,MERCH00389,2025-05-13 10:23:00,4.34,card_present,IT,IT,Restaurants,7.271949762886276e-05,0,0,
9e80ba21-a25a-4100-a312-df0ee788f8e9,CUST000171,MERCH00348,2025-05-13 10:23:00,273.6,atm_withdrawal,SE,SE,Restaurants,0.0001088710105569,0,0,
14e3163e-1cd0-4332-b38c-9d7b780fafa2,CUST000921,MERCH00045,2025-05-13 10:23:00,65.63,online,DE,FR,Jewelry,0.0004812977137763,0,0,
d73ea7ea-234d-4606-a4eb-d7f5ebafc2d7,CUST000187,MERCH00359,2025-05-13 10:24:00,12.35,card_present,SE,SE,Utilities,5.774909066208043e-05,0,0,
ef95a0e5-c034-4860-bcd1-ea68071e593b,CUST000858,MERCH00081,2025-05-13 10:28:00,19.72,card_present,DE,DE,Misc Retail,5.297771493849053e-05,0,0,
410d59dd-7677-48ef-a774-4a9002e9df6b,CUST000223,MERCH00424,2025-05-13 10:31:00,8.23,online,PL,IE,Grocery Stores,0.0005144611512959,0,0,
128c2036-b249-4527-91e0-07e6fe6c804b,CUST000146,MERCH00168,2025-05-13 10:33:00,510.31,atm_withdrawal,FR,FR,Fuel Stations,0.0004354441561406,0,0,
ffcd0ea6-3f4c-48aa-ad51-7ac3a8d95a89,CUST001896,MERCH00235,2025-05-13 10:34:00,63.8,card_present,PL,PL,Clothing Stores,7.086146902556566e-05,0,0,
e958f8f9-ea20-4155-af5b-aa9ef83808ed,CUST002993,MERCH00260,2025-05-13 10:36:00,52.25,atm_withdrawal,FR,FR,Crypto / Money Transfer,6.962877213748992e-05,0,0,
81cdd946-043b-4e47-a88f-b41ebb2b62da,CUST004794,MERCH00091,2025-05-13 10:36:00,32.19,card_present,FR,FR,Restaurants,4.812442096995302e-05,0,0,
1774d42e-ff71-4de1-95f5-6d3c1bbf2491,CUST005652,MERCH00101,2025-05-13 10:37:00,64.62,card_not_present,IT,IT,Clothing Stores,9.546833997705238e-05,0,0,
3a33731f-3af2-4d3b-b9c5-d1737f2d44de,CUST000292,,2025-05-13 10:38:00,15.58,wire_transfer,FR,FR,N/A (wire/ATM),3.451305870562638e-05,0,0,
4f2a0d11-391f-4305-aa9f-82e164950e98,CUST005317,MERCH00076,2025-05-13 10:38:00,31.29,card_present,IE,PL,Utilities,0.0003839886252206,0,0,
38537519-e401-4831-84f0-a00ec898cb58,CUST001889,MERCH00026,2025-05-13 10:39:00,115.4,atm_withdrawal,IT,DE,Grocery Stores,0.0003819443434056,0,0,
8fdd1ef0-c20d-4cd7-8227-455781506557,CUST004438,MERCH00357,2025-05-13 10:42:00,468.43,atm_withdrawal,FR,ES,Airlines,0.0005613043509874,0,0,
76a35771-af4d-4988-86cd-6507edf4688c,CUST002706,MERCH00435,2025-05-13 10:42:00,108.7,card_not_present,PL,DE,Clothing Stores,0.0004152333557074,0,0,
aee567e1-0628-4817-9f7e-e317dc168801,CUST002712,MERCH00030,2025-05-13 10:42:00,20.76,card_not_present,IE,IE,Electronics,0.0001052129787404,0,0,
4f7ce8e8-f695-4cb0-b563-dafc44c29af6,CUST002336,MERCH00071,2025-05-13 10:45:00,14.81,card_not_present,DE,DE,Jewelry,0.0001052129787404,0,0,
e8423c04-5166-4a15-a3c9-22c9d9075984,CUST002861,MERCH00099,2025-05-13 10:47:00,34.49,atm_withdrawal,FR,SE,Utilities,0.0005172736496558,0,0,
b9c146d1-5ba7-4a06-abbd-0235bbeca446,CUST002814,MERCH00124,2025-05-13 10:49:00,22.53,card_present,DE,DE,Direct Marketing / Subscriptions,4.812442096995302e-05,0,0,
0ac590c1-b5ad-4756-a85f-21653b63c00c,CUST004992,MERCH00064,2025-05-13 10:53:00,492.78,card_present,IE,IE,Utilities,4.203027545348821e-05,0,0,
63248d52-bbc5-4ec0-936c-1480a06f6ea9,CUST002897,MERCH00151,2025-05-13 10:53:00,28.44,online,FR,IE,Fuel Stations,0.0003042232626378,0,0,
b6b1f530-20e8-4593-9e1f-ac1fdf15440c,CUST004093,MERCH00103,2025-05-13 10:58:00,579.7,card_present,IT,DE,Airlines,0.0007449336322341,0,0,
36ae7af9-3d89-4e4f-8174-ab8dbfa181a8,CUST004581,MERCH00256,2025-05-13 11:03:00,394.09,online,FR,IE,Direct Marketing / Subscriptions,0.0039615098004976,0,0,
6de9bf79-7410-4078-85ba-12817e807e62,CUST005556,MERCH00013,2025-05-13 11:04:00,100.92,card_present,SE,SE,Fuel Stations,3.947244601738204e-05,0,0,
92fb740e-7530-418c-b425-3fc5009a6d26,CUST003452,MERCH00395,2025-05-13 11:07:00,23.2,card_not_present,PL,IT,Crypto / Money Transfer,0.0007922715391075,0,0,
1a554a7a-e43a-4c63-b797-e23f2bea36d2,CUST005961,MERCH00397,2025-05-13 11:07:00,77.84,card_present,DE,DE,Utilities,3.947244601738204e-05,0,0,
0d22f264-4d82-40b6-b979-3372b8910a4d,CUST001045,MERCH00008,2025-05-13 11:08:00,36.99,card_not_present,NL,NL,Jewelry,6.962877213748992e-05,0,0,
694a20ed-1386-4eee-9898-3ff417dff0c5,CUST000465,MERCH00279,2025-05-13 11:10:00,130.08,online,NL,FR,Clothing Stores,0.0004602671512403,0,0,
3a7e058a-d9cc-4907-938d-2fd9b5b15101,CUST005572,MERCH00186,2025-05-13 11:13:00,1088.97,card_not_present,PL,DE,Clothing Stores,0.0092160663559834,0,0,
b1023611-831e-48dd-9a11-9f1311ab6372,CUST005171,MERCH00368,2025-05-13 11:14:00,53.88,card_not_present,NL,NL,Grocery Stores,9.79715117179777e-05,0,0,
fa6de555-869c-4030-ba49-ba2898ae1e2c,CUST003126,MERCH00343,2025-05-13 11:14:00,358.28,card_not_present,FR,IT,Restaurants,0.0005251496051523,0,0,
192550b6-9288-4b3f-82d2-0065d62f7398,CUST005837,MERCH00057,2025-05-13 11:16:00,40.29,card_not_present,DE,DE,Direct Marketing / Subscriptions,5.56159021406308e-05,0,0,
968ff174-6de8-4fc8-be30-a439e76105da,CUST004627,MERCH00421,2025-05-13 11:17:00,28.63,card_not_present,FR,DE,Restaurants,0.0003612727497417,0,0,
96f8fa41-b8a2-490d-b2ee-5b0644dd8fbc,CUST003026,MERCH00271,2025-05-13 11:22:00,37.88,online,DE,IE,Utilities,0.0001147630877591,0,0,
28b117e5-e409-4ac0-bc47-399577c07ff1,CUST005856,MERCH00144,2025-05-13 11:26:00,55.86,card_not_present,DE,PL,Fuel Stations,0.0005219265464563,0,0,
c4dacf7d-5192-4138-b5f9-d8bb57fd1eaf,CUST002776,MERCH00391,2025-05-13 11:27:00,33.5,atm_withdrawal,DE,IT,Clothing Stores,0.0006554792074703,0,0,
4e9678ee-95aa-4942-9553-4efe4dec4e6f,CUST003502,MERCH00078,2025-05-13 11:30:00,34.57,card_present,IT,IT,Fuel Stations,5.9645998429748846e-05,0,0,
8c826ad9-556d-4275-b345-60b6e5714282,CUST001980,MERCH00129,2025-05-13 11:34:00,32.02,card_present,SE,DE,Grocery Stores,0.0004025131862757,0,0,
b0eb3af1-1ec0-4136-91da-12a351cff8e0,CUST001823,MERCH00374,2025-05-13 11:38:00,27.26,online,DE,FR,Direct Marketing / Subscriptions,0.0004723307984616,0,0,
f5cc304b-075d-495e-97bb-388d2235ac62,CUST003790,MERCH00206,2025-05-13 11:51:00,91.61,online,FR,ES,Airlines,0.0003749749729195,0,0,
df12f297-a2e0-46ab-b87f-f1f594602830,CUST000258,MERCH00143,2025-05-13 11:51:00,90.6,atm_withdrawal,DE,DE,Fuel Stations,8.035857446094911e-05,0,0,
a2ae70ce-b10f-4508-8698-66f48acb844d,CUST003372,MERCH00427,2025-05-13 11:51:00,40.06,atm_withdrawal,PL,PL,Grocery Stores,8.048294549865586e-05,0,0,
512abd16-0598-43cc-879e-b644c8c66f35,CUST004488,MERCH00096,2025-05-13 11:53:00,28.43,card_present,IE,FR,Electronics,0.0005362471576831,0,0,
95a1f164-c939-42a8-838e-0f7f9eddd32b,CUST005659,MERCH00416,2025-05-13 11:53:00,155.95,card_present,FR,DE,Grocery Stores,0.0003126220579578,0,0,
e9b84bca-7855-4460-b6c2-c67ca8971942,CUST005888,MERCH00379,2025-05-13 11:54:00,47.89,atm_withdrawal,DE,DE,Direct Marketing / Subscriptions,6.483629147418578e-05,0,0,
a020374b-8d8d-4b4f-b2e6-c5a620162d1b,CUST003104,MERCH00244,2025-05-13 11:55:00,54.63,atm_withdrawal,FR,IT,Restaurants,0.0004452416318322,0,0,
27d94951-ab21-47ea-8259-dec6041084e1,CUST003000,MERCH00171,2025-05-13 11:56:00,232.46,online,IT,DE,Electronics,0.0005362471576831,0,0,
050055da-dbb1-41a4-85dd-b007b967c75c,CUST003372,MERCH00334,2025-05-13 11:56:00,77.33,atm_withdrawal,IT,PL,Utilities,0.0070952864376829,0,0,
4879b297-be05-4d49-964b-97b0ae8fc007,CUST001088,,2025-05-13 11:56:00,18.87,wire_transfer,SE,SE,N/A (wire/ATM),5.215210282126032e-05,0,0,
4e2d22e8-8320-4489-9192-a7de0e8fbe6e,CUST003280,MERCH00364,2025-05-13 11:56:00,8.24,atm_withdrawal,SE,DE,Utilities,0.0005517854837085,0,0,
0b8c6504-98ce-4246-a4f4-fcdba89b7fb3,CUST002987,MERCH00255,2025-05-13 11:56:00,49.16,atm_withdrawal,FR,FR,Direct Marketing / Subscriptions,0.000133355689742,0,0,
483a2b71-2e5f-4049-b12c-57ba998e226c,CUST000819,MERCH00178,2025-05-13 11:57:00,102.91,card_present,FR,FR,Clothing Stores,7.086146902556566e-05,0,0,
44a52c68-8919-444c-82a6-6d746e00e313,CUST004915,MERCH00413,2025-05-13 11:58:00,111.24,card_not_present,IT,IT,Jewelry,9.983215161571884e-05,0,0,
2311379a-a470-4468-913b-12d9b0379273,CUST004936,MERCH00123,2025-05-13 11:58:00,34.6,card_present,ES,IT,Grocery Stores,0.0005421778410369,0,0,
47b8436b-2e83-4b99-8d81-e4d3399ec2cd,CUST001675,MERCH00281,2025-05-13 11:58:00,102.14,online,DE,DE,Restaurants,4.812442096995302e-05,0,0,
c2d21270-2e5f-4738-9a8d-0a2c680805cc,CUST004519,MERCH00301,2025-05-13 12:01:00,238.43,card_not_present,ES,ES,Fuel Stations,5.909661455901203e-05,0,0,
0fc01e0c-2baa-4c8e-b9fc-1a214b665e11,CUST002935,MERCH00211,2025-05-13 12:02:00,9.88,card_not_present,DE,ES,Jewelry,0.00131213553057,0,0,
8612c0a5-b9ab-48f9-91dc-08b1e1ced51b,CUST001957,MERCH00324,2025-05-13 12:02:00,100.41,card_present,IT,IE,Restaurants,0.0004454308150197,0,0,
429a9bad-b4b6-4082-b0cb-accb2f73de4c,CUST004535,MERCH00173,2025-05-13 12:03:00,85.08,atm_withdrawal,ES,FR,Fuel Stations,0.0003309864602788,0,0,
4b9e9528-c9b0-4e75-94ad-5dc227ce489d,CUST003749,,2025-05-13 12:03:00,41.17,wire_transfer,NL,NL,N/A (wire/ATM),3.451305870562638e-05,0,0,
2a71ad81-43de-4f93-bf83-9076e311624a,CUST005066,MERCH00413,2025-05-13 12:03:00,639.91,atm_withdrawal,ES,DE,Jewelry,0.0043102296173268,0,0,
15c24cd5-3d74-47d2-97b7-b06284429593,CUST004326,MERCH00255,2025-05-13 12:04:00,19.02,card_present,PL,ES,Direct Marketing / Subscriptions,0.000457296548765,0,0,
774337d5-1745-4a31-8ff0-6fd1a3614380,CUST002819,MERCH00375,2025-05-13 12:08:00,336.53,online,NL,NL,Jewelry,6.41539940338825e-05,0,0,
00c0281c-7163-4c0b-8fe0-857b43a6cca3,CUST003730,MERCH00194,2025-05-13 12:13:00,71.51,card_not_present,DE,DE,Electronics,8.213065847050307e-05,0,0,
dea3af4a-c480-4bbc-ac3d-eee72dc6a9fc,CUST003644,MERCH00075,2025-05-13 12:16:00,12.88,card_not_present,DE,PL,Fuel Stations,0.0005219265464563,0,0,
c4f6cc33-febd-4887-beb2-276ecb9b5fbf,CUST004452,MERCH00362,2025-05-13 12:17:00,31.83,card_not_present,NL,NL,Grocery Stores,9.79715117179777e-05,0,0,
c100cafe-ce55-4967-9301-8555de660918,CUST002214,MERCH00259,2025-05-13 12:18:00,124.39,online,ES,PL,Fuel Stations,0.0002541433402874,0,0,
19e19f18-9663-48cd-8b4e-a8c18da9880d,CUST001534,MERCH00195,2025-05-13 12:20:00,477.08,card_not_present,FR,IT,Crypto / Money Transfer,0.0005041488484153,0,0,
623c24c0-da33-4b19-a147-f1f7c7416d0c,CUST000092,MERCH00159,2025-05-13 12:21:00,229.02,card_present,ES,DE,Electronics,0.0003893079040574,0,0,
9167fee5-61ba-4f23-9c6d-eec1b010552e,CUST002464,MERCH00426,2025-05-13 12:21:00,73.4,card_present,DE,DE,Crypto / Money Transfer,5.168168020254222e-05,0,0,
1580fdde-bb56-43b8-9851-9dfbf5e7b866,CUST000607,MERCH00206,2025-05-13 12:29:00,104.79,card_not_present,DE,DE,Airlines,8.201147604559991e-05,0,0,
029f7eec-fc26-4fb7-b27f-88a0d5541787,CUST002498,MERCH00167,2025-05-13 12:29:00,316.65,card_not_present,IT,IT,Airlines,7.737533655219923e-05,0,0,
d2be672a-ecdf-42bc-88ad-c7d95bf92617,CUST004472,MERCH00053,2025-05-13 12:32:00,336.04,atm_withdrawal,FR,FR,Restaurants,7.204970581350819e-05,0,0,
94879603-0a23-4ebf-85c7-98a15869a371,CUST005296,MERCH00170,2025-05-13 12:33:00,109.86,card_not_present,IT,IT,Restaurants,6.483629147418578e-05,0,0,
1d1edb35-b36a-4a39-a808-464a8f72957a,CUST001678,,2025-05-13 12:34:00,66.68,wire_transfer,FR,FR,N/A (wire/ATM),3.451305870562638e-05,0,0,
3242c340-16dc-4a2a-add5-e65012e22619,CUST003647,MERCH00227,2025-05-13 12:35:00,19.82,online,FR,FR,Grocery Stores,4.812442096995302e-05,0,0,
5eea08f4-bb56-4379-ab2e-6113650c2c91,CUST004988,MERCH00304,2025-05-13 12:35:00,123.72,atm_withdrawal,NL,SE,Fuel Stations,0.0003423736331584,0,0,
a5e46a4c-841f-41a5-82f5-adff05cc6aa2,CUST000905,MERCH00359,2025-05-13 12:37:00,29.71,online,SE,DE,Utilities,0.0004096114978954,0,0,
4efa9a48-34b3-4402-9d9e-aec1c5196f25,CUST003805,MERCH00199,2025-05-13 12:37:00,32.75,card_present,IT,FR,Jewelry,0.0005362471576831,0,0,
59629917-525d-47b3-8521-ecafe3b6f97f,CUST005467,MERCH00236,2025-05-13 12:38:00,5.79,card_present,FR,IE,Electronics,0.0005362471576831,0,0,
ee4684a8-8421-4d93-b68f-ae4e725d4d8f,CUST004318,MERCH00239,2025-05-13 12:39:00,18.26,online,PL,PL,Clothing Stores,4.022575811590119e-05,0,0,
fc2aec8d-d9cf-430d-b834-8b11dddb2c02,CUST001979,MERCH00253,2025-05-13 12:42:00,41.01,card_present,IT,FR,Airlines,0.0003549341170108,0,0,
683325f4-6d63-4476-9997-3101414b586a,CUST000339,MERCH00216,2025-05-13 12:44:00,47.86,card_present,FR,NL,Fuel Stations,0.0003182983654135,0,0,
62bd30a2-4ebb-4e88-9fde-7f1e5e8c55e7,CUST003647,MERCH00154,2025-05-13 12:45:00,18.63,atm_withdrawal,DE,FR,Utilities,0.0079690733906155,0,0,
98b45f14-edf1-4f15-a201-103056564d9c,CUST005416,MERCH00023,2025-05-13 12:45:00,8.69,card_not_present,DE,DE,Airlines,6.962877213748992e-05,0,0,
d5e95d61-8c6f-4924-97de-4359a433adb5,CUST001029,MERCH00287,2025-05-13 12:46:00,65.97,card_present,DE,DE,Crypto / Money Transfer,5.168168020254222e-05,0,0,
c7a4c815-f420-45fb-adb8-dfe6c476d2a2,CUST000651,MERCH00386,2025-05-13 12:49:00,189.79,online,IT,ES,Fuel Stations,0.0003839886252206,0,0,
f3a6559c-382c-4f1e-a423-20b4cf935a54,CUST003427,,2025-05-13 12:50:00,70.57,wire_transfer,FR,FR,N/A (wire/ATM),8.641469386671939e-05,0,0,
25d622c8-80be-4da4-8627-3af6ea3156d2,CUST005965,MERCH00197,2025-05-13 12:51:00,2.67,card_present,FR,NL,Utilities,0.0031564354033157,0,0,
ca871091-bc1a-489e-b053-a2a8cc5cbefe,CUST001592,MERCH00259,2025-05-13 12:52:00,34.49,card_present,ES,DE,Fuel Stations,0.0002541433402874,0,0,
5df1ed42-b648-4485-a883-4ad187116e0c,CUST004772,MERCH00084,2025-05-13 12:53:00,42.5,card_present,NL,NL,Grocery Stores,5.544414477146513e-05,0,0,
565bbc94-467f-44ad-9a8e-a8ab858c9414,CUST005701,MERCH00207,2025-05-13 12:53:00,25.37,online,PL,FR,Restaurants,0.0005421778410369,0,0,
b84c1aea-da06-4837-a68f-b26321592c55,CUST002836,MERCH00164,2025-05-13 12:54:00,62.68,atm_withdrawal,FR,FR,Misc Retail,5.860369463451871e-05,0,0,
fa44fa61-4910-407f-9e13-d376c5644768,CUST000787,MERCH00305,2025-05-13 12:55:00,56.08,card_present,DE,DE,Electronics,5.168168020254222e-05,0,0,
7682f51e-373a-4931-b920-b6bbe9c9f29f,CUST005239,MERCH00001,2025-05-13 12:55:00,9.74,card_present,IT,IT,Electronics,7.561105185791929e-05,0,0,
1d44c868-1984-4065-9d95-90487caf06fc,CUST003327,MERCH00025,2025-05-13 12:57:00,216.94,card_not_present,NL,NL,Jewelry,0.0001743291240317,0,0,
5e2a309e-37dc-4e57-9ea1-0175fe8e42d2,CUST002722,MERCH00095,2025-05-13 13:00:00,139.59,online,NL,NL,Hotels,5.168168020254222e-05,0,0,
1842972c-5535-42ef-96b9-9e9aae12484d,CUST002997,MERCH00230,2025-05-13 13:01:00,17.8,card_present,PL,NL,Jewelry,0.0005362471576831,0,0,
16780bc7-7668-48e8-b7c6-a62590587c98,CUST002995,MERCH00133,2025-05-13 13:01:00,362.37,card_not_present,DE,PL,Utilities,0.0005799644134727,0,0,
2925874e-96bd-497b-96ae-7b228a31bf2a,CUST001725,MERCH00188,2025-05-13 13:03:00,94.45,online,ES,NL,Electronics,0.0003893079040574,0,0,
954d7eaf-b1ef-4c90-8016-fc44aced3ee7,CUST003045,MERCH00201,2025-05-13 13:05:00,202.22,card_present,FR,FR,Crypto / Money Transfer,5.168168020254222e-05,0,0,
ec27e193-6800-4463-b2d8-7e5883b401fe,CUST002499,MERCH00355,2025-05-13 13:06:00,91.69,atm_withdrawal,DE,DE,Restaurants,9.79715117179777e-05,0,0,
452c7e13-6bf5-4ea0-bfcc-afcdf4669225,CUST002492,MERCH00367,2025-05-13 13:06:00,37.65,online,FR,FR,Misc Retail,6.572915208119079e-05,0,0,
b9c168fb-c41a-4c63-9f8d-74ec46483eb5,CUST001502,MERCH00201,2025-05-13 13:07:00,82.68,atm_withdrawal,ES,IE,Crypto / Money Transfer,0.0004976280386113,0,0,
8fa571cd-cd93-4819-8117-e85a3490e944,CUST002299,MERCH00095,2025-05-13 13:14:00,89.82,online,DE,IT,Hotels,0.002526530613385,0,0,
702400c0-cef4-4c74-af3e-52e9dc58b985,CUST002776,MERCH00335,2025-05-13 13:15:00,57.53,card_present,IT,IT,Misc Retail,5.399575062331991e-05,0,0,
76f1f26d-b053-4be3-a63b-268dd54988f5,CUST002557,MERCH00276,2025-05-13 13:15:00,93.4,card_not_present,PL,PL,Misc Retail,5.0269600292323576e-05,0,0,
584d1f06-6546-4886-9a6f-c60bac6bce9c,CUST002605,MERCH00302,2025-05-13 13:16:00,65.95,card_not_present,NL,NL,Utilities,5.3179958393195385e-05,0,0,
22ef741c-1c4f-4a5d-8704-3755307d2ac4,CUST001795,MERCH00000,2025-05-13 13:20:00,87.22,card_present,DE,DE,Direct Marketing / Subscriptions,4.812442096995302e-05,0,0,
5a6fd00e-6e8f-4fad-96cf-56d8ccdabe0d,CUST003222,MERCH00157,2025-05-13 13:21:00,51.42,online,PL,PL,Grocery Stores,5.97383145101478e-05,0,0,
441bd54c-9f3e-40f0-a1d5-01ea8005e24f,CUST001363,MERCH00294,2025-05-13 13:22:00,22.58,card_not_present,FR,FR,Grocery Stores,8.403934836065801e-05,0,0,
09019320-598f-4148-bb26-8b31a167538e,CUST004768,MERCH00138,2025-05-13 13:29:00,71.28,online,IT,IT,Grocery Stores,5.124287292589742e-05,0,0,
c38ac77a-e91a-4498-b0de-4c73e39ca890,CUST000095,MERCH00300,2025-05-13 13:32:00,2052.83,card_present,FR,PL,Misc Retail,0.0007334398614808,0,0,
6ae76ea6-6c81-42e0-96a1-40fc7c2abb00,CUST001578,MERCH00130,2025-05-13 13:36:00,391.12,online,FR,IT,Hotels,0.0003549341170108,0,0,
d462e49a-a48a-4029-bd66-e389438b9792,CUST000700,MERCH00292,2025-05-13 13:37:00,33.54,card_present,IE,IE,Fuel Stations,5.9645998429748846e-05,0,0,
a4020e8d-8751-4469-8120-592cb59715da,CUST004106,MERCH00164,2025-05-13 13:37:00,10.14,online,FR,FR,Misc Retail,4.34982364947671e-05,0,0,
6eafe86f-dc52-44c5-90ce-665688cd0a79,CUST003007,MERCH00134,2025-05-13 13:37:00,203.75,online,FR,NL,Airlines,0.0003357238799902,0,0,
eee44cd5-d195-4117-b356-d2727a10c65a,CUST004454,MERCH00446,2025-05-13 13:39:00,342.04,card_not_present,FR,FR,Fuel Stations,5.909661455901203e-05,0,0,
ef2ead64-b288-4d56-9e01-5d18953a73e4,CUST003014,MERCH00107,2025-05-13 13:39:00,18.2,card_present,IT,PL,Jewelry,0.0005694741131373,0,0,
7b4508a7-e2ae-433e-8825-bdf4037c5426,CUST003236,MERCH00262,2025-05-13 13:40:00,23.08,online,IT,IT,Hotels,5.168168020254222e-05,0,0,
85b7bfd7-4437-4882-b01e-2ac13d6ba058,CUST002623,MERCH00085,2025-05-13 13:41:00,9.97,online,IT,IT,Restaurants,7.271949762886276e-05,0,0,
2a030f17-f8fd-47f5-904e-e1de87d05c98,CUST004913,MERCH00406,2025-05-13 13:42:00,158.16,atm_withdrawal,SE,SE,Crypto / Money Transfer,6.962877213748992e-05,0,0,
855019df-9023-4c03-a774-281747e1f6e3,CUST000147,,2025-05-13 13:42:00,66.52,wire_transfer,ES,ES,N/A (wire/ATM),3.451305870562638e-05,0,0,
1c9b3611-9ea9-406e-8e2a-f983f9d08867,CUST001975,MERCH00434,2025-05-13 13:43:00,401.53,atm_withdrawal,ES,ES,Crypto / Money Transfer,7.737533655219923e-05,0,0,
7172a45a-b693-42f9-b048-3c153df881f1,CUST005313,MERCH00311,2025-05-13 13:44:00,102.04,online,NL,FR,Hotels,0.0003357238799902,0,0,
2770610a-37d3-4318-a453-958b19b24485,CUST000950,MERCH00014,2025-05-13 13:45:00,57.03,card_present,FR,FR,Crypto / Money Transfer,7.8094632876302e-05,0,0,
8d753336-1033-4943-a65b-278a85ade19a,CUST003505,MERCH00164,2025-05-13 13:46:00,296.31,atm_withdrawal,PL,PL,Misc Retail,6.51237415040253e-05,0,0,
15c492c5-8960-48af-9019-138f4b7a9754,CUST003260,MERCH00016,2025-05-13 13:47:00,42.0,online,IE,DE,Electronics,0.0003893079040574,0,0,
77b5c52a-0678-40b9-8e2a-6d3966783dd8,CUST001271,MERCH00253,2025-05-13 13:49:00,206.75,card_present,IT,NL,Airlines,0.0005881699729265,0,0,
08f443cf-68c7-40d3-87b3-df4a7e69fb60,CUST000414,MERCH00189,2025-05-13 13:53:00,931.47,online,SE,ES,Crypto / Money Transfer,0.0033418498550291,0,0,
af314631-ddbc-4856-84c8-aea2a6caef84,CUST003081,MERCH00435,2025-05-13 13:53:00,81.04,card_not_present,PL,SE,Clothing Stores,0.0005940536541632,0,0,
91c21ccf-d14f-4beb-963c-9264261cc44f,CUST002753,MERCH00291,2025-05-13 13:54:00,25.6,card_not_present,ES,ES,Electronics,6.962877213748992e-05,0,0,
cd73b78a-beb4-4962-98f2-d9f5c33699dd,CUST003778,,2025-05-13 13:55:00,158.47,wire_transfer,DE,DE,N/A (wire/ATM),5.049350963201199e-05,0,0,
621cb8c8-7621-42e0-b626-1da54d9913a3,CUST001575,MERCH00300,2025-05-13 13:55:00,81.37,card_present,FR,DE,Misc Retail,0.0003859810149188,0,0,
b6492cdc-4154-4f59-97ae-17d3f9d40f7f,CUST005481,MERCH00196,2025-05-13 14:00:00,89.31,card_not_present,FR,ES,Grocery Stores,0.0004703791752444,0,0,
ce7be82f-7654-4708-b3b6-2a6cf5af3c7a,CUST005445,,2025-05-13 14:00:00,150.71,wire_transfer,IT,IT,N/A (wire/ATM),3.451305870562638e-05,0,0,
dd46d121-71af-4b32-8a03-d754f2f1f005,CUST005029,MERCH00280,2025-05-13 14:02:00,15.47,atm_withdrawal,IT,IT,Crypto / Money Transfer,6.962877213748992e-05,0,0,
ffbd1995-e08e-4584-9b55-550a50dee675,CUST002545,MERCH00148,2025-05-13 14:04:00,33.67,atm_withdrawal,ES,ES,Misc Retail,5.860369463451871e-05,0,0,
92c825b5-cb04-42a7-80a1-518b4f6dafec,CUST005028,,2025-05-13 14:05:00,69.7,wire_transfer,FR,FR,N/A (wire/ATM),3.451305870562638e-05,0,0,
b42a30af-dfb7-48fd-89d8-527d69c1162a,CUST004920,MERCH00122,2025-05-13 14:06:00,29.86,card_present,DE,ES,Fuel Stations,0.0003839886252206,0,0,
720abc24-b525-474a-b0f0-bc283419a16a,CUST004600,,2025-05-13 14:11:00,5.15,wire_transfer,IT,IT,N/A (wire/ATM),5.215210282126032e-05,0,0,
93b985f0-c119-4893-aad1-96f0a9797680,CUST000998,MERCH00320,2025-05-13 14:13:00,9.87,card_present,IE,IE,Utilities,5.774909066208043e-05,0,0,
2dea59cc-039d-4dfb-be0e-e53056844982,CUST000100,MERCH00423,2025-05-13 14:14:00,37.14,online,SE,SE,Crypto / Money Transfer,0.0003685702389521,0,0,
bd817f6f-72cf-4eff-ae69-8693a8f366f6,CUST005819,MERCH00423,2025-05-13 14:14:00,11.2,card_not_present,ES,ES,Crypto / Money Transfer,0.0001052129787404,0,0,
5cb048e0-8b5a-446a-8d48-ec4b688a8f09,CUST002858,MERCH00189,2025-05-13 14:15:00,250.0,card_not_present,NL,NL,Crypto / Money Transfer,0.9986942959025856,1,1,merchant_collusion
b2ca0288-79e4-4e48-b10d-eafe2ee8bc64,CUST000047,MERCH00075,2025-05-13 14:17:00,269.28,card_not_present,DE,FR,Fuel Stations,0.0005799644134727,0,0,
40bd36fd-e056-439a-a97a-3b9f0bd9b74b,CUST003008,MERCH00222,2025-05-13 14:19:00,683.05,card_present,FR,FR,Hotels,0.0001085053738435,0,0,
9d7e2d31-e84b-43be-a04a-f818f887892a,CUST005222,MERCH00275,2025-05-13 14:20:00,278.68,online,NL,PL,Hotels,0.0003549341170108,0,0,
79a7738f-d5a0-4f9b-92ac-548c8efdba92,CUST000383,MERCH00411,2025-05-13 14:25:00,48.14,card_not_present,IT,IT,Jewelry,8.643187424878454e-05,0,0,
8a50f53c-2cc9-4e92-97cd-6aa77aabe2fe,CUST005544,MERCH00031,2025-05-13 14:26:00,13.09,card_not_present,DE,DE,Airlines,6.60676807043181e-05,0,0,
af52cb93-0b6b-4e9e-8f41-fc586472bb03,CUST003601,MERCH00141,2025-05-13 14:28:00,62.56,card_present,PL,PL,Grocery Stores,4.812442096995302e-05,0,0,
bffe8a88-8c34-4b3b-beeb-d8feca76e5d6,CUST000357,MERCH00306,2025-05-13 14:29:00,1.62,card_present,IT,IT,Electronics,0.0018830438996104,0,0,
00685d6d-37ce-4d13-a366-5f2b2e11a45f,CUST000085,MERCH00409,2025-05-13 14:34:00,9.84,card_not_present,ES,ES,Airlines,0.0001052129787404,0,0,
0e93aaa0-6478-4784-959a-d2c3d2e1bee1,CUST004481,MERCH00179,2025-05-13 14:34:00,82.66,card_present,ES,FR,Fuel Stations,0.0002864130944693,0,0,
24aa3a5c-49f6-4d98-87cc-fbdf289378d9,CUST004341,,2025-05-13 14:35:00,7.03,wire_transfer,IT,IT,N/A (wire/ATM),5.215210282126032e-05,0,0,
e9a13c5a-7cae-4fbb-9932-9d6cd3d8121e,CUST005151,MERCH00083,2025-05-13 14:37:00,189.74,atm_withdrawal,PL,PL,Direct Marketing / Subscriptions,6.483629147418578e-05,0,0,
30b5a561-6579-4c05-b77f-1ae416e46d5b,CUST005720,MERCH00113,2025-05-13 14:37:00,10.85,online,ES,FR,Crypto / Money Transfer,0.0005665197976678,0,0,
4cd2ab80-9238-47ae-9cdf-f794c199b4c7,CUST000490,MERCH00126,2025-05-13 14:37:00,47.84,atm_withdrawal,IT,IT,Crypto / Money Transfer,6.962877213748992e-05,0,0,
784d167f-dafa-4570-973a-9518cb295beb,CUST004790,MERCH00222,2025-05-13 14:44:00,38.68,online,NL,NL,Hotels,7.8094632876302e-05,0,0,
25dedc13-fd1a-4b6b-be85-6280b8d3713b,CUST004614,MERCH00336,2025-05-13 14:48:00,92.16,card_not_present,PL,FR,Restaurants,0.0007303312852809,0,0,
3e88682c-b021-419f-867e-52ea6e0a729a,CUST004820,MERCH00371,2025-05-13 14:51:00,77.79,card_present,DE,DE,Grocery Stores,4.350563991435366e-05,0,0,
bbaeb2de-dbb7-4a48-aaa8-888c58bfdb7f,CUST003186,MERCH00263,2025-05-13 14:52:00,133.97,card_present,ES,ES,Clothing Stores,4.689478247181653e-05,0,0,
d7c58c17-f5c7-46bf-910e-2f58e2fef2a0,CUST005390,MERCH00155,2025-05-13 14:52:00,114.34,card_not_present,IE,IE,Hotels,6.962877213748992e-05,0,0,
a9de7140-b1eb-46d6-abec-0c5a87067b9a,CUST005778,MERCH00275,2025-05-13 14:53:00,7.92,atm_withdrawal,NL,DE,Hotels,0.0002143338252879,0,0,
66db4dfe-1ffd-417e-8361-5ef3015de55d,CUST004457,MERCH00082,2025-05-13 14:55:00,154.84,card_present,PL,PL,Restaurants,4.350563991435366e-05,0,0,
b9281237-d7dc-4ae3-9884-bf891f4db3e2,CUST002740,MERCH00309,2025-05-13 14:58:00,360.27,online,IE,FR,Fuel Stations,0.003251583659134,0,0,
9df232f7-d1d0-4935-9203-cc3cef33e161,CUST005595,,2025-05-13 14:58:00,54.34,wire_transfer,IT,IT,N/A (wire/ATM),3.451305870562638e-05,0,0,
983928d5-91ad-435c-80e1-5643e53d46ac,CUST004782,,2025-05-13 14:59:00,112.08,wire_transfer,IT,IT,N/A (wire/ATM),5.337853416143864e-05,0,0,
d76c1e17-4749-4a49-889e-ad92d3988bb9,CUST004988,MERCH00242,2025-05-13 15:00:00,82.71,online,ES,SE,Electronics,0.0005881699729265,0,0,
a2e6030a-1e29-4d98-9804-b7c42293ec20,CUST000187,MERCH00030,2025-05-13 15:03:00,15.25,online,DE,SE,Electronics,0.0005192008845981,0,0,
de1db789-8347-4467-bf12-40a907af7bdd,CUST003038,MERCH00448,2025-05-13 15:04:00,98.87,online,SE,PL,Clothing Stores,0.0003402539606532,0,0,
852923de-4da3-43a8-886b-50777aa30857,CUST001455,MERCH00101,2025-05-13 15:04:00,530.39,atm_withdrawal,IE,DE,Clothing Stores,0.0057998933622034,0,0,
ac5a94f5-0d51-4166-b307-f0ec71380e66,CUST001251,MERCH00113,2025-05-13 15:04:00,59.56,atm_withdrawal,ES,ES,Crypto / Money Transfer,0.0001052129787404,0,0,
80dcbb58-c0a9-453d-a6ff-971b31510d93,CUST003550,MERCH00260,2025-05-13 15:05:00,44.94,online,FR,DE,Crypto / Money Transfer,0.0003357238799902,0,0,
e0e3958b-a824-4d83-909c-eed5826b236b,CUST001840,MERCH00273,2025-05-13 15:06:00,7.45,card_not_present,FR,NL,Utilities,0.0003979793669323,0,0,
13175898-5b0e-45d6-a415-052dc1e81fd1,CUST001070,,2025-05-13 15:08:00,93.47,wire_transfer,DE,DE,N/A (wire/ATM),5.215210282126032e-05,0,0,
d3b716e8-e32e-46c9-9c76-28a43e238a20,CUST001255,MERCH00342,2025-05-13 15:08:00,173.12,card_not_present,IT,FR,Grocery Stores,0.0003819443434056,0,0,
e42008fe-f94a-46e7-98d1-ad1254490b7c,CUST005929,MERCH00300,2025-05-13 15:10:00,213.81,card_present,FR,ES,Misc Retail,0.0003156163855774,0,0,
34fbac5f-7813-4edc-9c86-5d4dbc03c3fb,CUST004463,MERCH00132,2025-05-13 15:15:00,41.64,card_present,ES,PL,Restaurants,0.0005421778410369,0,0,
9c566c61-6dc9-4806-8e8b-ff2d0b8fad66,CUST002050,MERCH00276,2025-05-13 15:15:00,49.8,atm_withdrawal,SE,DE,Misc Retail,0.0005887034773244,0,0,
50a1f424-16a6-49e7-a058-b999315f272a,CUST004369,,2025-05-13 15:20:00,32.98,wire_transfer,SE,SE,N/A (wire/ATM),5.215210282126032e-05,0,0,
443b182c-15a9-4a66-926f-9d53ccc65d6d,CUST005210,MERCH00283,2025-05-13 15:23:00,11.38,card_present,FR,PL,Direct Marketing / Subscriptions,0.0003588602692009,0,0,
72e113d1-048f-415f-a3ff-2e832fc9940d,CUST001161,MERCH00300,2025-05-13 15:24:00,76.51,online,FR,FR,Misc Retail,6.572915208119079e-05,0,0,
0cc4dabd-d316-4132-9ce4-59e1d8e7a606,CUST000343,MERCH00045,2025-05-13 15:25:00,50.08,atm_withdrawal,DE,DE,Jewelry,6.60676807043181e-05,0,0,
a0f15b02-5ff0-42f4-99f8-6a3da6db8516,CUST003378,MERCH00078,2025-05-13 15:28:00,45.63,card_present,DE,DE,Fuel Stations,5.9645998429748846e-05,0,0,
b02f3dfe-bfb1-4a31-a194-92b924c546d5,CUST004518,MERCH00091,2025-05-13 15:31:00,13.21,atm_withdrawal,NL,PL,Restaurants,0.0006726559386034,0,0,
49495cdc-ecb7-40b0-a8e3-ace433741ebb,CUST003790,MERCH00152,2025-05-13 15:32:00,19.08,atm_withdrawal,ES,ES,Misc Retail,0.000142062171398,0,0,
44796bf3-bf30-4dad-96fc-141c9770828d,CUST004088,MERCH00065,2025-05-13 15:33:00,81.21,card_not_present,PL,PL,Restaurants,8.048294549865586e-05,0,0,
09fedd72-bb08-4780-9627-a5071e29cbee,CUST001397,MERCH00395,2025-05-13 15:33:00,107.81,card_not_present,DE,DE,Crypto / Money Transfer,6.962877213748992e-05,0,0,
4fcd5229-9458-4a96-83a7-8cf4512c5bc4,CUST004012,MERCH00192,2025-05-13 15:34:00,165.97,card_not_present,IT,FR,Restaurants,0.0004452416318322,0,0,
f1c6df7b-9f2f-47f6-a60d-547239dcda63,CUST001896,MERCH00204,2025-05-13 15:35:00,223.56,online,NL,PL,Restaurants,0.0003305108377448,0,0,
451d919b-bc6a-43d3-b78a-1a0d91fa6453,CUST001252,MERCH00318,2025-05-13 15:35:00,15.04,card_present,NL,PL,Direct Marketing / Subscriptions,0.0004993538261975,0,0,
eb7c8d6c-6f19-4550-8770-7e5363edc498,CUST002938,MERCH00055,2025-05-13 15:40:00,61.72,atm_withdrawal,FR,DE,Utilities,0.0005053352680898,0,0,
383b2b1d-18b0-45cd-88bd-e22884ef2b14,CUST002247,,2025-05-13 15:41:00,10.1,wire_transfer,DE,DE,N/A (wire/ATM),5.049350963201199e-05,0,0,
e67acecc-e4d2-4a24-adb2-f448c9c314a1,CUST001943,MERCH00296,2025-05-13 15:42:00,52.82,card_present,NL,ES,Jewelry,0.0005881699729265,0,0,
a3a00b76-38bd-4617-a83a-26f6c26b5735,CUST001005,MERCH00405,2025-05-13 15:44:00,139.7,card_not_present,FR,FR,Jewelry,6.962877213748992e-05,0,0,
1190542a-a55d-4908-b098-64eae315de3b,CUST004538,MERCH00271,2025-05-13 15:44:00,34.07,card_not_present,DE,DE,Utilities,7.780300072496777e-05,0,0,
ca4e89f3-4c7f-498d-86ec-da3bee9339e7,CUST001760,MERCH00002,2025-05-13 15:44:00,60.45,card_not_present,IT,IT,Jewelry,0.0001052129787404,0,0,
a078a160-0301-49ab-9197-fc1f3832f928,CUST000672,MERCH00256,2025-05-13 15:46:00,154.98,card_not_present,FR,FR,Direct Marketing / Subscriptions,6.483629147418578e-05,0,0,
77c37862-1102-4357-a251-4b3302865614,CUST005923,MERCH00039,2025-05-13 15:46:00,8.75,online,FR,FR,Direct Marketing / Subscriptions,6.728629562284225e-05,0,0,
bb859ed0-1915-4cb9-b6bf-c8d0e60e0e0b,CUST001747,MERCH00211,2025-05-13 15:48:00,32.72,online,DE,DE,Jewelry,5.168168020254222e-05,0,0,
4fdb2a14-de62-4d83-9988-13106694008a,CUST004008,MERCH00097,2025-05-13 15:50:00,47.18,atm_withdrawal,ES,FR,Utilities,0.0005644052479112,0,0,
492bff61-ca57-4dc5-b4be-778a1f3b7894,CUST001547,MERCH00035,2025-05-13 15:51:00,60.67,atm_withdrawal,DE,DE,Clothing Stores,9.546833997705238e-05,0,0,
b06315e6-19d4-4e46-a777-306fd7b77cea,CUST005241,MERCH00369,2025-05-13 15:52:00,5.54,card_present,ES,ES,Restaurants,7.271949762886276e-05,0,0,
f464a92d-dd27-4b2d-846e-3cfc1d7fc9a1,CUST000225,MERCH00198,2025-05-13 15:54:00,26.86,card_present,FR,FR,Direct Marketing / Subscriptions,7.271949762886276e-05,0,0,
f649ac17-0189-49ba-b102-9911348a8739,CUST004329,MERCH00362,2025-05-13 15:56:00,24.69,card_not_present,FR,SE,Grocery Stores,0.0004587126115406,0,0,
fa434a5b-3ddb-4464-9e0f-a0344f1d1e46,CUST001819,MERCH00166,2025-05-13 15:57:00,26.63,atm_withdrawal,DE,DE,Grocery Stores,9.79715117179777e-05,0,0,
2c66f308-0dc9-478d-a781-8ca10699a4e0,CUST004550,MERCH00404,2025-05-13 16:00:00,47.41,online,ES,DE,Clothing Stores,0.0005283311961871,0,0,
bfeca3fc-54a6-4083-860f-a1e4ba2c5d2e,CUST000223,MERCH00245,2025-05-13 16:03:00,2.9,card_present,IE,IE,Misc Retail,3.2697952387429265e-05,0,0,
c56ec07b-3359-4fa5-ba82-bc83c54c65c2,CUST000104,MERCH00014,2025-05-13 16:04:00,30.23,card_not_present,ES,IT,Crypto / Money Transfer,0.0006509264837372,0,0,
07e65856-6c8d-461d-a411-d358abbb1c19,CUST004253,MERCH00184,2025-05-13 16:05:00,5.81,card_present,DE,IT,Jewelry,0.0005362471576831,0,0,
2c8985e5-7131-46e4-a724-0114f8bc0410,CUST003880,MERCH00068,2025-05-13 16:07:00,26.01,card_present,IT,IT,Grocery Stores,4.076754472567395e-05,0,0,
4d7f6515-abe4-4986-b6b6-8949687b1ff8,CUST003730,MERCH00240,2025-05-13 16:10:00,61.95,card_present,DE,DE,Airlines,7.17450532250541e-05,0,0,
323a4775-dbec-481a-8b5c-43a14d44a1db,CUST005848,MERCH00317,2025-05-13 16:10:00,20.89,online,SE,FR,Clothing Stores,0.000434053913167,0,0,
8b83bbb7-582d-461c-92fa-bb45230593b0,CUST003813,MERCH00431,2025-05-13 16:11:00,79.15,online,PL,PL,Hotels,4.9038429182940645e-05,0,0,
fa9d3353-c28e-45de-bcbd-c848865608da,CUST004867,MERCH00143,2025-05-13 16:11:00,100.23,card_not_present,DE,IT,Fuel Stations,0.0003652206265748,0,0,
c9b4b6b2-2e47-45c9-9175-b83db1cbc292,CUST001227,MERCH00448,2025-05-13 16:15:00,19.86,card_not_present,DE,DE,Clothing Stores,9.546833997705238e-05,0,0,
bee0850f-213c-446f-afbb-39455801898e,CUST002995,MERCH00422,2025-05-13 16:17:00,237.71,card_present,PL,PL,Hotels,7.8094632876302e-05,0,0,
d88a0ad1-2d93-4bca-8ebe-4ec3eab1b5c4,CUST001082,MERCH00435,2025-05-13 16:19:00,460.38,card_present,SE,SE,Clothing Stores,4.022575811590119e-05,0,0,
1dbac92c-346f-4b06-8360-f96b3c5a84d5,CUST003746,,2025-05-13 16:19:00,489.34,wire_transfer,IT,IT,N/A (wire/ATM),3.835296651872995e-05,0,0,
2b98c107-414f-4ad4-a0f6-c1ae1a65e66f,CUST003321,MERCH00314,2025-05-13 16:20:00,44.75,card_not_present,IE,IE,Grocery Stores,6.723985256735145e-05,0,0,
cbbba9f5-d430-4939-ba0a-e8f50c7ebe04,CUST001236,MERCH00331,2025-05-13 16:20:00,87.52,online,FR,FR,Misc Retail,4.34982364947671e-05,0,0,
24067fe0-14f9-404c-8ec5-5206d401076d,CUST004707,MERCH00420,2025-05-13 16:20:00,47.72,card_present,FR,FR,Fuel Stations,5.9645998429748846e-05,0,0,
44489f62-798a-4f09-ac46-aaff5051efe4,CUST003693,MERCH00202,2025-05-13 16:21:00,39.4,online,DE,DE,Fuel Stations,5.9645998429748846e-05,0,0,
56b2dbd5-2251-4bba-ae06-c537a93917a4,CUST005149,MERCH00047,2025-05-13 16:23:00,82.85,card_not_present,ES,ES,Misc Retail,7.750931018863143e-05,0,0,
c7816915-74e7-43e5-816c-535b1a3957e2,CUST000968,MERCH00353,2025-05-13 16:24:00,52.14,online,PL,PL,Utilities,3.947244601738204e-05,0,0,
cf2096df-f7d8-4e29-9896-f51ad5ce2232,CUST004705,MERCH00284,2025-05-13 16:26:00,57.22,card_not_present,DE,DE,Utilities,8.035857446094911e-05,0,0,
36de42dc-44ff-444d-aef3-8ec78c8dca3b,CUST005550,MERCH00397,2025-05-13 16:26:00,80.75,card_present,FR,FR,Utilities,5.9645998429748846e-05,0,0,
62e310d1-b4f3-4c95-9fc5-606f62b0c65a,CUST000459,MERCH00013,2025-05-13 16:29:00,524.07,card_present,DE,IE,Fuel Stations,0.0005334536443355,0,0,
9092b773-c43d-4904-91a6-c017bdd02746,CUST000905,MERCH00222,2025-05-13 16:31:00,364.87,online,SE,DE,Hotels,0.0003549341170108,0,0,
dd093afe-8048-44c0-9935-984dee28917e,CUST003412,MERCH00104,2025-05-13 16:34:00,44.03,card_present,NL,ES,Airlines,0.0003694031945654,0,0,
a63abf0d-7e4e-42aa-a031-5c95c6bd9e38,CUST004416,MERCH00072,2025-05-13 16:34:00,236.74,card_present,FR,FR,Grocery Stores,6.237810501200828e-05,0,0,
41f70526-4fd7-4d4b-8d7d-54218ff9b055,CUST002946,MERCH00168,2025-05-13 16:36:00,61.76,card_not_present,DE,DE,Fuel Stations,4.561714421858141e-05,0,0,
e57e649e-3a3c-40be-8ac4-c7ead189b264,CUST004301,MERCH00160,2025-05-13 16:37:00,75.97,card_present,ES,ES,Hotels,5.168168020254222e-05,0,0,
86319d44-9f2a-40ad-9ad8-93638f61557f,CUST003475,MERCH00341,2025-05-13 16:40:00,75.38,card_present,IT,IT,Jewelry,5.168168020254222e-05,0,0,
b3a3391e-142e-4283-8ca6-1bc5783e18e4,CUST004989,MERCH00329,2025-05-13 16:41:00,45.65,card_present,IT,IT,Jewelry,7.993109117422968e-05,0,0,
5054a668-f39e-4f11-9546-af7cf892f2b7,CUST001003,MERCH00386,2025-05-13 16:45:00,510.53,online,FR,FR,Fuel Stations,0.0002160581076428,0,0,
599550ee-c1cd-463a-b665-2baf49539df7,CUST005127,,2025-05-13 16:46:00,13.63,wire_transfer,DE,DE,N/A (wire/ATM),3.71273418139634e-05,0,0,
eb1ef944-d73a-4bc4-8125-e2c526b31a30,CUST001860,MERCH00258,2025-05-13 16:49:00,209.98,card_not_present,FR,PL,Fuel Stations,0.0003804529419162,0,0,
ca34c2de-8bb4-4a7d-8e98-c4d871de67f5,CUST005463,MERCH00002,2025-05-13 16:49:00,6.45,atm_withdrawal,IT,IT,Jewelry,0.0001052129787404,0,0,
4cbf5568-ef2a-4f18-9d2e-9c87337cfa20,CUST004776,MERCH00366,2025-05-13 16:54:00,197.25,card_present,NL,NL,Grocery Stores,4.350563991435366e-05,0,0,
3df4ea9d-2af8-4a41-a32a-401b6d119027,CUST000721,MERCH00013,2025-05-13 16:55:00,15.34,card_not_present,DE,FR,Fuel Stations,0.0005219265464563,0,0,
23f991fb-2959-4aa6-a0bf-cca19ad5db6a,CUST005220,MERCH00090,2025-05-13 16:57:00,139.56,online,DE,DE,Restaurants,5.97383145101478e-05,0,0,
9b3f225a-1390-4308-8226-8c5231a37839,CUST000840,MERCH00210,2025-05-13 16:59:00,17.54,card_not_present,IT,ES,Hotels,0.0007922715391075,0,0,
eb24a967-861b-4bb5-a51a-8aebcb8b160f,CUST001064,MERCH00339,2025-05-13 17:00:00,139.12,online,DE,DE,Restaurants,4.812442096995302e-05,0,0,
e567191b-878f-47af-8078-0bbfa66811be,CUST004129,MERCH00312,2025-05-13 17:01:00,217.73,online,IE,IT,Airlines,0.0005881699729265,0,0,
604258e6-1802-4137-b3bc-f9cc49516e8f,CUST002234,MERCH00441,2025-05-13 17:03:00,17.92,online,DE,FR,Grocery Stores,0.0004723307984616,0,0,
c075f3b3-0a01-4985-b8a2-67dd671c998d,CUST002859,MERCH00001,2025-05-13 17:04:00,312.46,atm_withdrawal,DE,DE,Electronics,0.0001169180090136,0,0,
f29ad6b6-a4b6-4f29-bd24-0041e1e48480,CUST005985,MERCH00350,2025-05-13 17:06:00,76.39,card_present,SE,PL,Utilities,0.0002327142580692,0,0,
04e69fa5-59a0-4e82-8a83-de366d6950fc,CUST002883,MERCH00169,2025-05-13 17:08:00,217.04,card_present,NL,DE,Direct Marketing / Subscriptions,0.0001481449686311,0,0,
2a21f32d-2639-4d11-82fd-fc23f9694cf4,CUST004507,MERCH00188,2025-05-13 17:09:00,18.52,card_present,ES,PL,Electronics,0.0005881699729265,0,0,
560744fb-7be1-470e-92b1-497274656bd4,CUST004673,MERCH00206,2025-05-13 17:10:00,77.68,card_present,DE,DE,Airlines,7.410059585027263e-05,0,0,
a3872501-4117-4892-93f4-932e5529291a,CUST004254,MERCH00122,2025-05-13 17:12:00,46.06,card_present,DE,DE,Fuel Stations,5.774909066208043e-05,0,0,
23f9a05e-3e49-41ea-83a4-b5d0e089e312,CUST004093,MERCH00078,2025-05-13 17:18:00,38.32,card_present,DE,DE,Fuel Stations,3.639526273850135e-05,0,0,
82c7d2bf-039a-4b10-af64-7d1b64cd0b35,CUST000500,MERCH00022,2025-05-13 17:20:00,32.73,card_present,DE,DE,Misc Retail,4.34982364947671e-05,0,0,
4ad23294-4881-419a-a979-5ffa5c416ac8,CUST003521,MERCH00088,2025-05-13 17:21:00,236.92,card_not_present,IT,NL,Misc Retail,0.0004855696523583,0,0,
6de5b025-9ed2-425d-9811-7e8015094e42,CUST002794,MERCH00123,2025-05-13 17:21:00,11.62,card_not_present,ES,IT,Grocery Stores,0.0007474941488128,0,0,
1aa6fe32-ce36-4426-831f-f693f946dba4,CUST001615,MERCH00303,2025-05-13 17:21:00,141.78,card_present,IT,IT,Misc Retail,4.34982364947671e-05,0,0,
0ce38dd2-fc46-4b14-b15d-0e5eba807d9b,CUST004489,MERCH00055,2025-05-13 17:22:00,67.84,card_present,FR,SE,Utilities,0.0003368775889327,0,0,
0f7d6c99-25a5-4f47-b31d-d8a2189ab6d9,CUST001691,MERCH00168,2025-05-13 17:23:00,58.65,online,IT,FR,Fuel Stations,0.0004096114978954,0,0,
f5b4643b-9829-475f-8005-47591dc5eb4e,CUST003974,MERCH00447,2025-05-13 17:24:00,378.93,online,IE,IE,Jewelry,4.9038429182940645e-05,0,0,
39497da3-fca2-4910-bb8e-86d40cb20a32,CUST005125,,2025-05-13 17:30:00,19.17,wire_transfer,PL,PL,N/A (wire/ATM),3.451305870562638e-05,0,0,
35ebe50c-a697-4092-86e9-0b37513a9348,CUST000959,MERCH00031,2025-05-13 17:34:00,164.97,card_present,IT,IT,Airlines,5.168168020254222e-05,0,0,
2ac6e9d2-2ecd-4f62-a568-350d36ddf4c2,CUST002480,MERCH00013,2025-05-13 17:35:00,42.23,online,DE,IE,Fuel Stations,0.0002541433402874,0,0,
0cc7ccf4-1006-4ef0-8c00-1eb2921a7127,CUST001661,,2025-05-13 17:36:00,99.09,wire_transfer,ES,ES,N/A (wire/ATM),5.215210282126032e-05,0,0,
35684577-6d09-46a1-a848-6553e57e5e7c,CUST005167,MERCH00399,2025-05-13 17:37:00,120.39,card_not_present,IE,IE,Restaurants,6.483629147418578e-05,0,0,
897fc753-b181-4317-9011-8ba708a41e0e,CUST001727,MERCH00321,2025-05-13 17:38:00,427.52,card_present,IE,ES,Hotels,0.0003694031945654,0,0,
cbb8ac68-a151-4b6c-be8a-b9c08dc89370,CUST004538,MERCH00066,2025-05-13 17:40:00,270.44,card_present,DE,DE,Misc Retail,4.34982364947671e-05,0,0,
e046e3f9-1218-4dbb-b295-33b29a184703,CUST000318,MERCH00029,2025-05-13 17:46:00,107.38,card_present,DE,DE,Jewelry,5.168168020254222e-05,0,0,
2bff2869-2d43-40a3-bc22-67eb8fea3e0c,CUST000753,MERCH00116,2025-05-13 17:47:00,26.6,card_not_present,SE,SE,Electronics,9.380497834453157e-05,0,0,
2bfac946-9918-4ce7-b845-80af717a1926,CUST001983,MERCH00270,2025-05-13 17:47:00,9.23,online,NL,NL,Restaurants,4.812442096995302e-05,0,0,
fded6768-cd6f-4c4c-9e44-c748f6e8b5e8,CUST003277,,2025-05-13 17:47:00,63.11,wire_transfer,IT,IT,N/A (wire/ATM),5.215210282126032e-05,0,0,
320fa114-b705-4f7e-b8fd-a17dd589152a,CUST001848,MERCH00405,2025-05-13 17:51:00,23.7,card_not_present,DE,IT,Jewelry,0.0004781389508795,0,0,
136bbe86-ff15-42ba-a849-acb32cb29145,CUST004102,MERCH00136,2025-05-13 17:56:00,86.05,card_present,PL,PL,Crypto / Money Transfer,5.168168020254222e-05,0,0,
53e27d04-1a7e-4223-8ec5-f5fda2615ec2,CUST001244,MERCH00081,2025-05-13 17:56:00,353.78,card_present,FR,ES,Misc Retail,0.0003156163855774,0,0,
de31b672-c0cb-47ca-a4e6-51387b6223af,CUST004349,MERCH00188,2025-05-13 17:57:00,14.38,card_not_present,DE,IT,Electronics,0.0004781389508795,0,0,
94822bc3-2b41-4d6e-9d74-1a95671b8eed,CUST004304,MERCH00377,2025-05-13 17:58:00,56.37,card_not_present,FR,FR,Airlines,6.962877213748992e-05,0,0,
929e7bf5-d235-460c-a200-23220c377615,CUST002658,MERCH00431,2025-05-13 17:59:00,25.55,card_not_present,ES,IT,Hotels,0.0005244383171421,0,0,
7a51e446-3400-4efa-8d2f-6c191ec7e341,CUST005523,MERCH00154,2025-05-13 18:01:00,219.73,card_present,DE,PL,Utilities,0.0002564299768675,0,0,
7523572a-769b-4fc9-a35f-fdb40d3e2876,CUST003274,MERCH00436,2025-05-13 18:01:00,123.71,atm_withdrawal,SE,DE,Grocery Stores,0.0004452416318322,0,0,
d7a06fa8-7d76-419c-bfbd-7e59c424c89b,CUST001735,MERCH00428,2025-05-13 18:10:00,357.13,card_present,FR,IE,Utilities,0.0004096114978954,0,0,
0504ab9a-e2c5-41f1-9669-502d5bbdb0de,CUST000088,MERCH00266,2025-05-13 18:13:00,8.78,atm_withdrawal,IT,FR,Electronics,0.0005934669020501,0,0,
fccac6b4-373d-4402-b9aa-aee6a1773206,CUST000032,MERCH00377,2025-05-13 18:15:00,118.65,card_present,ES,ES,Airlines,5.559637374688335e-05,0,0,
3e74d8ca-e3b8-4fb0-b9cc-df59bbcf8d56,CUST002550,MERCH00337,2025-05-13 18:15:00,121.18,online,FR,FR,Jewelry,5.168168020254222e-05,0,0,
54326532-eecd-4fc4-973e-1d6c4b272ccd,CUST002999,MERCH00282,2025-05-13 18:18:00,218.19,card_present,SE,PL,Jewelry,0.0003749749729195,0,0,
db77802b-8aaf-42b0-8da6-64ba20110e49,CUST001170,MERCH00260,2025-05-13 18:18:00,55.96,card_present,ES,ES,Crypto / Money Transfer,5.168168020254222e-05,0,0,
f0a2f5dd-917f-425f-90fa-69e589e9f14a,CUST004697,MERCH00421,2025-05-13 18:18:00,108.48,online,NL,NL,Restaurants,4.812442096995302e-05,0,0,
57b10d26-3677-4dc1-9c33-5725cbba18e3,CUST003306,,2025-05-13 18:22:00,147.81,wire_transfer,FR,FR,N/A (wire/ATM),3.451305870562638e-05,0,0,
95710263-4bc2-40e7-8583-63363866c672,CUST002128,MERCH00413,2025-05-13 18:22:00,1184.12,online,ES,IE,Jewelry,0.0035194411549721,0,0,
ea3dd6b3-4f24-465a-8632-d27df95dad60,CUST002927,MERCH00135,2025-05-13 18:23:00,72.24,card_present,FR,FR,Grocery Stores,7.271949762886276e-05,0,0,
5d3c53f2-77a2-4d12-aedd-d533559c80d4,CUST000417,MERCH00244,2025-05-13 18:27:00,8.19,atm_withdrawal,FR,DE,Restaurants,0.0008658890485362,0,0,
a210d3e9-4399-4465-ac70-8c4b9ca04244,CUST004205,MERCH00047,2025-05-13 18:27:00,37.43,card_not_present,IE,FR,Misc Retail,0.0004024560672336,0,0,
ba76f6d1-4e7f-4b42-9112-9a53a3b606ab,CUST001560,MERCH00236,2025-05-13 18:29:00,118.73,online,FR,ES,Electronics,0.0003749749729195,0,0,
49c6b702-b052-4baa-989c-d008ab5703d5,CUST002319,MERCH00443,2025-05-13 18:32:00,8.51,atm_withdrawal,IT,SE,Electronics,0.0007517794186447,0,0,
e6cb2140-66e0-4690-a610-141e229e1b8d,CUST004256,MERCH00436,2025-05-13 18:34:00,513.68,card_present,PL,PL,Grocery Stores,0.0001309609125311,0,0,
5291d144-f5e7-4de8-8843-ca7d4738c228,CUST005184,MERCH00133,2025-05-13 18:37:00,122.31,online,DE,DE,Utilities,3.947244601738204e-05,0,0,
cac35aeb-5e2c-4af4-a223-ec89d55942aa,CUST002587,MERCH00322,2025-05-13 18:39:00,5.71,atm_withdrawal,ES,ES,Direct Marketing / Subscriptions,9.79715117179777e-05,0,0,
40292b01-14e0-45be-a03c-cbc415ff56a8,CUST001962,,2025-05-13 18:40:00,111.96,wire_transfer,DE,DE,N/A (wire/ATM),3.451305870562638e-05,0,0,
0f70c80c-2161-4969-893c-bd1c52debbca,CUST000188,MERCH00137,2025-05-13 18:42:00,466.4,card_not_present,FR,FR,Grocery Stores,6.180355796926003e-05,0,0,
cb26f330-3c53-4168-8b4d-a6cf2c383227,CUST004861,MERCH00335,2025-05-13 18:42:00,50.94,online,SE,ES,Misc Retail,0.0004900817433714,0,0,
ddc360fa-b847-4d7e-9455-8c5e0dd28fc6,CUST004331,MERCH00230,2025-05-13 18:46:00,197.03,card_not_present,IT,IT,Jewelry,0.0001052129787404,0,0,
c98a5718-3380-4ca6-8ef6-78d4357b8bfa,CUST002098,MERCH00056,2025-05-13 18:48:00,195.76,atm_withdrawal,PL,PL,Airlines,0.000608579825285,0,0,
0f1b0771-3e1e-4cbb-9e3a-f6310a13685d,CUST003684,MERCH00301,2025-05-13 18:52:00,33.96,card_present,ES,ES,Fuel Stations,5.9645998429748846e-05,0,0,
d4ab7360-c816-4eb2-9eb2-304aa0351d92,CUST001729,MERCH00341,2025-05-13 18:57:00,462.66,online,IT,IT,Jewelry,5.168168020254222e-05,0,0,
3ecce3c9-de9b-4edd-b8a4-6d78715d29aa,CUST004104,MERCH00327,2025-05-13 19:09:00,63.81,card_present,DE,NL,Utilities,0.0001215131386249,0,0,
36a68451-ceec-4dd7-87ba-35b0bff90641,CUST000817,MERCH00012,2025-05-13 19:09:00,41.5,card_not_present,PL,SE,Grocery Stores,0.0007106237575627,0,0,
44885b35-9fea-4c41-ab72-1e034ac54639,CUST001031,MERCH00359,2025-05-13 19:13:00,78.29,card_present,SE,NL,Utilities,0.0003717805597319,0,0,
60ad4cc3-8525-4ba0-8702-edfe3f7e1fec,CUST002290,MERCH00041,2025-05-13 19:17:00,67.11,card_present,DE,ES,Restaurants,0.0003588602692009,0,0,
47a8c28b-4fc1-4316-9d02-2ee840630120,CUST001595,MERCH00439,2025-05-13 19:22:00,116.99,online,IT,IE,Hotels,0.0003893079040574,0,0,
22095b0b-94fa-4e75-bd04-3c1805ffbc1c,CUST003602,MERCH00002,2025-05-13 19:31:00,82.19,card_not_present,IT,FR,Jewelry,0.0004781389508795,0,0,
0b8aa727-1104-47ef-9006-69f2c4f248a0,CUST004793,MERCH00183,2025-05-13 19:32:00,40.07,atm_withdrawal,PL,ES,Fuel Stations,0.0005172736496558,0,0,
e990f691-c420-44bf-a316-1a2be66358e6,CUST005286,MERCH00086,2025-05-13 19:35:00,123.51,card_present,DE,FR,Hotels,0.0003357238799902,0,0,
57120d64-23ff-4676-a981-8249ea5bab11,CUST004228,MERCH00297,2025-05-13 19:46:00,22.05,card_not_present,PL,PL,Grocery Stores,9.79715117179777e-05,0,0,
371b7984-4cdd-49ba-84f5-54fb651d91c0,CUST005144,MERCH00133,2025-05-13 19:48:00,56.44,card_present,DE,IE,Utilities,0.0003839886252206,0,0,
9f029fe5-6d40-4b00-89d8-a9b2d5ebfcd4,CUST005510,MERCH00032,2025-05-13 19:49:00,27.41,online,IT,IT,Restaurants,7.271949762886276e-05,0,0,
f6c33bc0-ca14-4718-9537-f850a1fc0167,CUST003644,MERCH00091,2025-05-13 19:51:00,21.96,card_present,PL,PL,Restaurants,4.812442096995302e-05,0,0,
60196153-f31c-426f-81cb-a8d0ec11464e,CUST002405,MERCH00307,2025-05-13 19:52:00,1303.29,card_present,IE,DE,Misc Retail,0.0003809962491182,0,0,
e6856349-67dc-4029-85b8-dd3bd220674f,CUST000594,MERCH00384,2025-05-13 19:56:00,49.8,online,FR,FR,Restaurants,4.812442096995302e-05,0,0,
47f772a1-1fe5-42a7-b960-0457eecc692f,CUST004517,MERCH00205,2025-05-13 19:57:00,47.83,card_not_present,IT,NL,Misc Retail,0.0006264233876927,0,0,
5f1daa8e-c210-4a72-98e5-7ae2ce6b470d,CUST005592,,2025-05-13 19:57:00,32.5,wire_transfer,ES,ES,N/A (wire/ATM),3.451305870562638e-05,0,0,
a643a58c-f701-48f2-b39f-be9d2ace5b45,CUST004030,MERCH00090,2025-05-13 20:01:00,2237.19,card_present,PL,DE,Restaurants,0.0005492390530673,0,0,
348a725d-720d-4318-9ca5-c7553f2954dd,CUST001224,MERCH00358,2025-05-13 20:01:00,275.14,atm_withdrawal,FR,IE,Direct Marketing / Subscriptions,0.000494756411107,0,0,
defa15a8-4f6f-4bba-8bab-38120c145f44,CUST002016,MERCH00114,2025-05-13 20:02:00,85.54,card_present,ES,ES,Grocery Stores,4.812442096995302e-05,0,0,
a7399641-ba02-47ac-9e32-5f5287e04caf,CUST005887,MERCH00280,2025-05-13 20:04:00,7.02,card_present,DE,IE,Crypto / Money Transfer,0.0005881699729265,0,0,
ec956441-3833-4aff-be21-32decfd8d13d,CUST005683,MERCH00000,2025-05-13 20:07:00,13.13,card_present,PL,NL,Direct Marketing / Subscriptions,0.0004993538261975,0,0,
723a3b80-b1d4-4628-aa44-bab9a494f5ae,CUST002950,MERCH00262,2025-05-13 20:11:00,125.99,card_present,DE,IT,Hotels,0.0003367862938269,0,0,
89183e80-54fe-456c-bb2f-b03e5388e752,CUST005529,MERCH00343,2025-05-13 20:15:00,94.97,card_not_present,DE,FR,Restaurants,0.0006362604652103,0,0,
bf33c389-e0cf-44b6-a6e0-51328fe75696,CUST000952,MERCH00420,2025-05-13 20:21:00,227.12,card_not_present,SE,SE,Fuel Stations,8.929877879422903e-05,0,0,
c585c0d4-2e5e-4e9e-a545-573cae5a84ee,CUST005360,,2025-05-13 20:21:00,15.82,wire_transfer,ES,ES,N/A (wire/ATM),5.215210282126032e-05,0,0,
26fef6f1-da80-42c9-81a8-cd08eaf674d8,CUST003054,MERCH00137,2025-05-13 20:27:00,72.16,card_not_present,ES,ES,Grocery Stores,9.79715117179777e-05,0,0,
62085590-590a-43e1-833c-4be42e98e00a,CUST005298,MERCH00193,2025-05-13 20:29:00,107.22,card_present,ES,ES,Jewelry,5.168168020254222e-05,0,0,
c59d6630-7210-4862-a384-81ebae74cbd5,CUST005145,,2025-05-13 20:29:00,53.78,wire_transfer,PL,PL,N/A (wire/ATM),3.451305870562638e-05,0,0,
5c56edd2-ec7b-439e-8cef-2556554c315b,CUST003116,MERCH00310,2025-05-13 20:30:00,47.78,card_not_present,FR,DE,Clothing Stores,0.0004103888231407,0,0,
92364001-a50b-4e4f-b982-d03eda9ce2da,CUST005445,MERCH00088,2025-05-13 20:34:00,60.38,online,IT,IT,Misc Retail,6.572915208119079e-05,0,0,
5b5e365d-fd3e-4f5f-bce0-cbcdda535383,CUST001852,MERCH00224,2025-05-13 20:37:00,373.95,card_not_present,ES,IT,Grocery Stores,0.0008115247970598,0,0,
a210e066-8f4a-467f-bf0a-7d6bba51a22b,CUST003957,MERCH00086,2025-05-13 20:57:00,57.5,card_present,DE,ES,Hotels,0.0004832200099009,0,0,
574fb86b-bb98-4b6d-8dc1-82cb8565431d,CUST003855,MERCH00319,2025-05-13 21:04:00,110.33,online,IT,DE,Utilities,0.0002325572257675,0,0,
dcca14aa-0e63-4c76-848b-247f8b093206,CUST002892,MERCH00017,2025-05-13 21:08:00,920.27,card_not_present,FR,PL,Airlines,0.0103351065289787,0,0,
f2a12d13-e9bc-4a25-a97f-74f63b0a6dae,CUST002572,MERCH00129,2025-05-13 21:08:00,15.18,card_present,SE,IT,Grocery Stores,0.0004981070686078,0,0,
ce622004-343d-4447-81a0-65745f7d4b14,CUST004680,MERCH00186,2025-05-13 21:11:00,113.5,card_present,DE,ES,Clothing Stores,0.0005283311961871,0,0,
71b0221e-9ca3-470c-ae86-8d40f6d2aa2c,CUST002402,MERCH00021,2025-05-13 21:16:00,64.85,card_present,NL,NL,Fuel Stations,4.730401503522509e-05,0,0,
01ba6e16-cc4f-4961-a395-5f2ae1479dce,CUST003536,MERCH00231,2025-05-13 21:19:00,9.9,online,ES,PL,Jewelry,0.0005881699729265,0,0,
a9468f49-a4c6-454d-b107-27c38f92770a,CUST001269,MERCH00305,2025-05-13 21:19:00,378.33,online,DE,DE,Electronics,5.168168020254222e-05,0,0,
0b4c937b-2e6d-4b43-a363-dd0377297daf,CUST000947,MERCH00302,2025-05-13 21:20:00,30.89,card_not_present,DE,DE,Utilities,8.035857446094911e-05,0,0,
c4022488-523c-4ffb-ade9-24448e37b1f1,CUST000500,,2025-05-13 21:21:00,9.44,wire_transfer,DE,DE,N/A (wire/ATM),0.0002816528355324,0,0,
c6f2d3bb-d898-4a3a-af2e-354e08dd65a1,CUST003688,MERCH00071,2025-05-13 21:25:00,98.87,atm_withdrawal,FR,FR,Jewelry,6.962877213748992e-05,0,0,
07bb2b19-059e-4403-8445-2baa3b96b96f,CUST002866,MERCH00404,2025-05-13 21:26:00,111.03,card_present,FR,FR,Clothing Stores,4.689478247181653e-05,0,0,
29105adf-8834-4954-9916-5c18aa5b3e33,CUST001890,MERCH00322,2025-05-13 21:38:00,233.26,online,FR,DE,Direct Marketing / Subscriptions,0.0003880425443021,0,0,
a3657dc8-866e-4250-b8e7-33bf83892cf8,CUST003919,MERCH00140,2025-05-13 21:46:00,71.86,atm_withdrawal,FR,FR,Airlines,6.962877213748992e-05,0,0,
2d9fb683-58a2-464d-924f-251e84c04075,CUST004651,MERCH00360,2025-05-13 21:55:00,31.5,card_not_present,DE,DE,Grocery Stores,6.483629147418578e-05,0,0,
34bf9c05-05f2-41d3-89c6-023e9900c711,CUST000195,MERCH00345,2025-05-13 21:59:00,116.17,online,FR,FR,Airlines,7.8094632876302e-05,0,0,
b88d9f5d-ce0b-4160-a132-d3f9c0c3d5f6,CUST005999,MERCH00216,2025-05-13 22:09:00,34.41,card_not_present,FR,FR,Fuel Stations,7.780300072496777e-05,0,0,
4b34573f-704e-4615-acf2-b1d262623bac,CUST005688,MERCH00136,2025-05-13 22:10:00,230.5,card_present,FR,FR,Crypto / Money Transfer,5.168168020254222e-05,0,0,
1844e3e9-0437-43f4-9fab-f6a2e242e810,CUST003152,MERCH00378,2025-05-13 22:32:00,9.68,card_present,ES,FR,Grocery Stores,0.0003918256286731,0,0,
e966864e-e279-4db7-a05c-4e999ad53a5f,CUST002873,MERCH00351,2025-05-13 22:33:00,177.83,card_not_present,SE,SE,Airlines,6.962877213748992e-05,0,0,
0cb05a9c-0bc2-4225-842d-97166f31df22,CUST001279,MERCH00141,2025-05-13 22:43:00,287.11,online,IE,IE,Grocery Stores,4.812442096995302e-05,0,0,
a513df2d-2e60-4169-ad54-2616b2beea1d,CUST001092,MERCH00440,2025-05-13 22:45:00,147.83,card_not_present,PL,DE,Grocery Stores,0.0005458220227056,0,0,
c71f75f5-5d6f-46f1-b4d2-ebd40d425a91,CUST005266,,2025-05-13 22:48:00,48.51,wire_transfer,IT,IT,N/A (wire/ATM),5.215210282126032e-05,0,0,
6eb099c2-33e2-458a-9e50-f45aeba71d1e,CUST003652,MERCH00271,2025-05-13 22:53:00,10.54,card_present,DE,DE,Utilities,4.203027545348821e-05,0,0,
06ff44de-469b-40a8-b842-fe5612066880,CUST001003,MERCH00260,2025-05-13 22:56:00,650.49,online,FR,FR,Crypto / Money Transfer,0.0001872125464553,0,0,
0d1cfa36-83aa-4f53-938e-82934d83c016,CUST003084,MERCH00394,2025-05-13 23:01:00,48.09,card_not_present,DE,DE,Clothing Stores,0.0001581840836584,0,0,
31239287-bbb2-4686-956f-b94216917c0f,CUST005119,MERCH00240,2025-05-13 23:04:00,32.29,card_not_present,NL,NL,Airlines,6.60676807043181e-05,0,0,
890bf2c4-5795-4b3b-b8d9-971f162638bf,CUST002458,MERCH00444,2025-05-13 23:05:00,35.65,card_not_present,ES,ES,Airlines,8.643187424878454e-05,0,0,
93dcebdf-953d-4e93-bdc4-839991edb945,CUST005299,MERCH00406,2025-05-13 23:13:00,64.88,card_present,SE,ES,Crypto / Money Transfer,0.0003893079040574,0,0,
aa829b76-877a-4bfd-a87b-298326cdcc93,CUST002707,MERCH00379,2025-05-13 23:19:00,79.39,card_present,DE,FR,Direct Marketing / Subscriptions,0.0003126220579578,0,0,
cca0763c-0e94-4809-9bd8-72f27ff1277a,CUST000594,MERCH00140,2025-05-13 23:19:00,8.38,card_present,FR,FR,Airlines,7.8094632876302e-05,0,0,
19f59a90-1668-4d74-9ff2-fe02dee40f4f,CUST001353,MERCH00008,2025-05-13 23:20:00,106.6,online,DE,DE,Jewelry,5.168168020254222e-05,0,0,
c0a019c2-7528-4520-90d2-bbce6516503b,CUST001887,MERCH00386,2025-05-13 23:20:00,30.36,card_present,ES,ES,Fuel Stations,5.9645998429748846e-05,0,0,
e5db50d9-02f4-47dc-9a82-9d5488f2b6ca,CUST005485,MERCH00273,2025-05-13 23:26:00,9.4,card_not_present,DE,DE,Utilities,7.264631865383923e-05,0,0,
5ae1b316-8df5-4ca9-baac-64d453c24939,CUST000171,MERCH00297,2025-05-13 23:27:00,886.68,card_present,DE,SE,Grocery Stores,0.0006096352313777,0,0,
ee5250e2-3ed3-4591-be45-aa5fb27f6ef0,CUST003888,MERCH00094,2025-05-13 23:32:00,352.07,card_not_present,NL,NL,Direct Marketing / Subscriptions,6.180355796926003e-05,0,0,
dd9c8eac-49a8-424c-9cc0-d84216a14357,CUST001404,MERCH00421,2025-05-13 23:33:00,40.36,online,FR,FR,Restaurants,7.271949762886276e-05,0,0,
f737e989-2e49-49a2-9cc2-8b30cb7fe677,CUST000410,MERCH00287,2025-05-13 23:41:00,109.12,card_not_present,FR,FR,Crypto / Money Transfer,6.962877213748992e-05,0,0,
0b19735d-614f-43d7-96ed-3f0b94326b82,CUST002069,MERCH00246,2025-05-13 23:44:00,98.86,card_present,DE,DE,Misc Retail,6.572915208119079e-05,0,0,
6858d3fe-8a9b-42bc-a762-e423a9da0758,CUST001573,,2025-05-13 23:48:00,23.8,wire_transfer,IE,IE,N/A (wire/ATM),4.284225528282033e-05,0,0,
27f9e904-bf09-43a9-902c-72c89490a727,CUST003275,MERCH00160,2025-05-13 23:50:00,233.26,card_present,NL,FR,Hotels,0.0003357238799902,0,0,
eb556104-e380-4467-89a9-80a22e0e705a,CUST002244,MERCH00272,2025-05-13 23:52:00,172.9,online,DE,DE,Electronics,5.168168020254222e-05,0,0,
3de0f92b-a358-4761-912f-102df796413e,CUST001784,MERCH00375,2025-05-13 23:55:00,215.72,card_not_present,DE,FR,Jewelry,0.0005025587441476,0,0,
6017a8d5-2676-4ba8-9273-510335addfbe,CUST005006,MERCH00297,2025-05-13 23:58:00,53.73,online,DE,IT,Grocery Stores,0.0002835195004422,0,0,
27e65173-9bc7-4b4e-a996-92948e87efca,CUST005327,MERCH00283,2025-05-14 00:37:00,59.9,online,FR,DE,Direct Marketing / Subscriptions,0.0003126220579578,0,0,
0058dfc0-af4a-4a69-bf9f-4f91df18087c,CUST002490,MERCH00270,2025-05-14 00:51:00,19.37,card_present,DE,IT,Restaurants,0.0004993538261975,0,0,
51312803-85e1-4761-849b-d2c44c4acd32,CUST003174,MERCH00243,2025-05-14 00:56:00,92.57,atm_withdrawal,ES,ES,Jewelry,6.962877213748992e-05,0,0,
f650878e-4523-43bb-ae21-4d3f06dc8cb5,CUST003911,MERCH00017,2025-05-14 01:03:00,20.66,online,ES,ES,Airlines,5.168168020254222e-05,0,0,
ac8e2ed7-d46f-4930-8462-8ce625e7fdab,CUST005745,MERCH00092,2025-05-14 01:49:00,250.01,card_not_present,DE,DE,Hotels,7.737533655219923e-05,0,0,
bfd0da78-6c41-427e-8ac2-b8ceea120999,CUST004448,MERCH00070,2025-05-14 02:17:00,19.51,card_not_present,ES,ES,Utilities,0.0001015198578983,0,0,
f379db10-af90-456f-a183-064e913f519a,CUST000333,MERCH00117,2025-05-14 02:18:00,24.47,card_present,ES,SE,Utilities,0.0002541433402874,0,0,
40ae68bc-57cc-4867-a558-49e991f6faa8,CUST001307,MERCH00108,2025-05-14 02:41:00,4.03,card_not_present,SE,IE,Hotels,0.0007922715391075,0,0,
3b69e899-fe8a-4a58-ad71-fb07a5920faf,CUST005969,MERCH00377,2025-05-14 03:00:00,488.87,atm_withdrawal,FR,ES,Airlines,0.0005613043509874,0,0,
13dfb081-2bb3-4678-860b-9197a72ec043,CUST002647,MERCH00324,2025-05-14 03:08:00,222.73,card_present,IT,IE,Restaurants,0.0005421778410369,0,0,
716a424d-9a9f-42e0-9c86-c62d2266d6ee,CUST002776,MERCH00439,2025-05-14 03:27:00,80.49,online,IT,IT,Hotels,5.7797030803660806e-05,0,0,
d6fd1086-65cf-432c-91e5-74571a83d162,CUST001109,MERCH00119,2025-05-14 03:28:00,242.98,card_present,DE,ES,Misc Retail,0.0004900817433714,0,0,
38eabf7f-37f4-42bc-bcac-e5c07686b92c,CUST003525,MERCH00021,2025-05-14 03:36:00,6.41,card_present,IT,NL,Fuel Stations,0.0003839886252206,0,0,
b1fc16c2-6f3a-4b54-a303-df386e0c9c9a,CUST005936,MERCH00285,2025-05-14 03:39:00,84.98,online,PL,FR,Jewelry,0.0003893079040574,0,0,
c0c95184-8c9d-4157-93d8-a2399b6df9da,CUST001092,MERCH00041,2025-05-14 03:43:00,71.64,card_present,DE,DE,Restaurants,5.861201489307435e-05,0,0,
cba07ee6-5a54-4fa6-91fb-f93d41da3dc6,CUST002457,MERCH00254,2025-05-14 03:44:00,740.03,online,FR,FR,Crypto / Money Transfer,0.0005154090820553,0,0,
33ef6757-24e4-4475-93a2-064ef8f931af,CUST005325,MERCH00053,2025-05-14 03:51:00,74.88,online,NL,DE,Restaurants,0.0002238463712703,0,0,
3976e023-fed9-4e9f-a3d1-4a2c83464a23,CUST005596,MERCH00294,2025-05-14 04:01:00,14.71,card_present,FR,FR,Grocery Stores,4.812442096995302e-05,0,0,
512fb8ef-bbbf-4809-b53c-635151200551,CUST001889,MERCH00150,2025-05-14 04:03:00,59.19,online,FR,DE,Airlines,0.0003185579654809,0,0,
ba47ddd4-fd84-4e8e-8ba8-f287976d69cd,CUST002814,MERCH00166,2025-05-14 04:11:00,7.86,atm_withdrawal,DE,DE,Grocery Stores,0.0001623313898922,0,0,
2eb2098d-404d-4dc3-85b6-6d28abb46a1e,CUST003928,,2025-05-14 04:15:00,128.82,wire_transfer,IT,IT,N/A (wire/ATM),4.119601634239698e-05,0,0,
358cffa2-0b00-44c0-9fd6-8d2b11590116,CUST002857,MERCH00219,2025-05-14 04:18:00,60.31,card_not_present,PL,PL,Utilities,5.3179958393195385e-05,0,0,
91693e49-c89b-4cf5-96c1-505532e58417,CUST004395,MERCH00067,2025-05-14 04:22:00,11.34,card_present,FR,SE,Fuel Stations,0.0002411477181994,0,0,
d54f1f54-9b4e-4317-9a02-f9d602e70d43,CUST005517,MERCH00142,2025-05-14 04:36:00,108.74,card_present,IT,IT,Airlines,4.9038429182940645e-05,0,0,
9d0ccaf8-eb88-4309-9fb5-5f2365e77e6b,CUST002498,MERCH00039,2025-05-14 04:44:00,244.65,atm_withdrawal,FR,IT,Direct Marketing / Subscriptions,0.0005251496051523,0,0,
05142686-9da2-4fb3-8c35-348626e31e35,CUST002160,MERCH00365,2025-05-14 04:47:00,105.49,card_not_present,IE,IE,Crypto / Money Transfer,9.983215161571884e-05,0,0,
dfb6a374-85f0-4913-a5c4-8a151e3e9e32,CUST003104,MERCH00400,2025-05-14 05:01:00,41.68,atm_withdrawal,FR,IT,Electronics,0.0005639477087679,0,0,
4cfe890d-4660-49c2-87e1-beec9a138fdf,CUST000718,MERCH00121,2025-05-14 05:09:00,34.13,card_not_present,FR,FR,Hotels,6.60676807043181e-05,0,0,
6244d732-a903-4234-a7b9-a526cb67be5b,CUST001735,MERCH00287,2025-05-14 05:12:00,414.87,card_not_present,IE,IE,Crypto / Money Transfer,0.0001432121685619,0,0,
2915c74e-86c0-4260-86df-fd68b2d91cd0,CUST001246,MERCH00276,2025-05-14 05:20:00,13.89,card_present,SE,DE,Misc Retail,0.0004513706899123,0,0,
50a4f0e4-a527-4084-a483-de90108aad43,CUST003422,,2025-05-14 05:28:00,19.39,wire_transfer,DE,DE,N/A (wire/ATM),6.225039513445457e-05,0,0,
b9611a27-8ed0-4c22-b81b-9fe4765cbc17,CUST005096,MERCH00185,2025-05-14 05:30:00,55.61,card_present,ES,SE,Jewelry,0.0003694031945654,0,0,
5486bdb9-fb63-45a6-9f0c-7f1dd5917b86,CUST003872,MERCH00074,2025-05-14 05:35:00,1281.4,card_present,NL,IT,Electronics,0.0004256539851782,0,0,
a5841e1b-bd74-4d74-9b53-fda4d3714943,CUST000591,MERCH00349,2025-05-14 05:36:00,171.87,card_not_present,FR,SE,Restaurants,0.0004834272910878,0,0,
aab2d21e-41ff-4e05-8422-f977e4accb33,CUST000274,,2025-05-14 05:43:00,144.37,wire_transfer,PL,PL,N/A (wire/ATM),6.225039513445457e-05,0,0,
637d43a8-ec24-4c40-a89e-0ad6973e6b61,CUST002853,MERCH00087,2025-05-14 05:45:00,652.59,online,ES,ES,Jewelry,0.0001872125464553,0,0,
d9cc403a-ee47-4b86-8c94-fc1dc2588182,CUST001285,MERCH00282,2025-05-14 05:46:00,222.88,online,SE,PL,Jewelry,0.0026688602508326,0,0,
4c3b4a7e-f516-4d40-b367-bfd5e34cdc47,CUST000986,MERCH00423,2025-05-14 05:46:00,82.02,online,ES,ES,Crypto / Money Transfer,5.168168020254222e-05,0,0,
9eee9e23-5c91-41fa-ad22-67226f5a9517,CUST004307,MERCH00358,2025-05-14 05:51:00,19.98,card_present,FR,FR,Direct Marketing / Subscriptions,4.128053386546797e-05,0,0,
6657a08f-51d0-42a0-a59f-e361918b3434,CUST004966,MERCH00114,2025-05-14 05:51:00,29.07,card_present,ES,DE,Grocery Stores,0.0003588602692009,0,0,
cade8255-a3cf-4e68-b8ba-fd883cebca56,CUST001307,MERCH00243,2025-05-14 05:54:00,5.27,card_present,SE,IE,Jewelry,0.0005881699729265,0,0,
832d5fc2-089f-441c-9c2e-5a02ce8ee01a,CUST001045,MERCH00366,2025-05-14 06:01:00,111.25,card_not_present,NL,NL,Grocery Stores,7.647775094371409e-05,0,0,
63d45525-fab8-4d47-979e-f619c6ba68fc,CUST003663,MERCH00200,2025-05-14 06:06:00,27.04,card_not_present,PL,FR,Misc Retail,0.0004369738737316,0,0,
3a5a62f4-570c-4f60-83c1-92f448c722ff,CUST005701,MERCH00088,2025-05-14 06:18:00,49.18,online,IT,FR,Misc Retail,0.0002987470516632,0,0,
711c2d54-748a-4eff-8630-a1d7f9dab113,CUST004562,MERCH00175,2025-05-14 06:27:00,137.07,card_not_present,DE,DE,Electronics,9.983215161571884e-05,0,0,
c8412b14-f27a-48c3-9d65-652d0e03d8d1,CUST001534,MERCH00173,2025-05-14 06:29:00,117.32,card_not_present,IT,IT,Fuel Stations,0.0001142154846193,0,0,
0da7b4cb-71bf-4c0a-94e2-9dd0b84e2192,CUST004671,MERCH00045,2025-05-14 06:30:00,139.87,atm_withdrawal,ES,ES,Jewelry,6.962877213748992e-05,0,0,
7f850379-7f8d-4b5a-9c6d-ad9f4f8fea4a,CUST005235,MERCH00448,2025-05-14 06:32:00,139.64,online,PL,PL,Clothing Stores,0.0004106836275777,0,0,
fc87d91a-4cab-4a38-ad56-979e7027c1e5,CUST004367,MERCH00329,2025-05-14 06:33:00,14.97,card_present,NL,NL,Jewelry,5.168168020254222e-05,0,0,
34852701-4c93-421c-b351-8024e32193b0,CUST004936,MERCH00399,2025-05-14 06:44:00,171.66,atm_withdrawal,DE,IT,Restaurants,0.0005251496051523,0,0,
b6ea8c4c-2cac-4fef-bdf8-61d7fef9bd01,CUST004304,,2025-05-14 06:44:00,25.63,wire_transfer,FR,FR,N/A (wire/ATM),8.641469386671939e-05,0,0,
6a33cfae-9fad-48ad-8a73-68bef3d22ebe,CUST001015,MERCH00085,2025-05-14 06:48:00,98.19,atm_withdrawal,ES,ES,Restaurants,5.56159021406308e-05,0,0,
89e93811-6120-4261-bb6c-9e46b56e0c89,CUST002332,MERCH00157,2025-05-14 07:00:00,66.8,online,SE,PL,Grocery Stores,0.0005275448345747,0,0,
bd6bb4eb-addd-44f9-8b85-1c5f4d65feee,CUST005271,MERCH00290,2025-05-14 07:02:00,27.08,online,PL,DE,Fuel Stations,0.0003874430827375,0,0,
f4627f12-c9d3-4a97-a498-d4434a53f696,CUST005296,MERCH00246,2025-05-14 07:02:00,72.74,online,DE,IT,Misc Retail,0.0002987470516632,0,0,
76eea216-afd4-4bd3-af1e-0af96583657b,CUST005990,MERCH00054,2025-05-14 07:03:00,16.75,card_not_present,FR,PL,Hotels,0.0007922715391075,0,0,
a10f29fd-737b-4d36-b8e7-4ebdc84d4932,CUST005623,MERCH00109,2025-05-14 07:04:00,79.7,atm_withdrawal,DE,FR,Utilities,0.0003454538411998,0,0,
2bea00e6-e02d-4ee7-bb86-30cba267b16a,CUST001236,MERCH00312,2025-05-14 07:06:00,105.73,card_present,FR,FR,Airlines,5.168168020254222e-05,0,0,
39d36926-ead1-4a6c-8cea-9f3f79a20f72,CUST003930,MERCH00106,2025-05-14 07:11:00,371.37,card_present,SE,SE,Fuel Stations,5.9645998429748846e-05,0,0,
c445e85c-64eb-4a08-ba89-9fd8704f0c92,CUST004735,MERCH00174,2025-05-14 07:12:00,22.18,card_not_present,FR,FR,Direct Marketing / Subscriptions,5.86136688592343e-05,0,0,
b4343104-d4b9-4f09-aed1-c15291cba9d2,CUST000413,MERCH00039,2025-05-14 07:14:00,20.38,online,FR,NL,Direct Marketing / Subscriptions,0.0002681734275291,0,0,
29789b4d-443b-4d04-936b-63dac644b2f1,CUST004012,MERCH00105,2025-05-14 07:15:00,272.59,card_present,SE,FR,Jewelry,0.0003893079040574,0,0,
7daafeda-d069-4f21-89f6-d81877ab8e3b,CUST005187,MERCH00392,2025-05-14 07:16:00,248.32,card_present,FR,FR,Jewelry,5.168168020254222e-05,0,0,
9ed30707-1a56-43ce-bae1-e69f9469c498,CUST004010,MERCH00157,2025-05-14 07:17:00,4.42,atm_withdrawal,IE,IE,Grocery Stores,8.403934836065801e-05,0,0,
a5f2920d-8a98-45e7-95a0-1a6d527bc359,CUST002386,,2025-05-14 07:18:00,32.27,wire_transfer,FR,FR,N/A (wire/ATM),3.451305870562638e-05,0,0,
78ab9045-039b-49bb-be6a-a7b46dee11d6,CUST001314,MERCH00325,2025-05-14 07:18:00,23.27,online,FR,DE,Utilities,0.0003502693203816,0,0,
befa5fba-6f5d-4ec3-8469-f56b912a7d51,CUST004979,MERCH00031,2025-05-14 07:20:00,72.65,card_present,DE,DE,Airlines,6.41539940338825e-05,0,0,
0e9e6e17-407f-4e78-909c-d64330c2f9d6,CUST005859,MERCH00140,2025-05-14 07:26:00,15.05,card_not_present,NL,NL,Airlines,8.873516296070177e-05,0,0,
e8587d89-0ec7-44aa-ad81-9d5730ceac8d,CUST004580,MERCH00291,2025-05-14 07:32:00,165.32,card_present,ES,DE,Electronics,0.0003893079040574,0,0,
f11faafe-4e68-425c-a007-af13c1acbe35,CUST005000,,2025-05-14 07:34:00,22.75,wire_transfer,FR,FR,N/A (wire/ATM),3.451305870562638e-05,0,0,
97df4f46-17a2-47c7-a47c-20c3300076c3,CUST003637,,2025-05-14 07:37:00,894.64,wire_transfer,PL,PL,N/A (wire/ATM),0.0013420052884058,0,0,
9986ed9c-7a3e-4952-92f4-6461778413a2,CUST003012,MERCH00281,2025-05-14 07:37:00,24.1,card_not_present,DE,PL,Restaurants,0.0006362604652103,0,0,
dad427ce-a6b3-48d4-a851-b944cbada855,CUST001196,MERCH00281,2025-05-14 07:41:00,57.07,online,DE,IT,Restaurants,0.0004514474820676,0,0,
6c06708f-fecd-4ad5-9b7f-ebd591ff3ce1,CUST000349,,2025-05-14 07:43:00,15.71,wire_transfer,SE,SE,N/A (wire/ATM),3.451305870562638e-05,0,0,
675ac6f9-927c-4a77-add7-0ad49c9957a4,CUST000206,MERCH00085,2025-05-14 07:45:00,120.24,card_present,IT,IE,Restaurants,0.0005421778410369,0,0,
3f39dca5-e022-459d-b042-08ccf3f3985c,CUST000852,MERCH00132,2025-05-14 07:59:00,16.45,card_not_present,DE,DE,Restaurants,6.974732801102652e-05,0,0,
4668c85d-23eb-4752-933c-8ededfa5d11e,CUST005356,MERCH00283,2025-05-14 08:13:00,2320.33,card_not_present,DE,ES,Direct Marketing / Subscriptions,0.0089429594789828,0,0,
d1dec538-a6bc-4177-800b-e2234928871f,CUST005222,,2025-05-14 08:14:00,97.4,wire_transfer,PL,PL,N/A (wire/ATM),4.071015506700132e-05,0,0,
45a74e09-caf7-4ec4-8d9f-449764fd8e93,CUST005466,MERCH00366,2025-05-14 08:16:00,15.95,online,SE,SE,Grocery Stores,7.442956469352984e-05,0,0,
cf951255-cd1c-40d8-9bde-bdcba5776b33,CUST000253,MERCH00189,2025-05-14 08:18:00,73.39,online,SE,PL,Crypto / Money Transfer,0.0003749749729195,0,0,
5ad8e73f-c43a-4e1e-a51d-4c4cd49b4aeb,CUST001173,MERCH00296,2025-05-14 08:24:00,10.8,card_not_present,DE,DE,Jewelry,6.962877213748992e-05,0,0,
05cdba36-5978-42b7-bf90-19a258379c7e,CUST001284,MERCH00331,2025-05-14 08:26:00,52.06,card_present,ES,SE,Misc Retail,0.0004900817433714,0,0,
b029ecac-8cae-41e7-9c9a-ef23ec6174f9,CUST002306,MERCH00399,2025-05-14 08:27:00,427.79,atm_withdrawal,ES,ES,Restaurants,7.204970581350819e-05,0,0,
dd604064-ae80-4fa4-b7ac-094c774f585b,CUST001653,MERCH00096,2025-05-14 08:29:00,60.72,card_not_present,IE,DE,Electronics,0.0005244383171421,0,0,
dc4f2758-7f58-446f-a09a-caf9b078db0b,CUST003843,MERCH00147,2025-05-14 08:29:00,100.46,card_present,ES,DE,Airlines,0.0003893079040574,0,0,
5bd8c119-e07a-4739-95f9-a708b02a35f7,CUST002788,MERCH00090,2025-05-14 08:29:00,75.18,online,PL,DE,Restaurants,0.0003126220579578,0,0,
05f4efa6-78ef-40d2-844b-24cb810c354a,CUST000749,MERCH00441,2025-05-14 08:30:00,95.17,card_not_present,NL,FR,Grocery Stores,0.0004211457053096,0,0,
5f8f6d5f-640b-441b-ae64-69c81557509e,CUST004541,MERCH00182,2025-05-14 08:33:00,104.79,card_present,ES,PL,Restaurants,0.0003588602692009,0,0,
770592f8-651d-44c5-a893-b78388297d88,CUST000180,MERCH00384,2025-05-14 08:33:00,71.46,card_not_present,SE,FR,Restaurants,0.0004587126115406,0,0,
b419d84f-d32e-4a62-8491-4c8c7204e62b,CUST000937,MERCH00428,2025-05-14 08:35:00,59.72,card_present,FR,FR,Utilities,5.116368452990701e-05,0,0,
9a3c1ee3-7e45-41c4-9e8d-32610d7a04de,CUST003344,MERCH00066,2025-05-14 08:37:00,53.93,online,FR,FR,Misc Retail,5.9420842818852365e-05,0,0,
1b6b30ab-7058-4ea0-be9b-6b15d9632b15,CUST002323,MERCH00208,2025-05-14 08:37:00,40.87,online,DE,DE,Crypto / Money Transfer,5.168168020254222e-05,0,0,
c2f554cc-7ab1-4ccc-8873-4301a836e41d,CUST001120,MERCH00123,2025-05-14 08:46:00,70.52,card_present,IT,IT,Grocery Stores,4.812442096995302e-05,0,0,
ea7ce986-280f-4d27-a340-10c7cfb77e1b,CUST003270,MERCH00013,2025-05-14 08:50:00,4.17,online,DE,DE,Fuel Stations,5.220662220979237e-05,0,0,
7014f852-220a-4d0f-9676-1ecf0c9f043f,CUST003501,MERCH00164,2025-05-14 08:51:00,1.88,atm_withdrawal,SE,IT,Misc Retail,0.3548643155853586,0,0,
d78e94f1-ef2e-4be1-ab98-35226a6a01ac,CUST002829,MERCH00424,2025-05-14 08:52:00,18.2,card_present,PL,DE,Grocery Stores,0.0004723307984616,0,0,
2031b7e5-ebe9-4da3-b12f-cca1019ff61c,CUST001883,MERCH00176,2025-05-14 08:59:00,732.62,card_present,DE,DE,Restaurants,9.13647496566955e-05,0,0,
32ed2ab6-f672-41e7-9037-6b8c1e54d675,CUST002961,MERCH00331,2025-05-14 09:01:00,5.09,card_present,ES,FR,Misc Retail,0.0004768541038613,0,0,
778c4178-892e-4c79-934c-be1b6f7db5ba,CUST001351,MERCH00213,2025-05-14 09:04:00,97.15,card_present,FR,FR,Airlines,4.9038429182940645e-05,0,0,
5dccffbb-f979-4da2-876a-9345d78f95c9,CUST003038,MERCH00143,2025-05-14 09:09:00,19.59,card_present,DE,PL,Fuel Stations,0.0003751252316591,0,0,
3de44bec-f903-4c18-92b0-ab3b0d392bfe,CUST000904,,2025-05-14 09:14:00,32.61,wire_transfer,PL,PL,N/A (wire/ATM),5.049350963201199e-05,0,0,
fc9a2096-832f-4a7d-be88-f0aa5601fe0a,CUST003210,MERCH00442,2025-05-14 09:14:00,124.54,card_not_present,PL,PL,Electronics,0.0001052129787404,0,0,
ff3e8554-44f0-4893-be8c-468e4913e626,CUST005383,MERCH00074,2025-05-14 09:15:00,258.01,card_present,NL,IE,Electronics,0.0004405579451999,0,0,
dd39e3e6-5f28-4d77-a082-6ccacd9238c5,CUST004087,MERCH00218,2025-05-14 09:16:00,705.95,atm_withdrawal,DE,NL,Fuel Stations,0.0016424876927298,0,0,
fcd243fa-90d7-413e-9b32-1b1da85ab560,CUST004122,MERCH00184,2025-05-14 09:17:00,14.61,card_present,IT,IT,Jewelry,4.9038429182940645e-05,0,0,
d26ad69a-5eb8-4bb5-a3f6-f5cf6f6281b8,CUST005475,MERCH00356,2025-05-14 09:20:00,92.77,online,FR,FR,Misc Retail,4.34982364947671e-05,0,0,
c46b7b3d-f2ba-4662-afcf-8fe3c64022a8,CUST001322,MERCH00103,2025-05-14 09:21:00,60.63,card_present,IT,FR,Airlines,0.0005362471576831,0,0,
343f0413-5bf2-4ec0-9be4-e83663a13974,CUST001646,MERCH00173,2025-05-14 09:23:00,78.03,online,ES,PL,Fuel Stations,0.0002541433402874,0,0,
12fc83ea-5077-4011-9814-bb828d6a36f0,CUST001088,MERCH00438,2025-05-14 09:26:00,35.27,online,ES,SE,Jewelry,0.0003893079040574,0,0,
9429f151-94c7-4e26-85bd-3cab6929f84d,CUST001049,MERCH00253,2025-05-14 09:29:00,175.23,online,IT,PL,Airlines,0.0003893079040574,0,0,
5052e9c8-885b-422e-9503-d898b15eeda7,CUST003436,MERCH00242,2025-05-14 09:30:00,64.0,card_present,FR,FR,Electronics,5.168168020254222e-05,0,0,
dee8d1eb-980b-473d-acc9-e3fef27b8d31,CUST002204,MERCH00006,2025-05-14 09:32:00,390.24,card_present,IE,IE,Restaurants,4.128053386546797e-05,0,0,
604ad21b-95fb-4c88-8ec3-675e53853e8d,CUST005143,MERCH00012,2025-05-14 09:32:00,20.46,card_not_present,NL,ES,Grocery Stores,0.0004587126115406,0,0,
40e0000a-4a85-4347-be11-aa8b9dc1ecac,CUST002286,MERCH00447,2025-05-14 09:35:00,9.24,online,IT,IT,Jewelry,7.8094632876302e-05,0,0,
3bf9aa1e-1ae6-4d01-b431-7d348a24000a,CUST005319,MERCH00090,2025-05-14 09:40:00,7.44,card_not_present,IT,IT,Restaurants,9.485586221840853e-05,0,0,
47cfc965-22ff-4d41-ae2f-e71b38d9c198,CUST001912,,2025-05-14 09:43:00,72.76,wire_transfer,PL,PL,N/A (wire/ATM),0.0003412735081804,0,0,
8513c1b3-8dab-4f19-ae53-3b953d056d07,CUST002797,MERCH00371,2025-05-14 09:46:00,190.16,card_present,NL,FR,Grocery Stores,0.0003126220579578,0,0,
30f726c0-ca46-4fb9-be10-1a3a07fd0437,CUST005316,MERCH00423,2025-05-14 09:49:00,170.96,card_not_present,PL,PL,Crypto / Money Transfer,6.962877213748992e-05,0,0,
48fd12b5-06d7-49b6-9bd8-6d862b71de9a,CUST005043,MERCH00070,2025-05-14 09:51:00,12.41,card_not_present,SE,PL,Utilities,0.0005644052479112,0,0,
fb9a00db-0687-458f-97d4-3a3e8cb132f6,CUST000494,MERCH00417,2025-05-14 09:51:00,369.71,card_present,FR,FR,Direct Marketing / Subscriptions,4.350563991435366e-05,0,0,
3c6abac1-afdf-4615-826f-bb88e34108aa,CUST000340,MERCH00373,2025-05-14 09:53:00,38.1,online,NL,NL,Clothing Stores,7.086146902556566e-05,0,0,
61aa0eb0-46ad-4d63-94dd-4a7ee90ca98d,CUST003795,MERCH00205,2025-05-14 09:58:00,65.16,atm_withdrawal,IT,DE,Misc Retail,0.0004024560672336,0,0,
b03a1331-7a95-4f79-a27c-55a96969f55e,CUST003619,MERCH00041,2025-05-14 10:00:00,42.13,card_present,DE,DE,Restaurants,4.812442096995302e-05,0,0,
3f68733f-0fd8-4441-8940-b0183874a9b7,CUST000229,MERCH00333,2025-05-14 10:01:00,309.27,online,IT,IE,Direct Marketing / Subscriptions,0.0004226578413913,0,0,
26bcf632-9cad-4e35-adf0-d77b5ab7b060,CUST000609,MERCH00339,2025-05-14 10:02:00,50.77,card_not_present,IE,DE,Restaurants,0.0007303312852809,0,0,
87c2e626-2ac3-4547-a77e-7acd7562ab96,CUST005621,MERCH00236,2025-05-14 10:03:00,393.82,card_not_present,FR,FR,Electronics,9.604769193095888e-05,0,0,
1445f1a4-dcc6-4a59-91c3-648602eeac8b,CUST005955,MERCH00112,2025-05-14 10:03:00,131.59,atm_withdrawal,PL,PL,Grocery Stores,5.56159021406308e-05,0,0,
731566f7-2fe6-4845-a1fc-b491c0a2e51d,CUST003932,MERCH00233,2025-05-14 10:05:00,23.75,online,PL,IE,Fuel Stations,0.0003643557830765,0,0,
29978f51-e63d-4ec8-8b66-510f5b9c1b17,CUST000262,MERCH00412,2025-05-14 10:05:00,9.26,card_not_present,ES,DE,Hotels,0.0007922715391075,0,0,
55b1943b-da4f-4594-bd9d-17d6abf1e666,CUST005296,MERCH00064,2025-05-14 10:08:00,48.51,online,SE,IT,Utilities,0.0004294080540028,0,0,
36f9e14a-11b8-4125-973e-7d090dda2d70,CUST005266,MERCH00097,2025-05-14 10:12:00,45.55,card_present,ES,IT,Utilities,0.0003839886252206,0,0,
e6bd3c1e-30a8-43f9-a01b-d5551faaea66,CUST002783,,2025-05-14 10:14:00,792.59,wire_transfer,PL,PL,N/A (wire/ATM),0.0011609614687683,0,0,
c10af4c3-6778-46dd-8a5b-43525c75ec2b,CUST003578,MERCH00299,2025-05-14 10:15:00,82.51,online,DE,DE,Utilities,3.947244601738204e-05,0,0,
873007aa-54f3-4ff1-9c78-481f7686e87b,CUST000600,MERCH00016,2025-05-14 10:15:00,17.93,card_not_present,DE,DE,Electronics,0.0001052129787404,0,0,
051db999-a755-487e-8df7-0ed96623dccf,CUST001824,MERCH00058,2025-05-14 10:17:00,29.69,card_not_present,DE,IE,Jewelry,0.0004976280386113,0,0,
c8c102f9-73d4-4226-954c-ddcebd65a007,CUST005840,MERCH00111,2025-05-14 10:18:00,34.2,card_present,NL,NL,Utilities,5.116368452990701e-05,0,0,
5c36b7c6-459f-4acc-bb05-4ebe04bcb0bd,CUST001944,MERCH00196,2025-05-14 10:18:00,42.62,card_not_present,ES,ES,Grocery Stores,9.79715117179777e-05,0,0,
daa8aa37-778d-44b8-88b2-c352334b5431,CUST005196,MERCH00133,2025-05-14 10:19:00,551.21,atm_withdrawal,DE,DE,Utilities,0.0004354441561406,0,0,
7d8215c1-2ca1-4b08-98d6-91a5e1a9b17f,CUST002357,MERCH00381,2025-05-14 10:20:00,14.74,card_not_present,ES,ES,Utilities,8.035857446094911e-05,0,0,
d29fdaf7-c974-47dd-a378-5605bd33b7a3,CUST005848,MERCH00436,2025-05-14 10:22:00,16.58,card_present,SE,FR,Grocery Stores,0.0005421778410369,0,0,
5e3857aa-0b38-4401-af07-e2540b343e85,CUST001258,MERCH00378,2025-05-14 10:24:00,49.39,card_not_present,IT,IT,Grocery Stores,8.403934836065801e-05,0,0,
502c75f1-cac2-47ba-ba6e-5db00ad7a407,CUST001285,MERCH00405,2025-05-14 10:27:00,137.05,online,DE,PL,Jewelry,0.0023900672303404,0,0,
d60f0d3c-c945-4b75-81ac-f7622c4efda8,CUST001098,,2025-05-14 10:32:00,47.4,wire_transfer,DE,DE,N/A (wire/ATM),3.451305870562638e-05,0,0,
5ca86ce9-e487-4310-9d90-97e844f28c3d,CUST004374,MERCH00152,2025-05-14 10:33:00,102.18,atm_withdrawal,ES,ES,Misc Retail,5.0269600292323576e-05,0,0,
1866ae29-dd32-464a-b1ec-40942c687940,CUST000310,MERCH00408,2025-05-14 10:34:00,31.31,card_present,SE,DE,Clothing Stores,0.000486600328622,0,0,
db51ed4f-1b17-402f-abf8-426c85e49a49,CUST000841,,2025-05-14 10:40:00,274.35,wire_transfer,PL,PL,N/A (wire/ATM),5.795440922591945e-05,0,0,
0c359272-37d1-458b-bb49-657efd176cfb,CUST003265,MERCH00382,2025-05-14 10:42:00,22.51,card_not_present,IT,IT,Grocery Stores,6.483629147418578e-05,0,0,
94fcb3fe-ca03-4e0e-a51c-c6e742df5b93,CUST000220,MERCH00253,2025-05-14 10:43:00,102.02,card_not_present,IE,IE,Airlines,6.962877213748992e-05,0,0,
5bfd4513-194a-4da4-be85-592c7d813116,CUST001896,MERCH00368,2025-05-14 10:47:00,125.0,online,DE,PL,Grocery Stores,0.0004723307984616,0,0,
a3f36e33-333b-4211-86f4-f49c48703148,CUST005508,MERCH00128,2025-05-14 10:47:00,29.37,online,PL,PL,Electronics,7.8094632876302e-05,0,0,
d6b9fd37-3594-4a56-a695-5cc1f5365265,CUST004700,MERCH00292,2025-05-14 10:48:00,22.5,card_present,IT,IT,Fuel Stations,5.9645998429748846e-05,0,0,
476b74ca-1f72-47e2-bb14-fe5b56345b73,CUST003184,MERCH00386,2025-05-14 10:50:00,1598.93,card_not_present,NL,NL,Fuel Stations,0.001390932480493,0,0,
09367363-4133-4180-b091-783a7254fd88,CUST003275,MERCH00110,2025-05-14 10:52:00,169.68,atm_withdrawal,DE,FR,Direct Marketing / Subscriptions,0.0004967313070107,0,0,
79d46dc4-600b-4ae1-98eb-cdda0118b6e1,CUST005872,MERCH00249,2025-05-14 10:54:00,51.27,card_not_present,PL,PL,Restaurants,5.56159021406308e-05,0,0,
adc7efcd-cc6f-4df0-8fa9-31b18b9384b4,CUST002803,MERCH00443,2025-05-14 10:54:00,109.61,online,FR,FR,Electronics,5.168168020254222e-05,0,0,
a219b81b-452b-469b-aafa-cefbc288d1c5,CUST005043,MERCH00394,2025-05-14 10:54:00,37.65,card_present,PL,PL,Clothing Stores,4.689478247181653e-05,0,0,
d7aa0fb8-fc51-4908-9836-db93a930131f,CUST002888,MERCH00098,2025-05-14 10:59:00,274.61,card_not_present,ES,ES,Utilities,5.909661455901203e-05,0,0,
af8434b5-24e5-4361-a240-60811446f528,CUST001085,MERCH00397,2025-05-14 11:04:00,180.86,card_not_present,NL,NL,Utilities,5.3179958393195385e-05,0,0,
d1fd42be-94b7-422a-ba7e-6ad5d437f603,CUST004745,MERCH00210,2025-05-14 11:11:00,206.73,card_present,IT,IT,Hotels,5.168168020254222e-05,0,0,
0b180992-2d4d-4540-81f5-602f31abe6da,CUST004267,MERCH00362,2025-05-14 11:16:00,255.36,atm_withdrawal,FR,FR,Grocery Stores,7.204970581350819e-05,0,0,
2448c8a3-eff1-4e3e-a8c5-63fec656dd89,CUST001806,MERCH00207,2025-05-14 11:17:00,17.34,online,NL,NL,Restaurants,7.040684569234698e-05,0,0,
82ad8006-aeed-43c7-8494-f9df9ff4eae4,CUST001691,MERCH00245,2025-05-14 11:19:00,75.31,card_not_present,IE,FR,Misc Retail,0.000474688917947,0,0,
3e657f4c-b67f-433b-a7b6-b07223232e92,CUST004316,MERCH00335,2025-05-14 11:22:00,74.5,online,IE,IE,Misc Retail,6.572915208119079e-05,0,0,
e39934eb-0928-48ca-af01-9ae8dcf48145,CUST001609,MERCH00164,2025-05-14 11:29:00,146.7,card_present,IT,IT,Misc Retail,4.34982364947671e-05,0,0,
00b1f871-dccd-4294-85b0-9cace68d807a,CUST000029,,2025-05-14 11:29:00,53.32,wire_transfer,FR,FR,N/A (wire/ATM),3.451305870562638e-05,0,0,
09b008e6-d453-460b-b479-b35410970dab,CUST005170,,2025-05-14 11:33:00,67.13,wire_transfer,DE,DE,N/A (wire/ATM),3.451305870562638e-05,0,0,
058ecc88-5f49-45d9-adab-8cf1652fd2d9,CUST003262,MERCH00003,2025-05-14 11:34:00,148.17,card_not_present,NL,NL,Restaurants,9.79715117179777e-05,0,0,
7e78403c-a444-4f2a-85c9-4785879a37be,CUST003494,MERCH00128,2025-05-14 11:37:00,37.04,card_present,FR,FR,Electronics,4.9038429182940645e-05,0,0,
ea43358b-2248-4d76-a300-6d9a689bff20,CUST001180,MERCH00411,2025-05-14 11:41:00,63.38,atm_withdrawal,FR,DE,Jewelry,0.0004291413197054,0,0,
8944c251-96cd-41fc-a79c-ec8100af72bc,CUST002299,MERCH00212,2025-05-14 11:44:00,47.36,card_present,NL,IT,Clothing Stores,0.0005283311961871,0,0,
8310d8fb-abeb-4783-94ca-3e0f0833d9e6,CUST005356,MERCH00336,2025-05-14 11:45:00,285.44,atm_withdrawal,PL,ES,Restaurants,0.0012096012059698,0,0,
5ffa9c60-daf4-4d75-ba0c-8b1722746b48,CUST001008,MERCH00041,2025-05-14 11:48:00,602.33,card_not_present,DE,IE,Restaurants,0.0037450787247746,0,0,
d480b173-5d89-48ee-98aa-9ea9f7b93928,CUST001134,MERCH00379,2025-05-14 11:48:00,147.55,online,DE,SE,Direct Marketing / Subscriptions,0.0003305108377448,0,0,
7fc616c2-4711-4404-baad-795727c7e474,CUST000556,MERCH00242,2025-05-14 11:50:00,70.91,card_not_present,SE,SE,Electronics,0.0001052129787404,0,0,
cbc07f08-549d-4518-a870-613a80d44d7f,CUST001331,MERCH00027,2025-05-14 11:51:00,148.84,card_present,IE,IE,Utilities,5.9645998429748846e-05,0,0,
4317d04b-0fe4-4e07-b880-b574fd7acce7,CUST005015,MERCH00055,2025-05-14 11:53:00,48.15,online,FR,DE,Utilities,0.0002564299768675,0,0,
4bc0d2c1-c6ae-42f7-8cd0-ab6490863c69,CUST004184,MERCH00017,2025-05-14 11:53:00,315.0,online,ES,DE,Airlines,0.0003694031945654,0,0,
47ee5366-8371-49cd-8d63-f2c8e6b1d140,CUST001887,MERCH00312,2025-05-14 11:55:00,73.93,atm_withdrawal,ES,ES,Airlines,8.213065847050307e-05,0,0,
3e916ee7-68fd-4149-a70d-90fe30212d7f,CUST003759,MERCH00144,2025-05-14 11:56:00,8.11,card_not_present,ES,ES,Fuel Stations,5.486807880040981e-05,0,0,
65b778c1-052d-4dbb-b7ec-563d2d45e887,CUST005476,MERCH00131,2025-05-14 11:56:00,23.41,card_not_present,FR,FR,Misc Retail,8.855396745052996e-05,0,0,
d4dfc99b-47c4-4abd-bb7e-0fe7e863e2c5,CUST003804,MERCH00352,2025-05-14 11:57:00,320.56,atm_withdrawal,ES,ES,Hotels,7.737533655219923e-05,0,0,
776efc85-955a-43c3-b742-ff3fb4a4ca57,CUST004136,MERCH00017,2025-05-14 11:59:00,133.55,card_present,DE,NL,Airlines,0.0001590943668464,0,0,
3fe463bb-cdc2-4ba5-89ab-786223419fc4,CUST000477,MERCH00209,2025-05-14 12:00:00,18.92,online,SE,NL,Electronics,0.0041808072681598,0,0,
6c9ffe0c-1b2d-43af-ba09-4e6b1ec35967,CUST000105,MERCH00277,2025-05-14 12:00:00,9.13,online,SE,SE,Misc Retail,6.572915208119079e-05,0,0,
a512ea34-5b5f-4da8-a42c-5a68bfb237a4,CUST002044,MERCH00385,2025-05-14 12:06:00,258.83,card_present,ES,ES,Misc Retail,4.34982364947671e-05,0,0,
a5b49ff8-990a-466a-8147-4b4aad489edd,CUST005042,MERCH00377,2025-05-14 12:07:00,188.48,card_present,FR,DE,Airlines,0.0005072286239081,0,0,
803677cc-8316-44ab-8ae0-b6b7b1b53930,CUST003068,MERCH00056,2025-05-14 12:13:00,200.43,card_present,IE,IE,Airlines,7.8094632876302e-05,0,0,
fb340996-ac44-4f6b-a974-bc23b32b7a9c,CUST005329,MERCH00231,2025-05-14 12:13:00,50.0,card_not_present,PL,PL,Jewelry,0.9982940841869992,1,0,
7219d96b-eaf8-4f1b-8c15-0c49b3b21799,CUST000475,MERCH00338,2025-05-14 12:16:00,14.08,card_present,IT,FR,Electronics,0.0003549341170108,0,0,
bfd0ea69-c3a4-4855-a40d-7debfe83bc90,CUST005775,MERCH00167,2025-05-14 12:18:00,439.64,card_not_present,DE,DE,Airlines,0.0001169180090136,0,0,
497f14b4-b6f6-43e8-90f3-0db075e9efc5,CUST005513,MERCH00239,2025-05-14 12:18:00,53.97,card_not_present,NL,NL,Clothing Stores,6.317967098734498e-05,0,0,
baaa19ab-e356-4a0e-8940-4e15c55c6a57,CUST001017,MERCH00151,2025-05-14 12:20:00,320.44,card_not_present,FR,FR,Fuel Stations,5.909661455901203e-05,0,0,
e42aaa71-573e-4779-a05f-3e285a887051,CUST004823,MERCH00312,2025-05-14 12:21:00,81.78,atm_withdrawal,IE,ES,Airlines,0.0004976280386113,0,0,
0939d77e-6d21-4935-9a51-c90c7cdcee55,CUST002167,MERCH00424,2025-05-14 12:22:00,61.8,atm_withdrawal,PL,DE,Grocery Stores,0.0006362604652103,0,0,
869338bf-4d96-47fa-a2a1-6d10b1120978,CUST001595,MERCH00178,2025-05-14 12:28:00,71.41,card_present,IE,IE,Clothing Stores,4.689478247181653e-05,0,0,
553c6750-53b0-49fb-be72-9c232f512f26,CUST003647,MERCH00128,2025-05-14 12:30:00,20.15,card_present,DE,FR,Electronics,0.0003754365412207,0,0,
33749c38-c4ba-4f65-bfae-ab859ff66142,CUST000102,,2025-05-14 12:32:00,31.64,wire_transfer,FR,FR,N/A (wire/ATM),3.451305870562638e-05,0,0,
db7ba090-4725-4d51-8d45-2176b61ff099,CUST001800,MERCH00120,2025-05-14 12:33:00,142.71,card_not_present,DE,DE,Direct Marketing / Subscriptions,6.483629147418578e-05,0,0,
8a991288-202f-4b0a-a09a-47127cd3c8e0,CUST000429,,2025-05-14 12:33:00,353.13,wire_transfer,NL,NL,N/A (wire/ATM),3.835296651872995e-05,0,0,
ce2c0d82-1be2-490c-94a7-bebebe6f659b,CUST000366,MERCH00309,2025-05-14 12:34:00,117.73,online,ES,ES,Fuel Stations,3.947244601738204e-05,0,0,
2735cdea-67f9-4cf0-8b62-90e0bb54b44e,CUST005030,MERCH00387,2025-05-14 12:37:00,153.39,card_not_present,DE,DE,Jewelry,0.0001052129787404,0,0,
719241ee-8be7-4055-ba79-26bf961bc397,CUST005023,MERCH00366,2025-05-14 12:39:00,278.46,card_present,NL,NL,Grocery Stores,4.812442096995302e-05,0,0,
317f198e-64e3-4080-9f3e-97bd9456f938,CUST004785,MERCH00048,2025-05-14 12:41:00,224.66,card_present,DE,DE,Clothing Stores,7.086146902556566e-05,0,0,
9c6e8b6d-2f5e-46f7-9dff-36e36a9d7f57,CUST000232,,2025-05-14 12:42:00,28.15,wire_transfer,SE,SE,N/A (wire/ATM),5.215210282126032e-05,0,0,
0c973485-1333-42d2-aa53-ca98fb23182e,CUST004732,MERCH00341,2025-05-14 12:42:00,390.5,card_present,PL,DE,Jewelry,0.0003357238799902,0,0,
10667079-d49f-4786-9faf-ef63b23fb5ee,CUST005962,MERCH00371,2025-05-14 12:42:00,38.08,card_present,DE,DE,Grocery Stores,7.271949762886276e-05,0,0,
bde3df8f-2551-479d-88f9-c318d0e3dd17,CUST002698,MERCH00325,2025-05-14 12:43:00,48.21,online,FR,SE,Utilities,0.0002541433402874,0,0,
941ba1f6-4349-4342-813d-2ff70e80ebb9,CUST003281,,2025-05-14 12:44:00,45.04,wire_transfer,ES,ES,N/A (wire/ATM),5.049350963201199e-05,0,0,
d2db2df8-e993-4f0e-931e-c795de404f7e,CUST005346,MERCH00221,2025-05-14 12:44:00,197.44,card_not_present,DE,DE,Direct Marketing / Subscriptions,6.483629147418578e-05,0,0,
178d687e-1261-462e-8f92-a53d4c2caac9,CUST005519,MERCH00403,2025-05-14 12:47:00,1033.32,card_present,DE,DE,Electronics,7.380812318059518e-05,0,0,
3553518e-fa71-4bde-b047-8d8fcf8bd4c3,CUST003148,MERCH00035,2025-05-14 12:47:00,45.09,card_present,SE,DE,Clothing Stores,0.0003614109318764,0,0,
7103ca44-f978-4edc-8795-911cfb5fd67a,CUST004146,MERCH00226,2025-05-14 12:48:00,18.55,card_not_present,ES,DE,Airlines,0.0006509264837372,0,0,
3d03ff8b-4c82-4005-8f98-bd32730f3691,CUST002886,,2025-05-14 12:50:00,22.93,wire_transfer,DE,DE,N/A (wire/ATM),4.284225528282033e-05,0,0,
6c95e052-55b8-44d2-a874-3c1ca7416ea4,CUST004260,MERCH00022,2025-05-14 12:51:00,80.72,card_not_present,ES,IE,Misc Retail,0.0006264233876927,0,0,
72a86a92-4d73-4fe4-8bbd-3774d3f5e7c2,CUST004152,,2025-05-14 12:52:00,43.21,wire_transfer,IT,IT,N/A (wire/ATM),5.049350963201199e-05,0,0,
f287d4fe-3f81-4cb4-aa87-74af34c2c89d,CUST005939,,2025-05-14 12:53:00,275.15,wire_transfer,ES,ES,N/A (wire/ATM),5.795440922591945e-05,0,0,
b68d1b03-c3ab-4374-9dcf-34735416c30d,CUST005957,,2025-05-14 12:54:00,40.33,wire_transfer,ES,ES,N/A (wire/ATM),3.451305870562638e-05,0,0,
01e7bed2-e9b3-406b-a5c0-22db29fb7bfe,CUST005751,MERCH00379,2025-05-14 12:55:00,12.11,online,DE,FR,Direct Marketing / Subscriptions,0.0002681734275291,0,0,
68e24edb-9350-4a40-a0cb-bc6a6c0b36ed,CUST001105,MERCH00270,2025-05-14 12:57:00,405.21,online,PL,PL,Restaurants,4.812442096995302e-05,0,0,
1f8667d6-106a-4281-8a09-350f87bf73fe,CUST004951,MERCH00185,2025-05-14 12:57:00,84.23,atm_withdrawal,FR,FR,Jewelry,6.962877213748992e-05,0,0,
447cdf79-6a56-42f0-991d-10e237bf3aba,CUST004766,MERCH00275,2025-05-14 12:57:00,14.13,online,IT,IT,Hotels,7.8094632876302e-05,0,0,
b27c120e-91fc-4c76-acc1-41dea46d7bff,CUST001624,,2025-05-14 12:57:00,31.26,wire_transfer,NL,NL,N/A (wire/ATM),3.451305870562638e-05,0,0,
65b41bf5-6d9d-422e-b79a-a2e2d6c32d84,CUST005650,MERCH00118,2025-05-14 12:58:00,59.02,card_present,FR,FR,Jewelry,7.410059585027263e-05,0,0,
cdc79084-2a9f-40be-b4cb-5381fa4e3817,CUST002069,MERCH00402,2025-05-14 13:01:00,78.81,card_not_present,IE,DE,Utilities,0.0008568472986021,0,0,
c1ae36a8-d385-48ba-b7d8-abc21d621689,CUST003116,MERCH00268,2025-05-14 13:02:00,12.02,card_present,DE,DE,Fuel Stations,5.774909066208043e-05,0,0,
db53954d-5290-4e98-8d37-34291a8ede74,CUST004785,MERCH00095,2025-05-14 13:02:00,436.72,online,NL,DE,Hotels,0.002022601232523,0,0,
3f159d17-3ddb-4928-bcea-38bf69738cfb,CUST000508,MERCH00333,2025-05-14 13:02:00,66.37,online,SE,SE,Direct Marketing / Subscriptions,4.812442096995302e-05,0,0,
217ae158-dea8-4266-bda6-b880c839982f,CUST002458,MERCH00162,2025-05-14 13:05:00,55.76,card_not_present,FR,ES,Misc Retail,0.0005014881681653,0,0,
0327dfd8-6edb-444a-b998-f7766cd2dbe6,CUST000950,MERCH00128,2025-05-14 13:05:00,82.27,online,FR,FR,Electronics,5.168168020254222e-05,0,0,
fbe5f90d-edfe-451b-9a9f-8107080717a8,CUST003158,MERCH00292,2025-05-14 13:08:00,547.79,card_present,IE,IE,Fuel Stations,0.0001252253149933,0,0,
a3039bd9-b1be-4ff9-935b-11aa65fb23f1,CUST005018,MERCH00293,2025-05-14 13:13:00,140.45,card_present,IE,IE,Crypto / Money Transfer,4.9038429182940645e-05,0,0,
50762729-2cf9-4844-b99e-8ed794cf4201,CUST004039,MERCH00090,2025-05-14 13:15:00,365.01,atm_withdrawal,PL,DE,Restaurants,0.0004014532024402,0,0,
3f3c41c6-6e5b-408d-b7f9-c176bdd8fc0f,CUST005062,MERCH00366,2025-05-14 13:17:00,56.87,card_present,DE,DE,Grocery Stores,4.350563991435366e-05,0,0,
66745cdd-8cf8-46ec-8fe0-39a719d51b73,CUST003262,MERCH00138,2025-05-14 13:17:00,303.92,card_present,NL,NL,Grocery Stores,4.812442096995302e-05,0,0,
a7a27e03-b101-4ace-88fb-04c659ef4698,CUST000459,,2025-05-14 13:18:00,559.38,wire_transfer,IE,IE,N/A (wire/ATM),0.0005215016483354,0,0,
96614b19-f527-40f7-b377-afd9aac3e1e1,CUST004953,MERCH00171,2025-05-14 13:19:00,8.37,online,IT,IT,Electronics,5.168168020254222e-05,0,0,
f1e83262-cb21-4a7e-958a-437f133391f8,CUST002855,MERCH00355,2025-05-14 13:21:00,56.82,card_present,IT,DE,Restaurants,0.0004993538261975,0,0,
613bebb9-c778-48a0-b428-9cacefd5da28,CUST003797,MERCH00200,2025-05-14 13:22:00,37.05,online,IT,FR,Misc Retail,0.0002700810533659,0,0,
bc05f1be-4e65-4621-90c3-82247f0b2c36,CUST000582,MERCH00229,2025-05-14 13:23:00,20.27,online,DE,DE,Restaurants,7.442956469352984e-05,0,0,
f7bdefd8-5e13-412d-a560-8b8e6a95d7e3,CUST001884,MERCH00035,2025-05-14 13:23:00,219.06,card_present,ES,ES,Clothing Stores,5.8211943937857405e-05,0,0,
1a267599-a95a-414d-9cdb-eab52efc34e2,CUST000490,MERCH00149,2025-05-14 13:26:00,22.45,card_not_present,IT,IT,Direct Marketing / Subscriptions,0.0001623313898922,0,0,
9ba4c9fa-9983-4a26-9d07-19ed4798ab74,CUST002602,MERCH00037,2025-05-14 13:28:00,571.53,atm_withdrawal,ES,IT,Misc Retail,0.0035681525809422,0,0,
ac71a8dd-240c-4b2c-bf2a-b5a58e2bc596,CUST001842,MERCH00149,2025-05-14 13:29:00,41.85,online,ES,ES,Direct Marketing / Subscriptions,5.97383145101478e-05,0,0,
50ba7763-af1d-414b-948e-f238f7df762b,CUST001218,MERCH00247,2025-05-14 13:30:00,67.02,atm_withdrawal,IE,IE,Jewelry,6.962877213748992e-05,0,0,
272b647c-8dfd-4408-9d7d-55b5d94c6db1,CUST005120,MERCH00084,2025-05-14 13:30:00,116.94,card_present,FR,DE,Grocery Stores,0.0003126220579578,0,0,
2f8b4c6d-de10-4d2e-9fee-4fad67ed3bb6,CUST002938,MERCH00007,2025-05-14 13:31:00,56.7,card_present,NL,DE,Grocery Stores,0.0002167285691966,0,0,
0c5c2592-9e86-4b86-9ad5-e4b273043bc6,CUST005377,MERCH00296,2025-05-14 13:33:00,36.32,card_not_present,FR,FR,Jewelry,6.962877213748992e-05,0,0,
2e8c67fe-e597-458d-8324-bef7975ffa0f,CUST003070,MERCH00025,2025-05-14 13:34:00,92.03,atm_withdrawal,DE,DE,Jewelry,6.962877213748992e-05,0,0,
e64bd706-8ccf-411d-8eb7-5b862842ace8,CUST000881,MERCH00309,2025-05-14 13:35:00,137.81,card_present,IE,DE,Fuel Stations,0.0002934588741993,0,0,
453bf179-d1ca-43a9-9762-9576dd30c666,CUST003664,MERCH00335,2025-05-14 13:37:00,59.8,card_not_present,IE,IE,Misc Retail,5.860369463451871e-05,0,0,
c89665d0-d206-4185-bd0e-a20b7d53f0f6,CUST002866,MERCH00387,2025-05-14 13:40:00,56.38,online,FR,FR,Jewelry,7.8094632876302e-05,0,0,
5dd4fb4b-257b-4e31-ac00-8543e193479a,CUST003555,MERCH00054,2025-05-14 13:42:00,59.53,online,DE,NL,Hotels,0.0001974834108006,0,0,
a558cd12-e711-4fd3-bbd8-13c5089779fb,CUST005153,MERCH00156,2025-05-14 13:44:00,64.33,online,PL,IE,Jewelry,0.0003893079040574,0,0,
03c53c02-648b-49d0-9bad-8a5ab79cae57,CUST003737,MERCH00301,2025-05-14 13:50:00,104.48,atm_withdrawal,DE,DE,Fuel Stations,0.0002283066716325,0,0,
42d72c45-79e3-4fac-b0ab-de9b63cb1e77,CUST005883,MERCH00395,2025-05-14 13:50:00,852.51,card_not_present,PL,DE,Crypto / Money Transfer,0.0089248130685677,0,0,
d77d7fd1-cd61-47f7-90c5-02949ef19651,CUST003635,MERCH00372,2025-05-14 13:52:00,17.25,card_present,FR,FR,Electronics,5.168168020254222e-05,0,0,
34c40f9b-715f-4607-a87d-34f01c466822,CUST003063,MERCH00427,2025-05-14 13:54:00,51.09,card_not_present,IT,ES,Grocery Stores,0.0006000300334268,0,0,
330abdba-d2eb-452b-a4a6-9d30ab2ba226,CUST001683,MERCH00444,2025-05-14 13:55:00,292.35,card_not_present,FR,ES,Airlines,0.0005613043509874,0,0,
88a2e9cc-8bd1-4959-99a4-7011517da24e,CUST002646,MERCH00414,2025-05-14 13:57:00,105.41,card_present,DE,PL,Hotels,0.0003357238799902,0,0,
82885c44-4a3a-427a-a6d3-1101bb448bef,CUST005828,MERCH00230,2025-05-14 13:58:00,47.49,card_not_present,PL,NL,Jewelry,0.0004781389508795,0,0,
fbf8ae46-c8a6-4b25-888c-9d10b3bb09b1,CUST004100,MERCH00344,2025-05-14 13:58:00,22.49,card_not_present,NL,NL,Misc Retail,5.860369463451871e-05,0,0,
aa0d1288-50d4-4a28-a70e-a0d33ce75d62,CUST000149,MERCH00122,2025-05-14 13:58:00,21.3,card_not_present,DE,NL,Fuel Stations,0.0002473571778257,0,0,
8c7c2893-3e7f-4ff6-82a8-edf45c6561ad,CUST004225,MERCH00426,2025-05-14 13:58:00,145.48,online,FR,IT,Crypto / Money Transfer,0.0004405579451999,0,0,
b0aaf73b-359b-4866-8479-88e11729311e,CUST005051,MERCH00224,2025-05-14 13:59:00,15.42,card_not_present,NL,NL,Grocery Stores,7.275875429485955e-05,0,0,
666512ac-7570-4a5a-b2ef-d6c761b3369f,CUST004821,MERCH00161,2025-05-14 14:04:00,69.11,card_present,SE,ES,Clothing Stores,0.0003496937219117,0,0,
6f3b6cb1-2007-400f-bfbf-69aec650ff3f,CUST001434,MERCH00308,2025-05-14 14:04:00,127.15,card_not_present,FR,FR,Clothing Stores,5.711603240820525e-05,0,0,
127b4287-612b-42a3-8d03-fd8cbe0c7976,CUST000082,MERCH00393,2025-05-14 14:05:00,33.74,card_present,DE,IT,Misc Retail,0.0002987470516632,0,0,
747f2884-5f83-4cb3-94c5-3325ab43d4d3,CUST000949,MERCH00201,2025-05-14 14:05:00,124.14,card_not_present,ES,FR,Crypto / Money Transfer,0.0005051328792678,0,0,
b641856c-f64f-47b6-9ff8-825062bc6c16,CUST002960,,2025-05-14 14:08:00,59.04,wire_transfer,SE,SE,N/A (wire/ATM),4.284225528282033e-05,0,0,
9aabde12-aab3-4b10-ba2b-38e686bd2373,CUST002315,MERCH00049,2025-05-14 14:08:00,20.73,card_not_present,ES,ES,Utilities,8.035857446094911e-05,0,0,
827684f4-332c-4b29-be20-5f34abee7e34,CUST004925,MERCH00126,2025-05-14 14:08:00,87.49,online,PL,DE,Crypto / Money Transfer,0.0004167153883318,0,0,
9cd951a8-5b6f-4cb5-b44a-73c69ec81d0e,CUST001419,MERCH00049,2025-05-14 14:08:00,5.41,card_present,IT,IT,Utilities,5.9645998429748846e-05,0,0,
c12d530c-4af0-4128-825e-4dc70974c541,CUST004040,MERCH00181,2025-05-14 14:09:00,17.69,card_present,FR,FR,Fuel Stations,3.947244601738204e-05,0,0,
7acf6ea7-428f-47d7-b88d-78a6ee9eee7b,CUST003898,,2025-05-14 14:09:00,52.28,wire_transfer,PL,PL,N/A (wire/ATM),3.451305870562638e-05,0,0,
b0d22e34-c3da-4398-bbad-c7042766b9b2,CUST000629,MERCH00370,2025-05-14 14:09:00,15.2,card_present,IT,IT,Hotels,7.8094632876302e-05,0,0,
0ffb496c-6aeb-46c4-a782-1ef63eed3034,CUST002202,MERCH00089,2025-05-14 14:13:00,44.84,card_present,FR,FR,Direct Marketing / Subscriptions,7.271949762886276e-05,0,0,
bb2551cb-45e7-41ac-988c-0cecdf2c6189,CUST001284,MERCH00187,2025-05-14 14:15:00,188.03,card_present,SE,SE,Direct Marketing / Subscriptions,4.812442096995302e-05,0,0,
a720ff79-8995-432b-b216-6d2e6007e9d3,CUST005963,MERCH00197,2025-05-14 14:16:00,15.41,card_not_present,FR,ES,Utilities,0.0002801813794426,0,0,
53972c61-5f98-471e-8aa5-9f637dc8e131,CUST001257,MERCH00255,2025-05-14 14:17:00,60.58,atm_withdrawal,PL,FR,Direct Marketing / Subscriptions,0.0004834272910878,0,0,
50c3fb5e-a0c5-4579-8fe3-170203bbb19c,CUST003638,MERCH00022,2025-05-14 14:19:00,21.32,atm_withdrawal,SE,SE,Misc Retail,5.860369463451871e-05,0,0,
023437ed-df54-44bc-9694-4c2015be6402,CUST004193,MERCH00388,2025-05-14 14:20:00,6.11,atm_withdrawal,IT,IT,Fuel Stations,8.035857446094911e-05,0,0,
1b7f7d0b-b859-4312-a5b2-8a721558310b,CUST002682,MERCH00024,2025-05-14 14:21:00,55.36,card_present,NL,NL,Clothing Stores,7.086146902556566e-05,0,0,
f8bdf656-0611-4d10-81cc-9ba9142d74d9,CUST001271,MERCH00192,2025-05-14 14:22:00,481.24,atm_withdrawal,IT,NL,Restaurants,0.0005371863687715,0,0,
eba7b190-18e0-4454-a5f8-14dad274b8d3,CUST001017,MERCH00445,2025-05-14 14:23:00,146.28,card_present,SE,FR,Misc Retail,0.0004900817433714,0,0,
9044fc02-3d57-4ea9-86f7-51b3ab9c5de3,CUST002132,,2025-05-14 14:24:00,93.17,wire_transfer,ES,ES,N/A (wire/ATM),5.215210282126032e-05,0,0,
42944611-b9ef-47fa-9c63-5e5a06be17e4,CUST001353,MERCH00217,2025-05-14 14:24:00,28.08,online,DE,DE,Crypto / Money Transfer,7.8094632876302e-05,0,0,
80a554af-a9a1-4775-a162-573867df9762,CUST002363,MERCH00222,2025-05-14 14:24:00,89.43,card_present,SE,FR,Hotels,0.0003893079040574,0,0,
c5ff0682-cba3-40a7-a973-8e7927a0bcb2,CUST000724,MERCH00145,2025-05-14 14:25:00,11.38,card_not_present,DE,DE,Electronics,6.962877213748992e-05,0,0,
3b8f4c8b-b543-4161-bc29-731a5a8edbb7,CUST001248,MERCH00123,2025-05-14 14:25:00,65.99,card_not_present,SE,SE,Grocery Stores,6.483629147418578e-05,0,0,
d8d45902-fecf-4cc6-886c-c35cb3595ca7,CUST002688,MERCH00012,2025-05-14 14:26:00,15.01,online,NL,DE,Grocery Stores,0.0002071241370622,0,0,
e6c21717-544d-43ad-acb5-b776218b0a43,CUST001751,,2025-05-14 14:26:00,142.74,wire_transfer,DE,DE,N/A (wire/ATM),3.451305870562638e-05,0,0,
6309fdf8-f05d-4e12-a9ac-758f65b0bb85,CUST005556,MERCH00024,2025-05-14 14:26:00,57.9,card_not_present,FR,SE,Clothing Stores,0.000711682823437,0,0,
d4de9659-4b1f-4a99-a708-2c63f15495a9,CUST001419,MERCH00305,2025-05-14 14:27:00,8.3,online,DE,IT,Electronics,0.0060964728582418,0,0,
c3185dbe-15d9-4cee-98da-858c651bc530,CUST000966,MERCH00339,2025-05-14 14:28:00,74.08,card_not_present,IE,FR,Restaurants,0.0004452416318322,0,0,
09032ebe-f4ba-4974-9904-091c3b2958d3,CUST004817,MERCH00341,2025-05-14 14:29:00,142.81,card_present,IT,IT,Jewelry,5.168168020254222e-05,0,0,
baef6a0f-e238-4dd5-abec-109326b0f24e,CUST000591,MERCH00257,2025-05-14 14:33:00,47.73,card_not_present,NL,SE,Utilities,0.0007868577204721,0,0,
2bf65d57-30a9-4b12-8538-60a59ec881c9,CUST000864,MERCH00080,2025-05-14 14:34:00,42.32,card_not_present,ES,SE,Electronics,0.0007670929862162,0,0,
20d07aab-757b-4e0e-85fb-d84f72b46953,CUST003667,MERCH00276,2025-05-14 14:35:00,52.09,card_present,SE,NL,Misc Retail,0.0004900817433714,0,0,
e8923c3a-efe1-4ece-899f-7a8a97136412,CUST000168,MERCH00065,2025-05-14 14:37:00,13.55,card_not_present,DE,FR,Restaurants,0.0005752273128093,0,0,
b49fc0be-2c0d-4d84-a644-5d5272578e8e,CUST005467,MERCH00099,2025-05-14 14:39:00,4.66,card_present,FR,IE,Utilities,0.0004096114978954,0,0,
502f8ce1-cb7b-4877-99bb-f2e46f51e426,CUST004969,MERCH00216,2025-05-14 14:43:00,629.2,card_present,PL,PL,Fuel Stations,9.299950236139552e-05,0,0,
bcd3dd4b-785b-40ee-9ebd-c361b06cc395,CUST004694,MERCH00293,2025-05-14 14:44:00,94.43,card_not_present,PL,IT,Crypto / Money Transfer,0.0005244383171421,0,0,
7e880c03-9d37-47f5-8cc4-e841febc15de,CUST003309,MERCH00202,2025-05-14 14:45:00,121.48,card_present,ES,ES,Fuel Stations,5.392148408895181e-05,0,0,
f0524286-d16d-4b9c-9ef8-cfe7ca74f5e1,CUST003519,MERCH00092,2025-05-14 14:46:00,6.03,card_present,ES,DE,Hotels,0.0005881699729265,0,0,
3fbd46f7-6f01-4c3a-84c1-6c3297565bac,CUST001573,MERCH00235,2025-05-14 14:46:00,27.59,card_not_present,IE,IE,Clothing Stores,7.452370377658548e-05,0,0,
69ebdb2a-134e-4be7-ae04-f4597a1cebdf,CUST005010,MERCH00152,2025-05-14 14:49:00,48.24,card_present,FR,ES,Misc Retail,0.0004768541038613,0,0,
594dd742-83f2-471c-9279-a16132388c89,CUST004405,MERCH00445,2025-05-14 14:54:00,54.71,card_present,SE,ES,Misc Retail,0.0003077871387725,0,0,
29d83da1-37dc-4910-b86a-aa5e3a2051df,CUST005652,MERCH00241,2025-05-14 14:55:00,297.8,card_not_present,DE,IT,Crypto / Money Transfer,0.0005313102562659,0,0,
6e7ac70a-bba2-4beb-ad9b-1be9ce089c07,CUST000775,MERCH00272,2025-05-14 15:03:00,517.32,card_present,IE,IE,Electronics,0.0001085053738435,0,0,
8664d9d7-0781-403d-880c-4648708bfbd9,CUST000147,MERCH00107,2025-05-14 15:03:00,91.22,atm_withdrawal,IT,ES,Jewelry,0.0005244383171421,0,0,
3912a7f5-6cd6-430e-b71f-891d71dbfa97,CUST004362,MERCH00181,2025-05-14 15:07:00,132.06,online,IE,SE,Fuel Stations,0.0002541433402874,0,0,
5d220b64-d520-4ca8-9110-36c87e3cc778,CUST001036,,2025-05-14 15:09:00,96.75,wire_transfer,NL,NL,N/A (wire/ATM),3.451305870562638e-05,0,0,
725ababa-69cc-4295-9b2a-ffb12bea0df7,CUST001832,MERCH00062,2025-05-14 15:10:00,16.37,card_not_present,SE,FR,Clothing Stores,0.0004710803655321,0,0,
07819b26-5b37-4286-a17e-2d055edc1b9d,CUST000178,MERCH00321,2025-05-14 15:14:00,79.84,online,IE,DE,Hotels,0.0003694031945654,0,0,
8c897e11-bfd6-41d8-915b-f2d530843bb8,CUST005474,MERCH00405,2025-05-14 15:14:00,1776.32,card_not_present,DE,DE,Jewelry,0.0012078527781156,0,0,
fa6a34a5-e5d9-47c2-8298-455336197fc0,CUST000931,MERCH00305,2025-05-14 15:14:00,155.39,card_present,IE,IE,Electronics,6.41539940338825e-05,0,0,
781a1142-c070-4fcd-bceb-e6e38eae0bd3,CUST005038,MERCH00002,2025-05-14 15:19:00,72.24,card_not_present,SE,SE,Jewelry,8.643187424878454e-05,0,0,
6945d010-e07d-4c15-9643-2d44d30b2e5b,CUST001376,MERCH00038,2025-05-14 15:19:00,8.74,card_present,FR,FR,Electronics,5.168168020254222e-05,0,0,
5d5bfc2f-8004-41d1-8cc9-d91421838c01,CUST000369,,2025-05-14 15:21:00,165.48,wire_transfer,PL,PL,N/A (wire/ATM),3.451305870562638e-05,0,0,
7061bf0b-0ea7-4fd0-867e-10efebf9a19f,CUST004127,MERCH00436,2025-05-14 15:23:00,9.03,card_present,SE,SE,Grocery Stores,7.040684569234698e-05,0,0,
ad5a6a25-0526-4302-b621-2ca15f82084b,CUST004383,MERCH00257,2025-05-14 15:24:00,24.36,card_not_present,NL,NL,Utilities,5.3179958393195385e-05,0,0,
eb607ccd-58a7-49c8-a899-8d74dc8f1baf,CUST005790,MERCH00327,2025-05-14 15:24:00,50.28,card_not_present,DE,IT,Utilities,0.0005342455409357,0,0,
5103581d-8be3-4077-b8aa-2f745936f3fb,CUST003336,MERCH00147,2025-05-14 15:28:00,46.25,card_present,DE,DE,Airlines,5.168168020254222e-05,0,0,
b4ba1dae-ca8c-437c-b3b8-a5fcae7f881b,CUST005022,MERCH00118,2025-05-14 15:30:00,398.2,card_not_present,DE,DE,Jewelry,7.737533655219923e-05,0,0,
64e3007a-fc63-48bc-a065-da3d299c52bd,CUST005140,MERCH00169,2025-05-14 15:31:00,254.65,card_not_present,SE,SE,Direct Marketing / Subscriptions,7.204970581350819e-05,0,0,
b9d3304b-20d8-4e59-8429-2d5d653f5464,CUST002526,MERCH00210,2025-05-14 15:33:00,11.72,card_present,FR,FR,Hotels,7.993109117422968e-05,0,0,
fa008b78-b188-4c2f-903a-6b5cad42750c,CUST004063,MERCH00393,2025-05-14 15:34:00,5.29,online,DE,NL,Misc Retail,0.0002023315125137,0,0,
7009455e-da0c-41c5-a15e-2a085014524d,CUST004199,MERCH00364,2025-05-14 15:34:00,14.37,card_present,ES,ES,Utilities,5.9645998429748846e-05,0,0,
a98cbbb6-15a3-4eb2-9fe4-d933cd9a65d1,CUST002981,MERCH00072,2025-05-14 15:36:00,142.51,online,IT,IT,Grocery Stores,7.271949762886276e-05,0,0,
fafab503-dfa5-4ebb-825d-d9c2edb92eb4,CUST000335,MERCH00018,2025-05-14 15:37:00,22.22,card_not_present,IT,IT,Direct Marketing / Subscriptions,9.79715117179777e-05,0,0,
9ad19b73-98f8-4791-bf22-58b792764fb5,CUST001500,MERCH00449,2025-05-14 15:39:00,396.68,card_present,ES,PL,Grocery Stores,0.0003588602692009,0,0,
71db2427-0dfc-4a49-9c7d-8ffa8bc66bd5,CUST005661,MERCH00296,2025-05-14 15:39:00,57.36,card_present,FR,FR,Jewelry,7.8094632876302e-05,0,0,
888469a1-c92c-4702-acad-38e2f17c8f66,CUST000563,MERCH00441,2025-05-14 15:40:00,12.77,card_not_present,DE,DE,Grocery Stores,8.856903869674524e-05,0,0,
2d331eab-df21-4983-81af-ee9175dada03,CUST001932,MERCH00177,2025-05-14 15:43:00,168.84,card_present,NL,DE,Utilities,0.0001574999637697,0,0,
9c1aeaca-a10f-4de2-96b0-79cdf918ad1b,CUST001977,MERCH00370,2025-05-14 15:44:00,19.65,atm_withdrawal,IT,IT,Hotels,0.0001076870781416,0,0,
0c9defe6-32f1-4da6-9486-4bd9c11c16f8,CUST000920,MERCH00344,2025-05-14 15:47:00,29.96,card_present,DE,DE,Misc Retail,6.727484568588923e-05,0,0,
3f4380c2-3192-415d-bf6a-c056ce4ed3d1,CUST000494,MERCH00256,2025-05-14 15:50:00,151.08,card_not_present,FR,FR,Direct Marketing / Subscriptions,6.913792377225665e-05,0,0,
434d8d6d-eeaa-4b35-b1e2-93c06a1861ba,CUST005183,MERCH00259,2025-05-14 15:51:00,28.57,card_not_present,ES,NL,Fuel Stations,0.0003423736331584,0,0,
d6ec6920-e1a5-4ea6-a24d-f182100dc84f,CUST000560,MERCH00062,2025-05-14 15:54:00,27.92,atm_withdrawal,FR,FR,Clothing Stores,1.666393063482821e-06,0,0,
b09b9af1-7551-43a4-bbd0-35293087b066,CUST004529,MERCH00108,2025-05-14 15:56:00,47.52,atm_withdrawal,FR,FR,Hotels,6.962877213748992e-05,0,0,
2a910f40-bffe-4bad-b0a1-3e19aa80b36f,CUST002949,MERCH00143,2025-05-14 15:56:00,87.6,online,DE,NL,Fuel Stations,0.0001215131386249,0,0,
5d995699-6a5f-4c5f-97ec-c87f10e4bdf6,CUST005645,MERCH00259,2025-05-14 15:57:00,387.76,card_not_present,ES,PL,Fuel Stations,0.0004722299889043,0,0,
4710b88c-a139-40de-b36b-9ed5cb72e2db,CUST004743,MERCH00179,2025-05-14 15:58:00,326.9,card_present,ES,NL,Fuel Stations,0.0002541433402874,0,0,
0d831925-43c8-4cc5-aac7-175f6196c1a1,CUST002722,MERCH00249,2025-05-14 15:59:00,35.65,card_not_present,NL,NL,Restaurants,6.483629147418578e-05,0,0,
2549f651-4c07-4393-afd4-1ca7b61bbb4f,CUST005769,MERCH00307,2025-05-14 16:01:00,51.63,card_present,IE,PL,Misc Retail,0.0003077871387725,0,0,
41853b89-daae-4113-86a6-c2bce28bd4e9,CUST004399,MERCH00097,2025-05-14 16:05:00,15.21,card_not_present,NL,NL,Utilities,5.3179958393195385e-05,0,0,
752a0245-7a71-4236-8448-604ec2b817a6,CUST005276,MERCH00139,2025-05-14 16:08:00,61.08,atm_withdrawal,SE,PL,Misc Retail,0.0004251790419786,0,0,
3f0719f7-dbce-4033-875c-4e25994565b0,CUST000549,MERCH00265,2025-05-14 16:08:00,11.93,card_not_present,NL,NL,Electronics,0.0001052129787404,0,0,
b9ebf09f-0af5-4121-9129-147d95af1a97,CUST003905,MERCH00008,2025-05-14 16:09:00,10.4,online,PL,PL,Jewelry,5.168168020254222e-05,0,0,
5642d9ac-32e2-4e1f-a77e-22da2a052638,CUST000949,MERCH00345,2025-05-14 16:10:00,111.92,card_present,ES,FR,Airlines,0.0003749749729195,0,0,
3b0948e9-c2ff-4a51-a3fc-fb7fa3733327,CUST001149,MERCH00320,2025-05-14 16:16:00,16.35,card_present,ES,ES,Utilities,4.455588774636966e-05,0,0,
d906e00c-4d91-45ab-854c-8ff888e9f835,CUST002441,MERCH00368,2025-05-14 16:24:00,6.78,card_present,PL,FR,Grocery Stores,0.0005421778410369,0,0,
1bf36c8a-fafb-4b64-954f-9d168fc5cc10,CUST003419,MERCH00372,2025-05-14 16:27:00,15.88,online,DE,NL,Electronics,0.0001590943668464,0,0,
04859464-0fa1-41b5-a335-a48fb2263962,CUST003025,MERCH00419,2025-05-14 16:29:00,135.26,card_present,NL,NL,Crypto / Money Transfer,5.168168020254222e-05,0,0,
7cd1ec5f-f976-4e46-9620-c3d1639e71ca,CUST000907,MERCH00030,2025-05-14 16:31:00,27.99,card_not_present,PL,PL,Electronics,6.962877213748992e-05,0,0,
6e170b99-845a-4101-93b7-01f1a7b78eaa,CUST000490,MERCH00200,2025-05-14 16:34:00,50.62,card_present,PL,IT,Misc Retail,0.0003243728414593,0,0,
e0ebc582-b1bb-4ee5-a9e6-c5e9c1e4c421,CUST002062,MERCH00247,2025-05-14 16:39:00,39.36,atm_withdrawal,PL,PL,Jewelry,8.643187424878454e-05,0,0,
9408f6f6-87d9-4e2f-a472-0f48dc1dc03a,CUST001626,MERCH00322,2025-05-14 16:40:00,75.32,online,FR,IE,Direct Marketing / Subscriptions,0.0031937643401327,0,0,
f3442efb-29b2-4e4d-a0d6-d92366141def,CUST002662,MERCH00376,2025-05-14 16:41:00,1242.29,card_not_present,IE,ES,Utilities,0.0059057027442688,0,0,
5ef832cb-2697-4c58-bce3-8be48be83973,CUST002957,MERCH00129,2025-05-14 16:42:00,48.74,online,SE,PL,Grocery Stores,0.0004334078118472,0,0,
7a574d48-c65f-458b-b02b-ad9219117b3e,CUST005713,MERCH00322,2025-05-14 16:43:00,133.04,card_present,DE,DE,Direct Marketing / Subscriptions,4.812442096995302e-05,0,0,
5951b222-7448-4f2f-9a2c-103699250102,CUST001995,MERCH00272,2025-05-14 16:44:00,53.72,online,DE,IT,Electronics,0.0004405579451999,0,0,
4f832c2b-8264-4cf3-9914-9725e02234e8,CUST003084,MERCH00437,2025-05-14 16:47:00,92.27,card_not_present,IT,DE,Hotels,0.0005639477087679,0,0,
957eb910-ecef-4066-a91a-bc45b84b2e2b,CUST000694,,2025-05-14 16:47:00,28.44,wire_transfer,SE,SE,N/A (wire/ATM),5.215210282126032e-05,0,0,
6bb3c861-a3ba-4383-85e1-0d64da648dcf,CUST002394,MERCH00059,2025-05-14 16:48:00,253.78,card_present,FR,FR,Fuel Stations,3.5684015772054174e-05,0,0,
30fac30f-03c1-4f4e-bcf3-038d57db1603,CUST001970,MERCH00101,2025-05-14 16:48:00,333.25,card_present,IE,DE,Clothing Stores,0.0005283311961871,0,0,
9cf574d1-2d0c-45b1-83a6-3ea68d2e3c30,CUST000893,MERCH00150,2025-05-14 16:50:00,36.29,card_present,FR,NL,Airlines,0.0004812977137763,0,0,
ae2716e0-6058-4d32-a852-0ba128d01dd0,CUST003089,MERCH00267,2025-05-14 16:51:00,142.15,card_present,FR,FR,Hotels,6.41539940338825e-05,0,0,
f6769746-abf1-4cb8-90d5-6190cfc15d54,CUST001544,MERCH00025,2025-05-14 16:52:00,324.26,online,ES,FR,Jewelry,0.0005665197976678,0,0,
2b96571f-dde1-49c4-96c6-6b9d8d43fbd6,CUST003361,MERCH00055,2025-05-14 16:52:00,72.23,card_present,FR,NL,Utilities,0.0002877568788069,0,0,
5b8f6837-03b0-42af-a1a1-6be52c12c838,CUST003556,,2025-05-14 16:54:00,56.99,wire_transfer,DE,DE,N/A (wire/ATM),5.215210282126032e-05,0,0,
80e05a72-e0d4-4a7e-9168-cead60bd4d59,CUST002191,MERCH00263,2025-05-14 16:54:00,31.87,online,SE,SE,Clothing Stores,7.086146902556566e-05,0,0,
8a07729e-ee2d-4c59-9144-da43760d92a0,CUST002740,MERCH00214,2025-05-14 16:56:00,735.19,card_not_present,IE,FR,Crypto / Money Transfer,0.0086182774729611,0,0,
3df9646f-c0f0-4ace-b00f-9642b564a83a,CUST002733,MERCH00375,2025-05-14 16:56:00,214.03,card_not_present,FR,DE,Jewelry,0.0005025587441476,0,0,
19b25230-2b86-444e-a720-74ae7b81257f,CUST002632,MERCH00288,2025-05-14 16:56:00,9.78,card_present,PL,PL,Crypto / Money Transfer,7.410059585027263e-05,0,0,
57d9b985-fde2-4a07-8053-2db052d4e563,CUST004810,MERCH00355,2025-05-14 16:59:00,26.54,card_not_present,IT,FR,Restaurants,0.0006726559386034,0,0,
46be5257-43e9-4624-b0c9-b17597c52bfc,CUST000978,MERCH00129,2025-05-14 17:02:00,102.13,card_present,SE,PL,Grocery Stores,0.0003156700890087,0,0,
758e0e7e-a285-43a3-af2d-ee142455c378,CUST003730,MERCH00292,2025-05-14 17:03:00,76.42,card_not_present,IE,DE,Fuel Stations,0.0003423736331584,0,0,
ecb2e520-bb46-4889-88b5-6566de66c455,CUST004577,MERCH00103,2025-05-14 17:03:00,387.28,online,IT,SE,Airlines,0.0003893079040574,0,0,
09d3514a-3514-4671-9e73-23ee1a07afef,CUST005835,,2025-05-14 17:07:00,31.67,wire_transfer,DE,DE,N/A (wire/ATM),4.284225528282033e-05,0,0,
144539a7-ccda-4929-9d7a-29a3d86c90fa,CUST005597,MERCH00338,2025-05-14 17:13:00,17.28,card_present,IT,ES,Electronics,0.0005881699729265,0,0,
2a3b1344-152d-4732-8720-6bf8d6f8728d,CUST001367,MERCH00170,2025-05-14 17:14:00,102.99,card_not_present,FR,FR,Restaurants,6.483629147418578e-05,0,0,
ef3bde7a-0142-4708-80f4-75c2e3c49f0f,CUST002812,MERCH00117,2025-05-14 17:15:00,614.09,card_present,ES,ES,Utilities,8.287327333646813e-05,0,0,
4a98b5d3-9778-4d67-bf95-02efd3136099,CUST000967,MERCH00238,2025-05-14 17:15:00,3.97,card_not_present,DE,FR,Utilities,0.1897667680119805,0,0,
b0123d34-ed77-41dc-b047-e17ffe103ea5,CUST004522,MERCH00321,2025-05-14 17:16:00,7.95,card_not_present,FR,FR,Hotels,0.0001018670625626,0,0,
72ac6cf2-8e42-463c-8d0c-07d5b80fc19d,CUST001351,MERCH00206,2025-05-14 17:19:00,92.14,atm_withdrawal,FR,FR,Airlines,7.793022084136541e-05,0,0,
1de4dd39-dfe3-411c-91d7-37e23e88eb3d,CUST002521,MERCH00156,2025-05-14 17:26:00,53.64,online,PL,PL,Jewelry,4.9038429182940645e-05,0,0,
5e60d3e4-3978-4cc0-8b92-ac64046807db,CUST002606,MERCH00261,2025-05-14 17:27:00,86.29,card_present,PL,IT,Utilities,0.0003717805597319,0,0,
078e695f-20c1-41dd-b794-fdc7ef3f5a8f,CUST003454,MERCH00324,2025-05-14 17:29:00,9.96,card_present,IT,IT,Restaurants,7.271949762886276e-05,0,0,
6d6a5298-66dc-4c7a-8fee-c5c634992cd8,CUST004948,MERCH00276,2025-05-14 17:30:00,93.21,atm_withdrawal,DE,DE,Misc Retail,8.855396745052996e-05,0,0,
fb494eda-2568-4829-904f-fca6631a746b,CUST001553,,2025-05-14 17:33:00,29.53,wire_transfer,NL,NL,N/A (wire/ATM),5.215210282126032e-05,0,0,
57572c55-4408-45e2-8006-d4408ed84556,CUST003457,MERCH00280,2025-05-14 17:33:00,64.77,card_not_present,DE,DE,Crypto / Money Transfer,6.962877213748992e-05,0,0,
16d09221-5f8d-4193-9cec-74da883aed3c,CUST000229,MERCH00296,2025-05-14 17:35:00,453.66,card_present,NL,IE,Jewelry,0.0003367862938269,0,0,
36967500-264b-4e09-b48a-659f1c438db1,CUST004710,MERCH00424,2025-05-14 17:36:00,39.52,card_present,PL,NL,Grocery Stores,0.0004993538261975,0,0,
feafc161-b804-443d-9d80-ae815c07ea22,CUST002035,MERCH00105,2025-05-14 17:38:00,33.21,card_present,SE,DE,Jewelry,0.0003549341170108,0,0,
738b8ae1-0719-464b-b25e-272f52b55f9d,CUST005850,MERCH00036,2025-05-14 17:39:00,213.62,card_not_present,FR,FR,Fuel Stations,8.929877879422903e-05,0,0,
ded8bd84-a587-4547-8869-2d9bb3a6b5b3,CUST002919,MERCH00053,2025-05-14 17:39:00,17.2,card_present,NL,ES,Restaurants,0.0005421778410369,0,0,
55b7da2d-1312-445a-a0b8-63e7316bda45,CUST002971,MERCH00256,2025-05-14 17:40:00,6.15,atm_withdrawal,DE,DE,Direct Marketing / Subscriptions,9.79715117179777e-05,0,0,
69329bb9-fd88-4213-8e3e-e0f03a837900,CUST000287,MERCH00293,2025-05-14 17:44:00,26.68,online,DE,DE,Crypto / Money Transfer,5.168168020254222e-05,0,0,
a4a33fd6-6b53-4b59-997f-771f71e7f9ca,CUST005019,,2025-05-14 17:46:00,13.27,wire_transfer,IE,IE,N/A (wire/ATM),5.215210282126032e-05,0,0,
013b4964-a03d-4eb9-a49f-98cf09b4235f,CUST002005,MERCH00333,2025-05-14 17:47:00,152.94,online,IT,IE,Direct Marketing / Subscriptions,0.0003588602692009,0,0,
dcc61765-2fee-4ce8-a596-e59e648d207b,CUST000184,MERCH00065,2025-05-14 17:47:00,124.59,card_not_present,NL,NL,Restaurants,5.86136688592343e-05,0,0,
cb65481b-d1fb-42e7-a9ab-ad9620509eac,CUST003549,MERCH00384,2025-05-14 17:47:00,298.46,card_present,FR,SE,Restaurants,0.0003588602692009,0,0,
eb835d9d-ddcb-431d-89d3-8a5107de2a30,CUST000731,MERCH00404,2025-05-14 17:50:00,602.05,online,ES,ES,Clothing Stores,0.0001698745440013,0,0,
4cbcec8a-dd50-467b-83e3-861a1c120635,CUST004732,MERCH00277,2025-05-14 17:51:00,165.69,card_present,DE,DE,Misc Retail,6.572915208119079e-05,0,0,
868852dc-013f-42ae-9d65-fe170cfb02ef,CUST004839,MERCH00433,2025-05-14 17:55:00,100.36,online,FR,FR,Electronics,4.9038429182940645e-05,0,0,
c067f9a7-69af-4501-8ad7-3574352dd0f2,CUST002758,MERCH00445,2025-05-14 17:56:00,17.96,card_present,SE,FR,Misc Retail,0.0005016015509587,0,0,
8d187ad6-e460-4eab-bfe6-d031e3ff5b86,CUST001291,MERCH00292,2025-05-14 17:57:00,12.58,online,NL,FR,Fuel Stations,0.0003323599294987,0,0,
f631a75f-cfaf-497c-baeb-d65df66d670d,CUST005775,MERCH00030,2025-05-14 17:59:00,522.62,card_present,DE,DE,Electronics,0.0001346890738992,0,0,
c3ffa56a-7e5c-4837-8c0c-b454eeafc886,CUST003038,MERCH00126,2025-05-14 18:03:00,155.76,card_not_present,PL,PL,Crypto / Money Transfer,8.213065847050307e-05,0,0,
072b6107-9cf5-4765-ae6a-8dd2f162b520,CUST004082,MERCH00265,2025-05-14 18:04:00,29.7,card_not_present,FR,NL,Electronics,0.0006832618381503,0,0,
b724a582-a5bc-4d8e-a7e6-f457efdd219e,CUST002846,MERCH00263,2025-05-14 18:08:00,34.56,card_present,DE,DE,Clothing Stores,5.8211943937857405e-05,0,0,
d1abab8f-e545-4eca-9514-0998740ac777,CUST000054,MERCH00384,2025-05-14 18:11:00,51.51,card_not_present,FR,IT,Restaurants,0.0003819443434056,0,0,
9419566c-543f-45e2-becc-2e0d4fab5abc,CUST001703,MERCH00353,2025-05-14 18:11:00,54.08,atm_withdrawal,IT,ES,Utilities,0.0004538174809677,0,0,
128dbd37-94df-450e-b2bf-6f60dca1c5de,CUST003823,MERCH00374,2025-05-14 18:12:00,20.28,card_not_present,FR,FR,Direct Marketing / Subscriptions,8.575237711217194e-05,0,0,
5d54ba1e-a599-4d0e-bbb5-562480185236,CUST002890,MERCH00385,2025-05-14 18:15:00,24.83,card_not_present,NL,NL,Misc Retail,5.0269600292323576e-05,0,0,
b6662b07-64bf-4c9e-ae37-301e300b9556,CUST001814,MERCH00291,2025-05-14 18:15:00,89.47,online,ES,IT,Electronics,0.0003893079040574,0,0,
fb2fe5ec-2e52-4775-868d-b35f8d77b294,CUST004735,MERCH00112,2025-05-14 18:16:00,9.61,atm_withdrawal,FR,FR,Grocery Stores,6.913792377225665e-05,0,0,
da0dc849-04c0-42ca-b04e-8e1084a15c23,CUST003327,MERCH00337,2025-05-14 18:18:00,1068.09,card_not_present,ES,NL,Jewelry,0.0109449555946481,0,0,
5934d5b4-f6f3-40a4-ad98-b903974883cf,CUST004835,MERCH00206,2025-05-14 18:18:00,107.67,atm_withdrawal,IE,SE,Airlines,0.0007922715391075,0,0,
e4b9d8cd-5b06-4343-a459-411abb789013,CUST004838,MERCH00021,2025-05-14 18:19:00,1101.71,atm_withdrawal,IT,IT,Fuel Stations,0.0012034857561966,0,0,
6f86e45b-ca2e-4c8a-afe3-e8cbdf7d439e,CUST002032,MERCH00069,2025-05-14 18:19:00,10.85,card_present,ES,ES,Grocery Stores,7.271949762886276e-05,0,0,
21099164-d847-4647-bbf9-896a060c7ccc,CUST001729,MERCH00134,2025-05-14 18:23:00,105.5,card_present,IT,IT,Airlines,7.561105185791929e-05,0,0,
60cf0004-1a5d-45c3-9e1a-952b335720ba,CUST002566,MERCH00350,2025-05-14 18:23:00,114.55,online,IT,IT,Utilities,5.774909066208043e-05,0,0,
fe1cc2ef-7572-4c78-bdfe-48d0a53cf66b,CUST002490,MERCH00080,2025-05-14 18:24:00,41.26,card_not_present,ES,IT,Electronics,0.0006185510052821,0,0,
f0b80345-873b-4cc9-b1de-86ab8ba0f0b9,CUST003074,MERCH00174,2025-05-14 18:25:00,74.24,card_not_present,ES,ES,Direct Marketing / Subscriptions,6.483629147418578e-05,0,0,
28d54fb1-58ce-4455-b7d6-7a95aeda85f8,CUST004685,MERCH00417,2025-05-14 18:30:00,230.35,card_present,DE,PL,Direct Marketing / Subscriptions,0.0004051839694615,0,0,
9326f983-298a-41f7-be38-8ccdadef20a1,CUST001060,MERCH00276,2025-05-14 18:31:00,122.04,card_present,SE,SE,Misc Retail,6.572915208119079e-05,0,0,
adeccf17-44dd-494a-a602-f8324a8a2329,CUST003645,MERCH00066,2025-05-14 18:32:00,57.0,online,IE,SE,Misc Retail,0.0004650270206735,0,0,
52e6e977-a652-49e1-9b85-637b8f35c490,CUST004745,MERCH00391,2025-05-14 18:35:00,163.23,card_present,IT,IT,Clothing Stores,4.689478247181653e-05,0,0,
b243ed7e-90dc-46be-81e9-5911d7560455,CUST004900,MERCH00032,2025-05-14 18:39:00,25.52,card_not_present,SE,SE,Restaurants,9.79715117179777e-05,0,0,
15aa93a0-9369-4591-8a43-d6b2dcda632a,CUST001507,MERCH00429,2025-05-14 18:42:00,302.43,online,DE,DE,Utilities,3.5684015772054174e-05,0,0,
21f196b9-4dbb-48dc-a856-680c60c99214,CUST004487,MERCH00380,2025-05-14 18:42:00,72.53,card_present,IE,ES,Utilities,0.0002411477181994,0,0,
fe969b78-6a3f-43cf-b7df-e7563cf1be16,CUST003439,MERCH00047,2025-05-14 18:43:00,5.19,card_present,FR,FR,Misc Retail,6.572915208119079e-05,0,0,
9d5fdfb7-5332-490b-b96a-002f633d62e4,CUST005848,MERCH00310,2025-05-14 18:44:00,7.19,card_present,FR,FR,Clothing Stores,7.046616028758953e-05,0,0,
ee4b92eb-b808-40c8-b7f4-ee8e1e6746a9,CUST005967,MERCH00436,2025-05-14 18:47:00,197.0,card_present,SE,ES,Grocery Stores,0.0003588602692009,0,0,
e5ae07ce-4ec6-4416-884c-26ea452d4c9f,CUST005551,MERCH00303,2025-05-14 18:47:00,15.02,card_not_present,FR,FR,Misc Retail,8.855396745052996e-05,0,0,
1e378668-05ff-4542-89da-2d9fb6e343ca,CUST005357,MERCH00258,2025-05-14 18:47:00,987.39,card_not_present,SE,SE,Fuel Stations,0.001220642583952,0,0,
a0d882a9-a498-4a6a-9bb3-0e3bfcd17e5b,CUST004393,MERCH00444,2025-05-14 18:47:00,59.3,atm_withdrawal,IE,IE,Airlines,6.962877213748992e-05,0,0,
42ba55de-3f34-4d4e-8dcf-655ecbe9296c,CUST000308,,2025-05-14 18:48:00,44.15,wire_transfer,DE,DE,N/A (wire/ATM),3.451305870562638e-05,0,0,
5ca55201-cf76-4a45-adce-a1746d4cc44b,CUST000011,MERCH00062,2025-05-14 18:50:00,30.27,card_present,SE,FR,Clothing Stores,0.000509555837252,0,0,
7537ea87-ad8b-48f3-92ff-4af1b8948ec8,CUST005493,MERCH00171,2025-05-14 18:54:00,8.71,online,DE,DE,Electronics,5.168168020254222e-05,0,0,
353fc731-ecb3-4f90-8c7f-84d68132d043,CUST005209,MERCH00046,2025-05-14 18:58:00,337.29,card_present,NL,DE,Jewelry,0.0001590943668464,0,0,
2899a38c-6c93-4783-850c-17829af56253,CUST001522,MERCH00314,2025-05-14 18:59:00,10.73,card_not_present,NL,PL,Grocery Stores,0.0006726559386034,0,0,
b2d5166c-3afb-45d6-9c9b-656177540169,CUST001201,MERCH00246,2025-05-14 18:59:00,42.6,card_present,ES,ES,Misc Retail,6.363879551002014e-05,0,0,
d246106f-7460-4eae-85ed-6eefc6c0db33,CUST004981,MERCH00009,2025-05-14 19:00:00,298.1,card_not_present,ES,FR,Crypto / Money Transfer,0.0005613043509874,0,0,
96607e0d-a559-44ee-b8e8-39f2d9fdb9db,CUST000042,,2025-05-14 19:00:00,432.76,wire_transfer,DE,DE,N/A (wire/ATM),3.835296651872995e-05,0,0,
3188506e-5108-4589-aa39-aa85a94b34db,CUST002812,MERCH00319,2025-05-14 19:03:00,160.6,card_present,ES,ES,Utilities,5.2326029902445984e-05,0,0,
9cf33165-5eb4-40ee-9fb4-91caa9e311af,CUST003548,MERCH00021,2025-05-14 19:04:00,260.62,atm_withdrawal,IT,DE,Fuel Stations,0.0004058399805683,0,0,
ed93d977-cd48-4db9-b9db-f14f3c4b4ebe,CUST003543,MERCH00157,2025-05-14 19:06:00,42.82,card_present,IE,NL,Grocery Stores,0.0004102452449061,0,0,
18e40658-afc4-4959-81ae-5846ce29e5ed,CUST001278,MERCH00107,2025-05-14 19:10:00,60.08,online,ES,FR,Jewelry,0.0003749749729195,0,0,
c68ff7c4-0a17-4341-a2d4-4923463ef1f3,CUST001896,MERCH00443,2025-05-14 19:11:00,89.45,atm_withdrawal,IT,PL,Electronics,0.00131213553057,0,0,
eddc933e-7988-4e03-a45b-d81ea1c1a43c,CUST002539,MERCH00053,2025-05-14 19:15:00,37.87,atm_withdrawal,DE,DE,Restaurants,8.403934836065801e-05,0,0,
0aaff787-452c-42a4-bc24-ac5e49f46fe8,CUST002122,MERCH00026,2025-05-14 19:16:00,36.32,atm_withdrawal,IT,ES,Grocery Stores,0.0007474941488128,0,0,
aa7da220-ba9d-419f-872d-e532f2530850,CUST002460,MERCH00169,2025-05-14 19:16:00,62.32,card_present,NL,IE,Direct Marketing / Subscriptions,0.0003305108377448,0,0,
d3aeb316-46d2-4865-9c9c-d8fe6d92ee19,CUST003744,MERCH00254,2025-05-14 19:18:00,40.76,online,IE,IE,Crypto / Money Transfer,5.168168020254222e-05,0,0,
3d819e7f-42d8-4f48-91ac-3f1e92f1564c,CUST004229,MERCH00116,2025-05-14 19:20:00,14.18,online,NL,DE,Electronics,0.0001590943668464,0,0,
58e9d585-5830-4db9-bbfb-752546d85a8a,CUST000367,MERCH00007,2025-05-14 19:25:00,101.58,online,NL,IT,Grocery Stores,0.0005549215338985,0,0,
f5dd5e9e-f3cc-4e63-a6b9-199101908b26,CUST005577,MERCH00260,2025-05-14 19:27:00,153.86,card_not_present,FR,ES,Crypto / Money Transfer,0.0005051328792678,0,0,
b396eee6-b682-4d06-b6fd-bd01151b16bd,CUST001567,MERCH00109,2025-05-14 19:29:00,57.09,card_present,FR,FR,Utilities,2.866041803129916e-05,0,0,
cb7e2d3f-6528-44bd-a238-932a8e0b574a,CUST001199,MERCH00197,2025-05-14 19:35:00,81.09,online,IE,IE,Utilities,5.774909066208043e-05,0,0,
85bca46d-8813-484d-a6c1-ca9473eb6dcc,CUST000132,MERCH00230,2025-05-14 19:37:00,55.95,card_not_present,IT,FR,Jewelry,0.0004781389508795,0,0,
f7cc3388-3882-4900-ae8f-ff413df55e61,CUST004899,MERCH00096,2025-05-14 19:39:00,22.46,online,IE,PL,Electronics,0.0005581034309312,0,0,
dcdaee90-0f17-4072-b29d-e32f99bfd160,CUST003911,MERCH00341,2025-05-14 19:40:00,17.04,online,PL,ES,Jewelry,0.0003893079040574,0,0,
36c0bac3-16eb-406f-9c61-a094f7fec7bc,CUST003639,MERCH00339,2025-05-14 19:42:00,87.75,online,IE,IT,Restaurants,0.0005421778410369,0,0,
44fc361b-b0a9-495c-8207-da316e6994e8,CUST004680,MERCH00370,2025-05-14 19:49:00,294.93,card_not_present,PL,ES,Hotels,0.0006185510052821,0,0,
8823c75d-f340-4d2a-bab6-a1fd51afe0c4,CUST004680,MERCH00032,2025-05-14 19:50:00,226.03,online,IT,ES,Restaurants,0.0051313239964567,0,0,
f91ce75c-bc87-45a1-8d98-c06eff08cb96,CUST001434,MERCH00198,2025-05-14 19:50:00,42.61,online,IT,FR,Direct Marketing / Subscriptions,0.000483479754352,0,0,
595e9a14-c08a-4bc5-a0cc-6724c17d7349,CUST002533,MERCH00168,2025-05-14 19:52:00,57.83,card_not_present,IE,IE,Fuel Stations,8.035857446094911e-05,0,0,
06fadb82-fcaa-47e7-93d2-17ff9b435a5e,CUST002063,MERCH00115,2025-05-14 19:55:00,118.15,online,DE,DE,Jewelry,4.9038429182940645e-05,0,0,
b20b0c7d-3709-42a5-9d6b-92d1a1fe9c05,CUST000327,MERCH00207,2025-05-14 19:56:00,55.42,card_not_present,PL,ES,Restaurants,0.0004834272910878,0,0,
94019d07-a560-46ee-b6f5-02b62496766f,CUST005961,MERCH00147,2025-05-14 19:57:00,147.39,atm_withdrawal,ES,DE,Airlines,0.0005244383171421,0,0,
0f3cc664-f734-4434-bfac-7f2e6c3f33ab,CUST004228,MERCH00007,2025-05-14 20:01:00,23.24,card_present,PL,PL,Grocery Stores,7.271949762886276e-05,0,0,
bb006cbc-d52e-46a9-a6a5-660a18fd3cc2,CUST004592,MERCH00186,2025-05-14 20:01:00,73.2,card_present,PL,PL,Clothing Stores,7.086146902556566e-05,0,0,
20f1a1d5-a830-45ff-a2d6-fa2fd824d08b,CUST000308,MERCH00231,2025-05-14 20:02:00,19.96,atm_withdrawal,ES,DE,Jewelry,0.00131213553057,0,0,
972ceb31-f979-4a32-a1c5-e430c21e7303,CUST005043,MERCH00403,2025-05-14 20:08:00,20.21,card_not_present,IT,PL,Electronics,0.001467178071934,0,0,
bc55f3b8-97f7-488b-bb9e-4ca7ae18ef2e,CUST002772,MERCH00414,2025-05-14 20:12:00,29.2,online,NL,NL,Hotels,0.0005568452181281,0,0,
23e2aac5-1a0b-4461-8c84-2bfc04fa643f,CUST000379,MERCH00362,2025-05-14 20:15:00,35.66,card_present,FR,IT,Grocery Stores,0.0004993538261975,0,0,
5c92c7a9-73f2-40d5-98cd-f08c0f44ba97,CUST002588,MERCH00083,2025-05-14 20:23:00,314.09,online,NL,IT,Direct Marketing / Subscriptions,0.0003588602692009,0,0,
edd7985f-2b1c-4f22-bde9-1633cc446833,CUST000804,MERCH00152,2025-05-14 20:26:00,95.07,card_present,IE,IE,Misc Retail,5.638179592033104e-05,0,0,
9d8197e0-c21b-45d8-9a14-f71cda5993c8,CUST005134,MERCH00434,2025-05-14 20:38:00,145.91,card_present,ES,ES,Crypto / Money Transfer,4.9038429182940645e-05,0,0,
1204ca9a-1f2f-427a-9521-c514a9fe1325,CUST004207,MERCH00255,2025-05-14 20:43:00,8.82,online,FR,FR,Direct Marketing / Subscriptions,0.0007042702416225,0,0,
b0c5fca6-d926-462a-80f0-b735cff75178,CUST004491,MERCH00406,2025-05-14 20:46:00,298.65,online,ES,ES,Crypto / Money Transfer,5.168168020254222e-05,0,0,
46c84d36-a716-4c4c-9c67-3eef5ac18780,CUST004281,MERCH00280,2025-05-14 20:48:00,87.49,card_present,FR,FR,Crypto / Money Transfer,7.410059585027263e-05,0,0,
c313d64c-0837-43b5-a61e-70e8e6eb415d,CUST000160,MERCH00282,2025-05-14 20:53:00,97.3,atm_withdrawal,DE,DE,Jewelry,6.962877213748992e-05,0,0,
f3fe3f7d-64e0-4a7b-bf2e-306f0dd08a47,CUST003059,MERCH00443,2025-05-14 20:53:00,57.73,online,IT,IT,Electronics,5.168168020254222e-05,0,0,
4e789743-2dee-46c3-969c-a529623b9a14,CUST003679,MERCH00410,2025-05-14 20:54:00,331.73,online,NL,NL,Airlines,5.168168020254222e-05,0,0,
624aa436-3fcc-42a8-9012-d387fc10af40,CUST001939,MERCH00344,2025-05-14 21:04:00,194.23,card_not_present,PL,FR,Misc Retail,0.0004369738737316,0,0,
fc53a537-ea43-4728-a2e1-0523a3724056,CUST004599,MERCH00135,2025-05-14 21:14:00,50.17,card_present,FR,FR,Grocery Stores,4.350563991435366e-05,0,0,
291e1a08-ba4e-4bb0-a4a6-1ee74eb84f17,CUST003013,MERCH00300,2025-05-14 21:17:00,179.42,atm_withdrawal,FR,FR,Misc Retail,5.0269600292323576e-05,0,0,
6170e460-66eb-43c0-ab30-3b24ea543d7e,CUST005214,MERCH00229,2025-05-14 21:21:00,283.32,online,ES,DE,Restaurants,0.0004226578413913,0,0,
902e6877-ce1d-4884-846f-6034d67449cf,CUST004834,MERCH00098,2025-05-14 21:23:00,44.01,card_present,ES,PL,Utilities,0.0003643557830765,0,0,
01acf925-afd6-42ff-9f81-7171ad54ff57,CUST004368,MERCH00018,2025-05-14 21:24:00,28.23,online,FR,FR,Direct Marketing / Subscriptions,4.128053386546797e-05,0,0,
34b2e41a-65fc-427a-9029-598c8ff1837f,CUST003493,MERCH00438,2025-05-14 21:24:00,64.4,card_not_present,IT,IT,Jewelry,0.0001052129787404,0,0,
c368afec-4b6b-476f-a56d-2cc729c0b1ac,CUST000687,MERCH00173,2025-05-14 21:41:00,180.61,card_not_present,ES,SE,Fuel Stations,0.0003423736331584,0,0,
02eed7a9-b0da-406e-98f2-3a8454fe0487,CUST004604,MERCH00319,2025-05-14 21:42:00,76.24,online,IE,FR,Utilities,0.000271104219684,0,0,
382b1068-71d3-4920-b570-01645a190fe0,CUST003056,MERCH00446,2025-05-14 21:43:00,127.07,card_not_present,FR,SE,Fuel Stations,0.0004362895605056,0,0,
fedea741-fa2c-48e7-89cc-7ab189d5eea5,CUST001800,MERCH00383,2025-05-14 21:45:00,13.68,online,DE,DE,Clothing Stores,8.27544447077981e-05,0,0,
148da76d-97b2-46d7-b6e7-537322c5995d,CUST004069,MERCH00118,2025-05-14 21:48:00,922.13,card_present,NL,ES,Jewelry,0.0006684301433848,0,0,
ee5b648a-aa10-4c21-8a2f-8438adcd30c3,CUST004971,MERCH00259,2025-05-14 21:49:00,6.96,card_not_present,ES,PL,Fuel Stations,0.0004249686752893,0,0,
c212eb36-693c-4f9d-ab5e-2bc19d7e2595,CUST002654,MERCH00274,2025-05-14 21:54:00,32.95,online,IT,IT,Grocery Stores,0.0006818864795688,0,0,
ea5638db-9db9-4baf-9ee6-44c6fa23ca06,CUST001770,MERCH00247,2025-05-14 22:01:00,138.97,online,NL,SE,Jewelry,0.0003694031945654,0,0,
b01ca809-3b61-4da7-b0df-14ae769fed16,CUST002560,MERCH00159,2025-05-14 22:09:00,234.28,online,DE,DE,Electronics,5.168168020254222e-05,0,0,
efb9d09d-5189-486e-ae01-3db7dcd5666b,CUST000410,MERCH00185,2025-05-14 22:10:00,30.97,card_not_present,ES,FR,Jewelry,0.0012638703283859,0,0,
ab886724-85a5-451e-a7bb-bb6cc4923efc,CUST004358,MERCH00316,2025-05-14 22:24:00,541.14,card_present,DE,NL,Direct Marketing / Subscriptions,0.0003109964760643,0,0,
6834b68c-cc11-481a-b9d8-460f7a688a05,CUST005990,,2025-05-14 22:31:00,44.18,wire_transfer,PL,PL,N/A (wire/ATM),4.071015506700132e-05,0,0,
90d5e548-4a16-4923-84cc-b4c6d2fba524,CUST003087,MERCH00002,2025-05-14 22:33:00,239.75,online,IT,FR,Jewelry,0.0003367862938269,0,0,
7434115e-2844-43a9-9614-15149f928fc1,CUST005167,MERCH00230,2025-05-14 22:34:00,347.3,card_not_present,PL,IE,Jewelry,0.0005827553284497,0,0,
6a7da71d-1942-4cf5-9b45-5b298eb9825e,CUST000082,MERCH00193,2025-05-14 22:42:00,46.64,card_present,IT,IT,Jewelry,5.168168020254222e-05,0,0,
ce206267-0c2d-41eb-82bb-19bdadf41ab4,CUST002445,MERCH00415,2025-05-14 22:49:00,90.54,card_present,FR,PL,Airlines,0.0005881699729265,0,0,
53696433-e088-48a9-8839-170d98fce7d9,CUST000652,MERCH00183,2025-05-14 23:04:00,50.11,card_present,IE,IE,Fuel Stations,5.116368452990701e-05,0,0,
9984fca1-40c4-4959-9e00-580d7a3f1ab3,CUST003214,MERCH00230,2025-05-14 23:06:00,443.44,online,NL,NL,Jewelry,5.168168020254222e-05,0,0,
d06a0122-2e5f-451e-adc4-c48bdf98f996,CUST001898,MERCH00307,2025-05-14 23:09:00,51.25,card_present,IE,FR,Misc Retail,0.0003872024081953,0,0,
60aad224-b69f-4408-8110-a7a145a91ef0,CUST004181,MERCH00358,2025-05-14 23:09:00,40.68,atm_withdrawal,FR,NL,Direct Marketing / Subscriptions,0.0004211457053096,0,0,
96a9f940-e4d2-4936-b1f1-3eb7f3cfa751,CUST005806,MERCH00126,2025-05-14 23:15:00,261.32,online,DE,DE,Crypto / Money Transfer,5.168168020254222e-05,0,0,
a0ac1840-50bb-404f-a9ec-8a58df18270f,CUST004232,MERCH00404,2025-05-14 23:17:00,52.7,card_present,ES,IE,Clothing Stores,0.0003318137518077,0,0,
dd53f4b0-10f1-4f7c-829c-90936ed4e089,CUST000143,MERCH00162,2025-05-14 23:17:00,31.24,card_present,FR,DE,Misc Retail,0.0004269432080246,0,0,
13bcd6e9-fb8e-4ec8-8a3d-855de352762a,CUST000938,MERCH00037,2025-05-14 23:23:00,14.21,online,IE,IE,Misc Retail,5.399575062331991e-05,0,0,
df991810-7a38-4ffa-b7e6-416e2e9dc115,CUST002722,MERCH00188,2025-05-14 23:24:00,18.04,card_not_present,NL,NL,Electronics,0.0001743291240317,0,0,
e3ae93a3-da13-4642-9d22-0bb008e70ec9,CUST005179,MERCH00116,2025-05-14 23:26:00,86.08,online,IE,IE,Electronics,5.168168020254222e-05,0,0,
f9f98a24-ef69-46fd-a3f5-6e3c8def88a2,CUST004330,MERCH00403,2025-05-14 23:32:00,591.91,card_present,DE,DE,Electronics,0.0001278009659983,0,0,
29c881ef-35f7-4dc2-81e0-525e24f18216,CUST005719,MERCH00339,2025-05-14 23:37:00,169.28,card_present,PL,PL,Restaurants,7.271949762886276e-05,0,0,
67865271-bacf-4954-a6d5-8c999ca3bba7,CUST001549,,2025-05-14 23:39:00,93.58,wire_transfer,PL,PL,N/A (wire/ATM),3.451305870562638e-05,0,0,
47a0f7c1-0468-471e-a359-96bda287f939,CUST001944,MERCH00178,2025-05-14 23:44:00,43.63,card_present,ES,ES,Clothing Stores,7.086146902556566e-05,0,0,
0d57d720-ec89-4a18-8e28-6666de1a4aff,CUST000798,MERCH00280,2025-05-14 23:49:00,42.15,card_not_present,DE,FR,Crypto / Money Transfer,0.0004522634676829,0,0,
8aadc1b6-5157-41c9-81ee-c539bb553f70,CUST004053,MERCH00204,2025-05-14 23:50:00,208.09,card_present,NL,IT,Restaurants,0.0005421778410369,0,0,
f79b79ad-b5ec-4b9f-8c98-1d887df5ef32,CUST005103,,2025-05-14 23:52:00,74.13,wire_transfer,ES,ES,N/A (wire/ATM),3.451305870562638e-05,0,0,
a544ddd3-7e88-49f7-ac65-3cf59d20785f,CUST004273,MERCH00046,2025-05-14 23:53:00,93.87,card_present,IT,IT,Jewelry,4.9038429182940645e-05,0,0,
5a2c1e5c-be26-47f4-9a9c-6b1a80d8aa9c,CUST003249,MERCH00086,2025-05-14 23:53:00,493.76,card_not_present,ES,ES,Hotels,9.604769193095888e-05,0,0,
425ed980-58e4-468a-9807-e6553fbe436c,CUST001766,MERCH00218,2025-05-14 23:56:00,177.5,online,IT,IT,Fuel Stations,0.0003823912393527,0,0,
104d60ee-2fca-4012-998f-9da77a699805,CUST005847,MERCH00200,2025-05-15 00:01:00,61.76,card_present,PL,PL,Misc Retail,4.34982364947671e-05,0,0,
86fc0f15-a78c-44cb-ad35-fcfc2d166dec,CUST005055,MERCH00168,2025-05-15 01:07:00,186.4,card_present,IT,IT,Fuel Stations,3.947244601738204e-05,0,0,
50f95ab6-4529-44df-a451-ea8745ecb5e3,CUST005833,MERCH00181,2025-05-15 02:50:00,25.01,card_not_present,IE,SE,Fuel Stations,0.0003248678202821,0,0,
f5b3d9a3-c88e-4224-8a64-1f5bb891d55c,CUST001113,MERCH00129,2025-05-15 04:06:00,293.26,atm_withdrawal,SE,ES,Grocery Stores,0.0007700494222564,0,0,
ddb0b04e-9d39-43ef-9e19-4778e160bb42,CUST001452,MERCH00273,2025-05-15 04:07:00,57.49,atm_withdrawal,FR,DE,Utilities,0.000447732314494,0,0,
861f0d10-38d7-48e1-bfe6-543c3c4ee667,CUST003034,MERCH00186,2025-05-15 04:10:00,200.5,atm_withdrawal,SE,SE,Clothing Stores,7.020878960800126e-05,0,0,
c742c25f-3fe6-4827-a8b0-18255004f46d,CUST004468,,2025-05-15 04:19:00,33.07,wire_transfer,IE,IE,N/A (wire/ATM),6.225039513445457e-05,0,0,
8791ffbc-4fc0-4772-aa0b-3eaca6fd96c5,CUST004087,MERCH00412,2025-05-15 04:25:00,455.55,card_not_present,ES,NL,Hotels,0.0006185510052821,0,0,
79c896f8-b9ee-402b-a3a9-76f732fbe426,CUST005238,MERCH00087,2025-05-15 04:32:00,96.6,card_present,DE,DE,Jewelry,5.168168020254222e-05,0,0,
33578932-5ca2-4f7e-bb2a-7a21e4d8da78,CUST001559,MERCH00432,2025-05-15 04:40:00,14.44,card_present,DE,DE,Grocery Stores,7.271949762886276e-05,0,0,
369c133a-b0a3-4ed9-8c76-b45db6ca91c5,CUST002894,MERCH00038,2025-05-15 04:55:00,35.04,card_not_present,IT,IT,Electronics,8.201147604559991e-05,0,0,
b915bc74-c388-41e3-aa2a-0f45a14013bf,CUST003179,MERCH00088,2025-05-15 05:09:00,39.98,card_not_present,ES,ES,Misc Retail,7.596093620715867e-05,0,0,
f176d798-8eb3-4a83-a1e8-5e813c17efe0,CUST004682,MERCH00237,2025-05-15 05:13:00,72.38,card_not_present,PL,ES,Airlines,0.0005244383171421,0,0,
4c50c563-331b-49cf-aa0e-3a659dadb8c2,CUST001262,MERCH00439,2025-05-15 05:14:00,31.31,atm_withdrawal,NL,NL,Hotels,0.0001052129787404,0,0,
e36dfb49-4492-4a0a-bb93-253dd31ad150,CUST002324,MERCH00268,2025-05-15 05:22:00,34.74,online,IE,SE,Fuel Stations,0.0002541433402874,0,0,
84a75afa-9a1a-4634-bcff-75fbe88d0348,CUST005355,MERCH00374,2025-05-15 05:37:00,66.02,card_not_present,DE,DE,Direct Marketing / Subscriptions,5.56159021406308e-05,0,0,
6ceaa813-d2c0-4d24-a2eb-35610e3d36d6,CUST005890,MERCH00404,2025-05-15 05:41:00,281.47,online,FR,FR,Clothing Stores,4.689478247181653e-05,0,0,
41dea638-626b-4100-ae4a-7a4816605b56,CUST003913,MERCH00286,2025-05-15 05:44:00,7.19,card_not_present,FR,IE,Fuel Stations,0.0005517854837085,0,0,
dcb9f159-c34f-458c-91ac-44d7ac1d7cf0,CUST002974,MERCH00059,2025-05-15 05:44:00,83.87,online,ES,ES,Fuel Stations,3.38589349594547e-05,0,0,
3eb50039-85f4-4b46-8726-019eda1407ff,CUST003619,MERCH00073,2025-05-15 05:59:00,28.53,online,NL,DE,Crypto / Money Transfer,0.0002403895167851,0,0,
998b46ad-2f16-4bcf-8b65-e053bee2f8a3,CUST002481,MERCH00264,2025-05-15 06:00:00,57.3,card_not_present,PL,IT,Hotels,0.0005244383171421,0,0,
fbf9df3d-4740-4907-a028-0f9810a6322b,CUST004788,MERCH00088,2025-05-15 06:01:00,13.0,card_present,FR,FR,Misc Retail,6.363879551002014e-05,0,0,
8657b10c-8160-412d-b8eb-68b6e06d3cc6,CUST000929,,2025-05-15 06:10:00,49.22,wire_transfer,IT,IT,N/A (wire/ATM),3.451305870562638e-05,0,0,
143c67a8-e7af-4bfd-a5fa-335d266f9ce9,CUST003529,MERCH00063,2025-05-15 06:25:00,2603.6,card_not_present,PL,PL,Clothing Stores,0.0022819838741455,0,0,
fba1d884-b49c-4c95-a5e6-8e8a12a1be14,CUST004648,MERCH00186,2025-05-15 06:26:00,124.84,card_present,DE,DE,Clothing Stores,6.078428938976276e-05,0,0,
09a7c0ed-7752-4700-8f91-3960e032a1de,CUST003976,MERCH00012,2025-05-15 06:28:00,21.11,card_present,IE,IE,Grocery Stores,5.861201489307435e-05,0,0,
e7c270e2-5619-465c-a3c2-82db62cfd921,CUST000950,MERCH00011,2025-05-15 06:31:00,286.01,online,FR,FR,Airlines,5.168168020254222e-05,0,0,
4cd1725f-8102-47a3-ba93-2e51cecfff44,CUST000951,MERCH00186,2025-05-15 06:36:00,13.82,online,IT,IT,Clothing Stores,4.689478247181653e-05,0,0,
bf1e626e-c8cd-4731-bd6e-18841e5ad319,CUST001237,MERCH00059,2025-05-15 06:39:00,23.01,online,FR,NL,Fuel Stations,0.0003557820427491,0,0,
ff98ce41-1797-4f0c-9f38-365aa617e6b7,CUST002598,MERCH00120,2025-05-15 06:41:00,9.3,atm_withdrawal,IT,NL,Direct Marketing / Subscriptions,0.0007303312852809,0,0,
be48cf3b-196e-4145-835d-c259ee68fb43,CUST000812,MERCH00081,2025-05-15 06:54:00,8.31,atm_withdrawal,ES,ES,Misc Retail,7.274637319134952e-05,0,0,
7e6c3d2d-70d9-48e6-a801-e71236ed9f17,CUST004066,MERCH00025,2025-05-15 06:54:00,156.04,card_not_present,IT,IT,Jewelry,6.962877213748992e-05,0,0,
3b660ec4-23d0-470d-8df0-6a0ceca81e5c,CUST001190,MERCH00108,2025-05-15 06:58:00,48.38,card_present,SE,NL,Hotels,0.0003893079040574,0,0,
2e80a4d3-3cb2-448c-92e2-9e3ea05ca3e6,CUST000543,MERCH00015,2025-05-15 06:59:00,59.28,online,FR,FR,Jewelry,4.9038429182940645e-05,0,0,
53cf541a-8f5f-4520-a8ce-0aac74bf258f,CUST003459,MERCH00432,2025-05-15 07:00:00,173.81,card_present,PL,FR,Grocery Stores,0.0003588602692009,0,0,
55bb1ceb-cb35-44e5-9b70-6d1d6dbcc44f,CUST000186,MERCH00244,2025-05-15 07:04:00,147.42,online,DE,FR,Restaurants,0.0004723307984616,0,0,
535b1efc-7e89-49d3-9886-9ef2b87da686,CUST002325,MERCH00125,2025-05-15 07:04:00,61.23,card_present,DE,IE,Restaurants,0.0005421778410369,0,0,
3666b06a-81cb-49c6-b2ae-2879b82cf252,CUST001465,MERCH00353,2025-05-15 07:05:00,5.94,online,IT,FR,Utilities,0.0003703115442415,0,0,
a86e1859-214b-4374-8b57-5e70b2202cdc,CUST003008,MERCH00328,2025-05-15 07:11:00,200.68,card_present,FR,FR,Restaurants,4.812442096995302e-05,0,0,
4b2c40e0-536a-467e-a71c-68364bcb7d74,CUST000593,MERCH00133,2025-05-15 07:11:00,234.6,atm_withdrawal,FR,FR,Utilities,8.929877879422903e-05,0,0,
1e751d7b-402e-497e-a061-8e927ebc4cb8,CUST001243,MERCH00021,2025-05-15 07:12:00,41.75,card_present,IT,IT,Fuel Stations,5.9645998429748846e-05,0,0,
a47b9431-3cef-4c0b-ab09-47b8d74b9fab,CUST000826,MERCH00179,2025-05-15 07:13:00,21.67,card_present,DE,DE,Fuel Stations,5.9645998429748846e-05,0,0,
712411e5-0f84-47ab-85a9-ffa7bca7db28,CUST001683,,2025-05-15 07:20:00,109.77,wire_transfer,ES,ES,N/A (wire/ATM),4.071015506700132e-05,0,0,
90d9beb7-e283-472e-99ea-6d7b6005818d,CUST002306,MERCH00307,2025-05-15 07:26:00,474.11,card_not_present,ES,ES,Misc Retail,6.912615877025611e-05,0,0,
b16e0db3-458d-477c-abce-ca160844dd6f,CUST002628,MERCH00103,2025-05-15 07:27:00,585.44,card_not_present,IT,PL,Airlines,0.0040616639861268,0,0,
a1ab73b2-c306-4be9-92e4-c67ee6eed66a,CUST003416,,2025-05-15 07:31:00,132.6,wire_transfer,NL,NL,N/A (wire/ATM),3.451305870562638e-05,0,0,
004b2d6f-7d1e-48d3-af9a-57bb15e4f739,CUST000232,MERCH00013,2025-05-15 07:50:00,24.58,online,SE,SE,Fuel Stations,5.9645998429748846e-05,0,0,
2254ffb4-4ac8-467a-bf25-0f627324358e,CUST004861,MERCH00406,2025-05-15 07:52:00,75.61,card_present,SE,ES,Crypto / Money Transfer,0.0005881699729265,0,0,
151b841e-ca4b-4225-ad23-5db0a821f203,CUST002834,MERCH00252,2025-05-15 07:58:00,22.85,online,DE,DE,Clothing Stores,6.406062080123153e-05,0,0,
13091c4d-0472-4eee-bad4-ad7c110d05ae,CUST003115,MERCH00081,2025-05-15 07:59:00,23.43,card_present,PL,PL,Misc Retail,5.638179592033104e-05,0,0,
b21f165f-ccd8-4f99-af8e-dad82c6b643d,CUST003214,MERCH00422,2025-05-15 08:05:00,231.68,online,NL,NL,Hotels,5.168168020254222e-05,0,0,
924a17a8-2818-4229-9b3a-d75d742e6c1d,CUST000419,MERCH00246,2025-05-15 08:14:00,20.42,card_present,DE,DE,Misc Retail,4.34982364947671e-05,0,0,
ede7dcfc-1d6f-45f9-8b59-4dc7f53aecd8,CUST001885,MERCH00243,2025-05-15 08:14:00,32.96,atm_withdrawal,SE,FR,Jewelry,0.0007922715391075,0,0,
4f3758fb-cd1a-463b-a7a0-383de25dc56b,CUST003567,MERCH00147,2025-05-15 08:17:00,1521.35,card_present,ES,FR,Airlines,0.0005970490152034,0,0,
f5684620-c113-4124-89cf-c2e80226566b,CUST002929,MERCH00027,2025-05-15 08:18:00,516.84,atm_withdrawal,DE,DE,Utilities,0.0004354441561406,0,0,
b1fa8ccc-2734-4694-9928-9018aa6cc089,CUST003217,MERCH00263,2025-05-15 08:19:00,26.58,atm_withdrawal,ES,FR,Clothing Stores,0.0006924781639429,0,0,
0d146e47-f122-4b0e-967c-4d87de37a32d,CUST001908,MERCH00279,2025-05-15 08:20:00,21.06,online,NL,IE,Clothing Stores,0.0004399169740835,0,0,
6e10c616-06b4-4080-a4cd-1260f307e861,CUST000243,MERCH00439,2025-05-15 08:21:00,30.01,card_not_present,DE,DE,Hotels,0.0001052129787404,0,0,
d12b014c-3661-4c07-ab71-d3615a463522,CUST003768,MERCH00370,2025-05-15 08:22:00,38.4,online,PL,FR,Hotels,0.0003893079040574,0,0,
97a81167-8bde-4738-ac6b-5db47b58af21,CUST003850,MERCH00381,2025-05-15 08:26:00,41.01,online,PL,PL,Utilities,5.9645998429748846e-05,0,0,
2f3c453b-06b6-434a-9e87-2c4c864c5a7e,CUST004127,MERCH00085,2025-05-15 08:32:00,11.6,atm_withdrawal,IT,SE,Restaurants,0.0012096012059698,0,0,
61d0e1f8-88cc-4a2e-b7b2-744b6297796a,CUST002953,MERCH00448,2025-05-15 08:35:00,8.18,atm_withdrawal,IE,IE,Clothing Stores,8.630607936909761e-05,0,0,
5769c5da-e1e8-4fe9-9bf7-9bd22fb8c33f,CUST005365,MERCH00271,2025-05-15 08:37:00,8.71,card_not_present,FR,FR,Utilities,6.893090856830287e-05,0,0,
7606021a-d6bd-4847-9b91-e9bd809c9595,CUST002369,MERCH00224,2025-05-15 08:38:00,18.71,card_present,DE,DE,Grocery Stores,7.271949762886276e-05,0,0,
d239e9f9-4f33-4c98-8eb7-e85da9c22a00,CUST002416,MERCH00388,2025-05-15 08:39:00,34.83,online,IT,IT,Fuel Stations,3.5684015772054174e-05,0,0,
634cd14e-3822-472b-804f-7e15fa87c4d1,CUST004367,MERCH00374,2025-05-15 08:45:00,9.47,atm_withdrawal,DE,NL,Direct Marketing / Subscriptions,0.0001995834245315,0,0,
49a853c2-3492-44b4-a472-5f994050f4bf,CUST000028,MERCH00088,2025-05-15 08:46:00,76.89,online,IT,DE,Misc Retail,0.0004080658087744,0,0,
f3ec71c2-7204-41e6-bdfa-a49c66a0804c,CUST000950,MERCH00178,2025-05-15 08:49:00,70.36,card_not_present,FR,FR,Clothing Stores,8.33416627236364e-05,0,0,
f42f4407-1ffc-429c-9647-aa5ad9b03e42,CUST004440,MERCH00195,2025-05-15 08:50:00,232.99,atm_withdrawal,FR,NL,Crypto / Money Transfer,0.0005025587441476,0,0,
e1117106-2c6f-416a-95b9-63d0c80924e0,CUST005806,MERCH00050,2025-05-15 08:55:00,37.73,online,DE,DE,Fuel Stations,5.477038424359593e-05,0,0,
b9e979ff-4ee1-4ba4-8bdd-b742042a80dc,CUST003265,MERCH00318,2025-05-15 08:55:00,17.97,card_present,IT,IT,Direct Marketing / Subscriptions,4.812442096995302e-05,0,0,
0d81499f-7ce9-4a86-8a34-42a38249852f,CUST002963,MERCH00238,2025-05-15 08:56:00,268.08,card_present,DE,IT,Utilities,0.0002886675426695,0,0,
7394eddc-7375-496f-9d35-049f61dd08bc,CUST001519,,2025-05-15 09:05:00,109.69,wire_transfer,ES,ES,N/A (wire/ATM),5.215210282126032e-05,0,0,
e90c0881-8f20-4461-bb03-7d43bad36973,CUST003694,MERCH00295,2025-05-15 09:07:00,74.46,card_not_present,FR,FR,Fuel Stations,5.3179958393195385e-05,0,0,
80d40dcf-ce29-46a2-9a94-c11d357e05b0,CUST001244,MERCH00162,2025-05-15 09:07:00,368.02,atm_withdrawal,ES,ES,Misc Retail,6.51237415040253e-05,0,0,
f58a98f4-99d2-4f0d-9862-c9704c463384,CUST001065,MERCH00263,2025-05-15 09:16:00,10.46,atm_withdrawal,ES,IT,Clothing Stores,0.000711682823437,0,0,
29bf96e9-60bc-4924-847f-fcb68186abcd,CUST002702,MERCH00397,2025-05-15 09:20:00,86.11,card_not_present,FR,DE,Utilities,0.000387652172932,0,0,
81d0d52b-02bf-4ef7-b555-60fb0ce5b20f,CUST005001,MERCH00072,2025-05-15 09:20:00,20.82,card_not_present,FR,FR,Grocery Stores,5.56159021406308e-05,0,0,
aa69424f-8061-4fe9-9c80-0ab6be9a75d9,CUST002307,MERCH00238,2025-05-15 09:22:00,11.7,online,DE,FR,Utilities,0.0003751252316591,0,0,
dddb1aa5-c764-46ac-8fca-10640afa3eb9,CUST005816,MERCH00060,2025-05-15 09:22:00,49.82,card_not_present,IT,IE,Crypto / Money Transfer,0.0007922715391075,0,0,
212c14e3-b012-4275-baa5-94eb8aa9f8f8,CUST001637,MERCH00297,2025-05-15 09:33:00,21.09,online,FR,DE,Grocery Stores,0.0004051839694615,0,0,
beeb1179-aafc-48de-b3e5-1dca72ad46e9,CUST003221,MERCH00313,2025-05-15 09:34:00,211.74,atm_withdrawal,PL,ES,Electronics,0.0005827553284497,0,0,
9e879a73-be99-4e61-9634-49365c9651c0,CUST004472,MERCH00061,2025-05-15 09:37:00,106.5,online,ES,FR,Hotels,0.0040274472360529,0,0,
4b6c17c5-0686-439e-b5e8-634c744077cd,CUST004054,MERCH00192,2025-05-15 09:39:00,275.45,online,ES,ES,Restaurants,4.128053386546797e-05,0,0,
afa2612b-ae26-4991-9c8b-60084aaf2cc9,CUST003573,MERCH00061,2025-05-15 09:39:00,371.57,online,DE,DE,Hotels,7.410059585027263e-05,0,0,
23119b95-2a0d-417c-a596-38254c9aa1b0,CUST002317,MERCH00151,2025-05-15 09:41:00,83.87,atm_withdrawal,SE,SE,Fuel Stations,5.662598951728168e-05,0,0,
567660d8-002c-496a-a0c4-7a86099194d3,CUST004135,MERCH00153,2025-05-15 09:46:00,10.31,card_present,PL,PL,Electronics,7.8094632876302e-05,0,0,
f15200e9-c8b5-480e-ad9f-5737856eeba9,CUST003262,MERCH00091,2025-05-15 09:51:00,219.32,card_not_present,NL,NL,Restaurants,0.000149133859167,0,0,
a2ae436a-1472-4525-a952-31f911a6b43b,CUST004601,MERCH00000,2025-05-15 09:51:00,155.52,card_not_present,PL,PL,Direct Marketing / Subscriptions,9.79715117179777e-05,0,0,
854e263d-777f-4621-969c-a097bef41fa4,CUST003616,MERCH00112,2025-05-15 09:53:00,36.9,online,SE,ES,Grocery Stores,0.0003588602692009,0,0,
d76d6b78-c273-4aa3-a020-5fdc174b9900,CUST004421,MERCH00377,2025-05-15 09:54:00,71.69,online,FR,IE,Airlines,0.0003549341170108,0,0,
77ecc63e-31f6-442a-a48f-211459d29beb,CUST003375,MERCH00002,2025-05-15 09:56:00,123.1,card_not_present,DE,PL,Jewelry,0.0004522634676829,0,0,
c0521d1f-cebd-42ce-bb4f-cd2b8c7b9c87,CUST003566,MERCH00083,2025-05-15 09:57:00,30.57,card_not_present,PL,PL,Direct Marketing / Subscriptions,6.483629147418578e-05,0,0,
57d2a24b-4804-4f89-80bd-d66000865e83,CUST003735,MERCH00375,2025-05-15 09:59:00,143.91,online,DE,FR,Jewelry,0.0004167153883318,0,0,
a11e151d-9a77-4413-8f54-55fe08689b64,CUST003430,MERCH00232,2025-05-15 10:00:00,11.92,card_not_present,IT,IT,Airlines,0.0001052129787404,0,0,
703b2253-df2c-41a2-8495-1548db780464,CUST003898,,2025-05-15 10:02:00,6.32,wire_transfer,PL,PL,N/A (wire/ATM),8.366653875656835e-05,0,0,
66c833e2-329e-4b3d-8582-b9bfd55f6221,CUST001030,MERCH00252,2025-05-15 10:05:00,75.42,card_present,IT,IT,Clothing Stores,4.689478247181653e-05,0,0,
6ff92687-19a9-4312-9102-cec3ad91468d,CUST005415,MERCH00213,2025-05-15 10:06:00,178.86,card_not_present,FR,FR,Airlines,8.873516296070177e-05,0,0,
b3deceb3-ffcd-4b4d-a6b5-a1b6c49e423a,CUST000187,,2025-05-15 10:07:00,6.17,wire_transfer,SE,SE,N/A (wire/ATM),4.154463508153738e-05,0,0,
37f99c6e-5864-4eb6-9d1f-140f93841854,CUST005577,,2025-05-15 10:08:00,143.64,wire_transfer,ES,ES,N/A (wire/ATM),4.071015506700132e-05,0,0,
d38d2cf2-a5e2-42e1-a1e0-55a0a39bb7eb,CUST005292,MERCH00162,2025-05-15 10:10:00,43.05,online,IT,FR,Misc Retail,0.0004513706899123,0,0,
4b4c5f81-4cf1-48c5-8e4d-3e0ce580fb1a,CUST000046,,2025-05-15 10:12:00,732.79,wire_transfer,PL,PL,N/A (wire/ATM),0.0010893595837682,0,0,
df6477f6-2fd5-4e89-8285-acdda4bdb4ad,CUST004373,MERCH00398,2025-05-15 10:17:00,19.45,card_not_present,PL,PL,Jewelry,0.0001052129787404,0,0,
8e725015-c670-4d4d-a530-f897b69e5a5f,CUST002165,MERCH00358,2025-05-15 10:18:00,115.2,online,FR,PL,Direct Marketing / Subscriptions,0.0003588602692009,0,0,
ea86e915-a2a8-4b96-be72-91d6f8ebe7b3,CUST000533,MERCH00231,2025-05-15 10:19:00,115.43,card_present,ES,ES,Jewelry,7.410059585027263e-05,0,0,
df6d83cf-e37c-4fea-85ff-32844e869c59,CUST003132,MERCH00284,2025-05-15 10:22:00,400.19,card_not_present,FR,IT,Utilities,0.0004058399805683,0,0,
9c646f9e-c7ea-48f5-a0a0-3a2d8e680f9b,CUST004126,MERCH00087,2025-05-15 10:23:00,21.06,card_not_present,PL,FR,Jewelry,0.0004976280386113,0,0,
50428051-634c-4bef-b88d-ddaef5c65062,CUST004259,,2025-05-15 10:23:00,5.87,wire_transfer,IT,IT,N/A (wire/ATM),5.049350963201199e-05,0,0,
3357bc22-25a7-489e-a126-a4cb4d200537,CUST002684,MERCH00037,2025-05-15 10:23:00,19.43,card_not_present,ES,PL,Misc Retail,0.0006601680794667,0,0,
8c793771-5f1b-4440-bab4-aaea5475f127,CUST001528,MERCH00233,2025-05-15 10:23:00,95.45,online,DE,DE,Fuel Stations,3.947244601738204e-05,0,0,
b59eb939-7aa8-43b9-9d25-18f6af6da325,CUST000647,MERCH00114,2025-05-15 10:24:00,603.01,card_not_present,IT,IT,Grocery Stores,0.0008019447878364,0,0,
adf8f481-535a-49ca-bee6-772dd69619ad,CUST005628,MERCH00105,2025-05-15 10:24:00,99.0,card_not_present,DE,SE,Jewelry,0.0004781389508795,0,0,
5938ebd2-4a6e-48a1-862e-7c86a225d0f7,CUST003770,MERCH00416,2025-05-15 10:24:00,343.19,card_present,FR,IT,Grocery Stores,0.0002987978855655,0,0,
c434012b-975c-4f30-9530-aef22ce6f7b5,CUST004854,MERCH00350,2025-05-15 10:28:00,31.91,card_not_present,SE,DE,Utilities,0.0004733486782539,0,0,
67bd1253-5d8f-46a4-b103-aa1ddb268b83,CUST002756,MERCH00100,2025-05-15 10:32:00,14.23,card_not_present,IE,IE,Grocery Stores,6.483629147418578e-05,0,0,
3c96e502-8e24-449a-a54d-d823062ec12b,CUST000389,,2025-05-15 10:33:00,148.46,wire_transfer,DE,DE,N/A (wire/ATM),3.451305870562638e-05,0,0,
2e537259-f4d4-4aaa-9208-bde4ad59e546,CUST003427,,2025-05-15 10:34:00,140.67,wire_transfer,FR,FR,N/A (wire/ATM),3.451305870562638e-05,0,0,
4571404a-de1c-45d0-9e2c-5cfebe07e1ad,CUST001724,MERCH00354,2025-05-15 10:35:00,23.51,atm_withdrawal,DE,FR,Restaurants,0.0006362604652103,0,0,
5e17be10-ca9a-438c-b470-1040ec265e8c,CUST002112,MERCH00100,2025-05-15 10:38:00,97.94,card_not_present,DE,DE,Grocery Stores,8.856903869674524e-05,0,0,
ee2e03c7-ca67-468a-85bc-f089ce51582a,CUST003118,MERCH00259,2025-05-15 10:41:00,88.46,card_present,ES,ES,Fuel Stations,4.899845589618493e-05,0,0,
d5905ede-728b-401e-8be7-41c3c74f4510,CUST002302,MERCH00253,2025-05-15 10:42:00,29.56,card_not_present,IT,IT,Airlines,6.962877213748992e-05,0,0,
698dd521-9bf8-4aa5-86ef-32aed470afe3,CUST005657,MERCH00310,2025-05-15 10:42:00,52.61,card_present,FR,FR,Clothing Stores,7.086146902556566e-05,0,0,
82320eed-c23f-426f-ab59-63fdac2dc8aa,CUST005514,MERCH00161,2025-05-15 10:45:00,59.12,card_present,SE,IT,Clothing Stores,0.0003496937219117,0,0,
c3d8bb3c-4b5e-4d75-856d-89ecec98a602,CUST005663,MERCH00374,2025-05-15 10:46:00,71.17,online,DE,DE,Direct Marketing / Subscriptions,0.0007042702416225,0,0,
d9d9579e-1f41-43e0-b817-3fb8a31a4659,CUST004471,MERCH00132,2025-05-15 10:55:00,10.96,card_not_present,ES,IE,Restaurants,0.0006930026669799,0,0,
ad932c22-50ac-4140-a606-76ec89f9f131,CUST002262,MERCH00052,2025-05-15 10:57:00,103.25,card_not_present,PL,FR,Airlines,0.0007517794186447,0,0,
9cb73bda-5a19-4324-927c-c96aa1d0a8b9,CUST000659,MERCH00417,2025-05-15 10:59:00,556.73,card_not_present,IT,IT,Direct Marketing / Subscriptions,0.0008019447878364,0,0,
ea177dd6-f0bf-456a-8489-1aa7cbf9dd44,CUST002361,MERCH00037,2025-05-15 11:00:00,13.68,atm_withdrawal,FR,FR,Misc Retail,5.0269600292323576e-05,0,0,
4da4bfd6-fa22-4bbd-be7a-9162560098d7,CUST003005,MERCH00218,2025-05-15 11:00:00,29.65,card_present,NL,NL,Fuel Stations,3.38589349594547e-05,0,0,
2922f868-e627-40c8-872a-bd1bbb0e369a,CUST002629,MERCH00225,2025-05-15 11:02:00,17.0,card_present,DE,ES,Hotels,0.0003893079040574,0,0,
984b35c1-e709-486c-a3a5-b6c4a8c5ed78,CUST003676,MERCH00034,2025-05-15 11:07:00,23.5,online,PL,PL,Electronics,7.8094632876302e-05,0,0,
9cae8153-a9dd-4092-9e3a-3726d3e4dd9a,CUST005730,MERCH00052,2025-05-15 11:10:00,71.2,card_present,PL,IT,Airlines,0.0003893079040574,0,0,
2a2c7974-e2c6-4e42-adc4-70592223d7d9,CUST004106,MERCH00437,2025-05-15 11:11:00,6.82,card_present,IT,FR,Hotels,0.0005362471576831,0,0,
2b42c6a5-141f-410c-ac68-d97e7cb560bc,CUST001934,MERCH00249,2025-05-15 11:15:00,40.22,card_not_present,FR,PL,Restaurants,0.0007303312852809,0,0,
f12aec6a-53ce-4503-9ff5-de0041d4f617,CUST001953,MERCH00412,2025-05-15 11:17:00,122.21,online,DE,DE,Hotels,7.8094632876302e-05,0,0,
8479f784-28b6-432a-a5bd-dd986ea288f8,CUST001188,MERCH00335,2025-05-15 11:17:00,112.04,card_not_present,ES,ES,Misc Retail,5.860369463451871e-05,0,0,
74005cd2-0cd6-410d-99a7-c3620fd7f7d6,CUST000712,MERCH00342,2025-05-15 11:20:00,103.84,card_present,SE,FR,Grocery Stores,0.0003588602692009,0,0,
49b9f3b1-53f3-4c2c-8a0b-a94b5254365a,CUST003753,MERCH00063,2025-05-15 11:21:00,32.61,card_not_present,IT,IT,Clothing Stores,5.711603240820525e-05,0,0,
3605689b-4e8b-434e-9da0-fa56576a6c7b,CUST001455,MERCH00151,2025-05-15 11:21:00,585.32,atm_withdrawal,FR,DE,Fuel Stations,0.0035015451561911,0,0,
bbe7e17b-6188-4e36-9477-98bb76770256,CUST005127,MERCH00074,2025-05-15 11:22:00,84.19,card_present,DE,DE,Electronics,4.9038429182940645e-05,0,0,
26ee11ed-51ba-4a85-bb56-ec26511c8596,CUST005788,MERCH00157,2025-05-15 11:22:00,25.77,card_present,IE,IE,Grocery Stores,7.271949762886276e-05,0,0,
5092b1d7-dbf8-4dc7-856a-0c2ecc461507,CUST002132,MERCH00412,2025-05-15 11:23:00,213.4,card_present,ES,ES,Hotels,5.168168020254222e-05,0,0,
6155c9c3-f5a9-4a57-8200-7bafab451afa,CUST000322,MERCH00430,2025-05-15 11:24:00,22.14,online,IE,IE,Hotels,7.8094632876302e-05,0,0,
8ae16e15-d952-4b0a-9fd3-60f6a299314d,CUST004339,MERCH00220,2025-05-15 11:31:00,433.26,online,ES,ES,Clothing Stores,4.689478247181653e-05,0,0,
525efef3-8a27-4790-bd18-be2f5c269d03,CUST005012,MERCH00212,2025-05-15 11:34:00,121.39,card_not_present,IE,IE,Clothing Stores,6.317967098734498e-05,0,0,
0203122a-3fb8-4d62-8583-25e8d6e37de5,CUST003988,MERCH00377,2025-05-15 11:34:00,59.29,online,SE,PL,Airlines,0.0026688602508326,0,0,
3458b566-b5e5-4028-b705-b356a0ee692d,CUST001479,MERCH00109,2025-05-15 11:34:00,4.14,card_present,DE,FR,Utilities,0.0003557820427491,0,0,
4a9970aa-b573-4cc1-867f-a99a813cd9e3,CUST000352,MERCH00340,2025-05-15 11:35:00,15.06,card_not_present,SE,SE,Hotels,6.60676807043181e-05,0,0,
5d8a1309-7a41-4048-8b63-1bf590c79a3b,CUST004692,MERCH00103,2025-05-15 11:35:00,23.22,card_present,IE,IE,Airlines,6.962680736772641e-05,0,0,
4696a53f-7c85-46da-961a-cfd0362d51f0,CUST005252,MERCH00412,2025-05-15 11:37:00,148.13,online,FR,FR,Hotels,5.168168020254222e-05,0,0,
82745b42-e3f5-4165-a0a3-c3081bf524a6,CUST005477,MERCH00021,2025-05-15 11:41:00,78.7,atm_withdrawal,IT,FR,Fuel Stations,0.0004733486782539,0,0,
ca250727-0e6e-4eb9-afd3-57cf3d42dc83,CUST000259,MERCH00275,2025-05-15 11:41:00,688.56,card_not_present,SE,SE,Hotels,0.0005409203269027,0,0,
fecd964e-dd77-48e4-9d45-2cb791b01281,CUST003998,MERCH00159,2025-05-15 11:43:00,327.69,card_not_present,FR,FR,Electronics,7.737533655219923e-05,0,0,
bba94067-6978-4daf-a5a2-ba1fe069aeed,CUST002571,,2025-05-15 11:43:00,27.64,wire_transfer,FR,FR,N/A (wire/ATM),5.337853416143864e-05,0,0,
70b134a0-ad44-43e4-8c23-295431fc3218,CUST002192,MERCH00268,2025-05-15 11:45:00,16.2,card_not_present,IE,FR,Fuel Stations,0.0003652206265748,0,0,
573f8203-2731-44bf-a6c0-f391707e5071,CUST005164,MERCH00155,2025-05-15 11:45:00,78.43,atm_withdrawal,DE,DE,Hotels,6.60676807043181e-05,0,0,
2164f12a-37b5-466b-a8e3-c5279c28764b,CUST000660,MERCH00299,2025-05-15 11:47:00,189.24,card_present,DE,DE,Utilities,4.072545910901308e-05,0,0,
d145ce39-0921-413d-99d2-44f9fb7ff89c,CUST004626,MERCH00245,2025-05-15 11:48:00,60.67,card_present,IE,NL,Misc Retail,0.0004370212979085,0,0,
ee647cf6-0fa4-4fc7-8299-4ecca59dde94,CUST004708,,2025-05-15 11:52:00,570.84,wire_transfer,NL,NL,N/A (wire/ATM),0.0004913194771217,0,0,
2500cb2a-ae01-4953-9945-7d679da74d0d,CUST002245,MERCH00185,2025-05-15 11:53:00,32.01,card_not_present,FR,FR,Jewelry,6.962877213748992e-05,0,0,
b57c3e65-cdb5-4d47-bbcf-917d4ac84ea2,CUST005641,MERCH00280,2025-05-15 11:56:00,83.25,card_not_present,FR,IE,Crypto / Money Transfer,0.0004781389508795,0,0,
eea0cc11-b13b-42e1-8e62-0809087687a1,CUST002213,MERCH00026,2025-05-15 11:58:00,16.15,card_not_present,IE,IE,Grocery Stores,0.0001002753439838,0,0,
7cd4d19d-74f2-4d49-ac7c-aecf85a57f87,CUST001670,,2025-05-15 12:05:00,23.89,wire_transfer,ES,ES,N/A (wire/ATM),5.215210282126032e-05,0,0,
cbb5a7a1-7e5f-407f-89be-621d1ce2e0f2,CUST002390,MERCH00031,2025-05-15 12:05:00,12.66,card_present,DE,DE,Airlines,7.410059585027263e-05,0,0,
daf056ec-f72f-45bc-b39b-a8ddea3bdc2f,CUST002560,MERCH00285,2025-05-15 12:11:00,328.06,card_present,PL,DE,Jewelry,0.0003357238799902,0,0,
eb153bb7-cea7-477c-bcce-1ea33431e3a5,CUST002861,MERCH00296,2025-05-15 12:12:00,88.35,card_present,SE,SE,Jewelry,5.168168020254222e-05,0,0,
ed9e2d80-835d-4caf-8a20-92337d724c63,CUST004339,MERCH00310,2025-05-15 12:13:00,350.46,card_not_present,ES,ES,Clothing Stores,0.0031081364368078,0,0,
a82d8456-c143-4750-9968-6873bd3410c9,CUST005603,MERCH00272,2025-05-15 12:14:00,27.18,card_not_present,DE,ES,Electronics,0.0005244383171421,0,0,
54f4127d-9639-4ee0-83ed-37b1606bfce4,CUST005169,MERCH00145,2025-05-15 12:16:00,45.46,card_not_present,DE,DE,Electronics,6.962877213748992e-05,0,0,
d6f1e184-5f8e-4daa-881e-b14cd4806110,CUST000941,MERCH00152,2025-05-15 12:16:00,13.86,card_not_present,FR,NL,Misc Retail,0.0003806747607121,0,0,
3982c22e-9e1b-476e-8063-4396ae91a863,CUST002826,MERCH00216,2025-05-15 12:18:00,45.63,online,PL,PL,Fuel Stations,5.9645998429748846e-05,0,0,
71de601f-2689-461d-9f56-29035df5bb51,CUST003343,MERCH00425,2025-05-15 12:21:00,56.4,online,DE,DE,Utilities,5.116368452990701e-05,0,0,
aa1c886b-9894-41f1-8c4c-50055b80761d,CUST000197,MERCH00117,2025-05-15 12:22:00,31.33,card_not_present,ES,SE,Utilities,0.0005172736496558,0,0,
62405685-bdc7-45f3-b34e-c0a329087071,CUST002677,MERCH00239,2025-05-15 12:23:00,118.47,card_present,NL,NL,Clothing Stores,7.086146902556566e-05,0,0,
87fedcf7-e7db-4e32-a0fa-b18d3e6c241b,CUST002107,MERCH00233,2025-05-15 12:27:00,32.98,card_not_present,PL,PL,Fuel Stations,7.780300072496777e-05,0,0,
f3c7b772-ca39-401a-a09d-98f5f19d288e,CUST003103,MERCH00269,2025-05-15 12:27:00,31.41,card_present,IT,FR,Restaurants,0.0002835195004422,0,0,
5d7c45f8-f08c-49bb-a930-8dab9dc4ab60,CUST001156,,2025-05-15 12:27:00,371.85,wire_transfer,DE,DE,N/A (wire/ATM),5.795440922591945e-05,0,0,
0cd826a0-7b96-4bba-8e40-f3cb3757243b,CUST003397,MERCH00002,2025-05-15 12:30:00,37.47,online,IT,IT,Jewelry,5.168168020254222e-05,0,0,
e58ce595-2c21-4da3-b583-43fa2e56fb37,CUST000748,MERCH00147,2025-05-15 12:30:00,783.85,card_not_present,ES,FR,Airlines,0.009753946388698,0,0,
e074a50a-edb0-4b50-8349-98a8d5544970,CUST005246,MERCH00347,2025-05-15 12:36:00,220.37,online,IE,IE,Hotels,4.9038429182940645e-05,0,0,
09c3b54b-cc12-48bd-9016-acd54d41e15f,CUST002444,MERCH00444,2025-05-15 12:38:00,104.25,online,FR,PL,Airlines,0.0003893079040574,0,0,
00ac1dd2-f6f3-49f3-9d17-a3e0415ff012,CUST005206,MERCH00302,2025-05-15 12:38:00,66.24,card_not_present,PL,DE,Utilities,0.0003678320872542,0,0,
cc0394fe-b834-4718-a4ec-17d31742e2c0,CUST001799,MERCH00445,2025-05-15 12:45:00,661.95,card_not_present,SE,PL,Misc Retail,0.0034721343200999,0,0,
957fdc00-f62c-48bb-80cb-dea7f2f48f1d,CUST000092,MERCH00388,2025-05-15 12:45:00,46.06,card_present,FR,DE,Fuel Stations,0.0003502693203816,0,0,
e26d8783-0304-4980-8c68-247ae761b32a,CUST004476,MERCH00171,2025-05-15 12:48:00,76.55,card_not_present,IT,FR,Electronics,0.0004781389508795,0,0,
c164067c-a162-446c-be88-3f4ea2528145,CUST003847,MERCH00375,2025-05-15 12:49:00,71.81,online,DE,PL,Jewelry,0.0003357238799902,0,0,
182af392-e4ff-4664-9e4e-e0395156ca0c,CUST000300,MERCH00135,2025-05-15 12:50:00,34.72,atm_withdrawal,FR,FR,Grocery Stores,8.856903869674524e-05,0,0,
a7b2eac7-4690-4afe-94a0-6e6954857294,CUST000600,MERCH00374,2025-05-15 12:50:00,23.96,card_present,DE,DE,Direct Marketing / Subscriptions,5.97383145101478e-05,0,0,
64fa3441-c1ee-44e5-a65f-852538371bbb,CUST003623,MERCH00186,2025-05-15 12:56:00,103.9,card_not_present,FR,FR,Clothing Stores,6.317967098734498e-05,0,0,
4d53cd18-633a-47b4-91db-82935570b414,CUST001830,MERCH00159,2025-05-15 12:57:00,163.43,card_not_present,ES,FR,Electronics,0.0005051328792678,0,0,
9a95ef38-f615-4209-8abe-90ac41006e21,CUST004680,MERCH00347,2025-05-15 12:57:00,68.97,atm_withdrawal,ES,ES,Hotels,0.0001949541787863,0,0,
93c3e56e-b384-4e1a-a233-46e9f9d1d798,CUST005363,MERCH00130,2025-05-15 12:59:00,40.62,card_present,IE,NL,Hotels,0.0003367862938269,0,0,
f1d37f8c-c459-49fa-805d-73e4bdca14dc,CUST004396,MERCH00384,2025-05-15 13:01:00,47.94,card_not_present,PL,PL,Restaurants,6.483629147418578e-05,0,0,
241d3d90-3ebb-4e7b-93c3-be83030449c1,CUST003209,,2025-05-15 13:03:00,34.41,wire_transfer,FR,FR,N/A (wire/ATM),3.451305870562638e-05,0,0,
2c044c70-8033-4641-b5eb-4c7798cdae98,CUST004284,MERCH00224,2025-05-15 13:03:00,11.41,card_not_present,ES,ES,Grocery Stores,9.79715117179777e-05,0,0,
9158937c-25c7-4e5d-8739-d2196d7e49fd,CUST000022,MERCH00313,2025-05-15 13:04:00,54.23,card_present,PL,FR,Electronics,0.0003694031945654,0,0,
a99b5053-bca0-4f13-ac54-5497d9381a21,CUST001075,MERCH00411,2025-05-15 13:04:00,14.45,atm_withdrawal,FR,SE,Jewelry,0.0008108888240528,0,0,
cb8719be-3e6d-439a-a750-532ed7677515,CUST002169,MERCH00279,2025-05-15 13:05:00,78.24,online,IE,FR,Clothing Stores,0.0002762768882037,0,0,
334382c6-65be-48ff-8859-8f4518594025,CUST001526,MERCH00147,2025-05-15 13:08:00,57.12,card_present,ES,IT,Airlines,0.0003694031945654,0,0,
5cd914ea-8216-4ad9-bb6b-6106ec5458b7,CUST002498,MERCH00214,2025-05-15 13:09:00,440.21,card_present,IE,IT,Crypto / Money Transfer,0.0003893079040574,0,0,
6af3056f-745b-4b17-8755-9e51a23b1739,CUST002041,MERCH00208,2025-05-15 13:11:00,251.49,card_present,DE,ES,Crypto / Money Transfer,0.0003893079040574,0,0,
a7a623c0-f766-4dfe-a612-850fc89dea80,CUST005645,MERCH00027,2025-05-15 13:11:00,191.93,card_present,PL,PL,Utilities,5.9645998429748846e-05,0,0,
13121c7c-d87d-4bc5-9c78-80ddf305ece0,CUST005467,MERCH00358,2025-05-15 13:14:00,6.18,online,IE,IE,Direct Marketing / Subscriptions,7.271949762886276e-05,0,0,
4235a387-b9c9-4c43-8c1e-14d02995545f,CUST003518,MERCH00029,2025-05-15 13:15:00,255.71,online,DE,PL,Jewelry,0.0003357238799902,0,0,
9cb45102-0478-44a1-a09b-7965c91fab79,CUST001261,MERCH00315,2025-05-15 13:18:00,59.09,card_present,IT,NL,Jewelry,0.0005694741131373,0,0,
71559716-6044-4b22-9ac7-c46fa01a9617,CUST001005,MERCH00292,2025-05-15 13:20:00,46.6,card_not_present,IE,FR,Fuel Stations,0.0005517854837085,0,0,
c69c011e-8e2e-4464-a205-fedd13fbf81c,CUST002840,MERCH00309,2025-05-15 13:21:00,388.24,online,FR,FR,Fuel Stations,3.38589349594547e-05,0,0,
628a47e8-5aaf-4182-b1f0-0368cf7e93b6,CUST004061,MERCH00054,2025-05-15 13:21:00,13.19,card_present,IT,IT,Hotels,7.8094632876302e-05,0,0,
4d77037f-8da0-4298-aa12-152ce075fe86,CUST004013,MERCH00238,2025-05-15 13:24:00,75.76,card_not_present,FR,FR,Utilities,8.035857446094911e-05,0,0,
2362b109-71c9-48eb-9b21-41f4d8b37457,CUST005347,MERCH00227,2025-05-15 13:25:00,29.64,card_present,ES,DE,Grocery Stores,0.0003588602692009,0,0,
1cf7ffb1-673c-4018-bfa0-f24abe040437,CUST000384,,2025-05-15 13:25:00,21.91,wire_transfer,FR,FR,N/A (wire/ATM),5.049350963201199e-05,0,0,
f89f09f9-786f-4ee9-9686-c6db9c4fd1c1,CUST003508,MERCH00036,2025-05-15 13:25:00,14.13,card_present,FR,IE,Fuel Stations,0.0004096114978954,0,0,
52c10711-c002-4dd7-935a-f411769232ce,CUST000032,MERCH00269,2025-05-15 13:27:00,432.14,card_not_present,IT,ES,Restaurants,0.0008115247970598,0,0,
7d95c3ae-fd16-42f3-a85d-892dd1c4f5dd,CUST003481,MERCH00142,2025-05-15 13:27:00,141.02,card_present,DE,DE,Airlines,5.168168020254222e-05,0,0,
05ec300c-b5f1-43d1-9e24-10b88a1474ba,CUST005481,MERCH00109,2025-05-15 13:27:00,36.11,card_not_present,DE,ES,Utilities,0.0005172736496558,0,0,
a15e2c94-c050-4919-8ed3-03656216de7c,CUST002672,MERCH00244,2025-05-15 13:30:00,261.78,card_not_present,ES,ES,Restaurants,7.204970581350819e-05,0,0,
29f7ab7f-a91b-4198-b60e-a836b38c194d,CUST003008,,2025-05-15 13:30:00,94.44,wire_transfer,FR,FR,N/A (wire/ATM),8.641469386671939e-05,0,0,
ee845101-4a7a-43cf-86e7-45cbbd0b04e3,CUST001112,,2025-05-15 13:33:00,18.14,wire_transfer,SE,SE,N/A (wire/ATM),3.451305870562638e-05,0,0,
5e832900-9f0a-4351-8e13-8c468d9a3416,CUST004443,MERCH00077,2025-05-15 13:34:00,20.58,online,ES,ES,Grocery Stores,6.237810501200828e-05,0,0,
2232beae-6c03-4ff9-ac54-99a6fae9df18,CUST004629,MERCH00261,2025-05-15 13:36:00,21.21,card_present,PL,ES,Utilities,0.0003839886252206,0,0,
6a32f51e-02dc-4beb-b9fb-76fe44e13df5,CUST000663,MERCH00363,2025-05-15 13:39:00,25.35,card_present,PL,PL,Electronics,7.8094632876302e-05,0,0,
c3df1435-fba1-451b-8f28-1051f0eb28d5,CUST005788,MERCH00366,2025-05-15 13:41:00,24.55,online,NL,IE,Grocery Stores,0.0004993538261975,0,0,
39bcd29d-af7b-4cd7-a721-857f6e581312,CUST003751,MERCH00158,2025-05-15 13:48:00,10.34,atm_withdrawal,DE,IT,Jewelry,0.0007223439483165,0,0,
f814048d-031f-49ad-8821-9ab8b51187df,CUST004107,MERCH00111,2025-05-15 13:48:00,166.2,card_present,IT,IE,Utilities,0.0002541433402874,0,0,
bf373d63-d77d-4ee7-99c2-0a1ac81c9ef8,CUST002867,MERCH00130,2025-05-15 13:50:00,116.51,card_not_present,IE,FR,Hotels,0.0004536945090901,0,0,
f48976c8-0ef6-454c-bd5f-c93f9414a3f4,CUST005023,MERCH00003,2025-05-15 13:50:00,1160.26,card_present,IT,NL,Restaurants,0.0004058347771639,0,0,
e7726636-0f9f-42cd-9e59-5441bcd609e4,CUST002513,MERCH00258,2025-05-15 13:53:00,28.66,atm_withdrawal,DE,FR,Fuel Stations,0.0003454538411998,0,0,
caaacaab-e84d-4d47-8e72-6fa5ab67ac0a,CUST000861,MERCH00132,2025-05-15 13:54:00,42.51,card_present,ES,IE,Restaurants,0.0005421778410369,0,0,
b1cab183-27d9-43ad-9bed-6223e121046a,CUST000099,MERCH00119,2025-05-15 13:55:00,12.2,atm_withdrawal,ES,ES,Misc Retail,8.855396745052996e-05,0,0,
e54ec339-ba4d-4d36-9009-8c01ba5b7d67,CUST001701,MERCH00344,2025-05-15 13:57:00,16.26,card_present,SE,FR,Misc Retail,0.0003243728414593,0,0,
15a93ba2-74d9-45a3-86dc-a162c526589d,CUST000947,MERCH00259,2025-05-15 14:01:00,62.35,online,DE,DE,Fuel Stations,5.9645998429748846e-05,0,0,
965f1276-39c6-45e3-815f-c9ac54cac5bf,CUST005596,MERCH00047,2025-05-15 14:02:00,36.71,card_present,FR,FR,Misc Retail,4.34982364947671e-05,0,0,
b04eb0c3-6a9a-42a8-b819-5c25f2c5c431,CUST003806,MERCH00151,2025-05-15 14:02:00,28.43,card_present,FR,ES,Fuel Stations,0.0002864130944693,0,0,
1d8f4bee-a887-43cb-98bc-c32e0a5db06d,CUST001639,MERCH00189,2025-05-15 14:06:00,106.87,card_present,ES,ES,Crypto / Money Transfer,5.168168020254222e-05,0,0,
9e1c80fe-9a0d-48a3-897c-3d58d1339a7c,CUST004189,MERCH00441,2025-05-15 14:08:00,47.71,card_not_present,NL,ES,Grocery Stores,0.0004587126115406,0,0,
d767eb40-400d-4181-8208-5f487b6c8ef5,CUST005321,MERCH00151,2025-05-15 14:10:00,53.99,online,FR,FR,Fuel Stations,3.5684015772054174e-05,0,0,
86589953-d072-49e3-9f25-62af96e069a1,CUST002425,MERCH00057,2025-05-15 14:10:00,56.25,card_not_present,DE,FR,Direct Marketing / Subscriptions,0.0004211457053096,0,0,
e4e9350f-56f4-47a9-af30-600f0c9328dc,CUST003248,MERCH00407,2025-05-15 14:10:00,31.66,card_present,PL,PL,Jewelry,7.8094632876302e-05,0,0,
b4f0d4f4-ca76-42a9-b600-85aa4e11af21,CUST004699,MERCH00030,2025-05-15 14:11:00,270.4,card_not_present,DE,NL,Electronics,0.0002381757476303,0,0,
28faf5d5-3f10-458c-8297-38be1e6ae63e,CUST004096,MERCH00252,2025-05-15 14:14:00,17.45,card_present,DE,DE,Clothing Stores,7.086146902556566e-05,0,0,
e01cf534-9e81-4d3b-b81b-e975add1ebf6,CUST001134,MERCH00221,2025-05-15 14:17:00,38.66,card_not_present,SE,SE,Direct Marketing / Subscriptions,9.79715117179777e-05,0,0,
5da01861-0190-4442-a243-fd0f5d95da1e,CUST005023,MERCH00263,2025-05-15 14:17:00,307.45,card_not_present,ES,NL,Clothing Stores,0.0097378515711874,0,0,
ca235ef5-eb86-4708-8433-03d9273de658,CUST003272,MERCH00396,2025-05-15 14:18:00,17.58,card_present,FR,FR,Direct Marketing / Subscriptions,7.271949762886276e-05,0,0,
79465a37-1e39-4576-a940-a3b3960a2300,CUST004095,MERCH00016,2025-05-15 14:19:00,77.99,online,IE,IE,Electronics,5.168168020254222e-05,0,0,
9f8bd7aa-1352-47a9-9170-50744102851b,CUST000379,MERCH00140,2025-05-15 14:21:00,83.97,card_not_present,IT,IT,Airlines,8.213065847050307e-05,0,0,
da6b2520-5120-42e8-832a-32f34825df94,CUST005731,MERCH00023,2025-05-15 14:23:00,136.99,card_not_present,PL,PL,Airlines,6.962877213748992e-05,0,0,
23781f84-fe58-4a83-b098-6b4aac129427,CUST000433,MERCH00089,2025-05-15 14:24:00,37.34,card_present,DE,DE,Direct Marketing / Subscriptions,5.400494062808005e-05,0,0,
f612b982-69c9-403d-bdd0-4b8b99124235,CUST003353,MERCH00435,2025-05-15 14:24:00,43.96,card_not_present,DE,DE,Clothing Stores,9.775294334803254e-05,0,0,
1b00d337-a837-4bc4-96b1-04ecf3c738e2,CUST000493,MERCH00316,2025-05-15 14:29:00,27.08,card_not_present,DE,SE,Direct Marketing / Subscriptions,0.0004452416318322,0,0,
6705ad0c-b234-4931-a743-1e4742302652,CUST003726,MERCH00149,2025-05-15 14:29:00,501.52,card_present,NL,NL,Direct Marketing / Subscriptions,0.0001010373248757,0,0,
574b6af8-2d29-4f85-b0ca-691954f66261,CUST004002,MERCH00182,2025-05-15 14:30:00,98.74,online,SE,SE,Restaurants,7.271949762886276e-05,0,0,
8ed752a5-c392-4bad-8893-a5ac2d494b75,CUST005015,MERCH00080,2025-05-15 14:30:00,75.93,card_not_present,ES,DE,Electronics,0.0005244383171421,0,0,
e30276d6-32ea-44dc-b2f2-16f00ff6cde3,CUST003644,MERCH00025,2025-05-15 14:31:00,32.64,atm_withdrawal,ES,PL,Jewelry,0.0005244383171421,0,0,
b070519e-f838-433d-856c-56b19c4ae237,CUST001640,MERCH00035,2025-05-15 14:38:00,20.54,card_not_present,ES,ES,Clothing Stores,9.546833997705238e-05,0,0,
88434416-7500-46cf-b7d8-d0e0d083eb0f,CUST002544,MERCH00433,2025-05-15 14:40:00,215.89,card_present,ES,ES,Electronics,5.168168020254222e-05,0,0,
80824a90-03ac-4651-a125-e66d0410bd8a,CUST004721,MERCH00072,2025-05-15 14:44:00,57.21,card_not_present,DE,NL,Grocery Stores,0.0001995834245315,0,0,
f688a94e-bb0e-494a-ad4d-644e56e1b6ef,CUST005220,MERCH00350,2025-05-15 14:51:00,51.25,card_not_present,SE,DE,Utilities,0.0005342455409357,0,0,
97b45a00-f72d-47ed-bd18-b3a9e7c96e83,CUST002130,MERCH00093,2025-05-15 14:53:00,66.04,card_present,SE,SE,Grocery Stores,7.271949762886276e-05,0,0,
4e0ae49f-3023-4851-9938-31f97e4f47c8,CUST004174,MERCH00081,2025-05-15 14:56:00,28.47,card_not_present,NL,NL,Misc Retail,5.860369463451871e-05,0,0,
d998ebac-1cf2-45eb-84c5-d21df7f8d740,CUST005178,MERCH00178,2025-05-15 14:56:00,290.67,atm_withdrawal,NL,NL,Clothing Stores,7.020878960800126e-05,0,0,
759b240e-cb43-485d-a08f-e1dfcd6a3b7d,CUST003366,MERCH00168,2025-05-15 14:57:00,40.57,card_not_present,PL,FR,Fuel Stations,0.0005008302059291,0,0,
12e20fe5-85a8-41cc-8759-0f553fc605d3,CUST002045,MERCH00002,2025-05-15 14:57:00,753.66,atm_withdrawal,IT,PL,Jewelry,0.0096103516705858,0,0,
2a60f8bd-8365-4364-84aa-757de67fad60,CUST004794,MERCH00132,2025-05-15 14:57:00,11.19,card_present,FR,FR,Restaurants,7.271949762886276e-05,0,0,
c2b914e2-03bc-4347-95eb-be93e70824dc,CUST003157,MERCH00173,2025-05-15 14:58:00,26.24,card_present,ES,NL,Fuel Stations,0.0003643557830765,0,0,
662e0138-c01d-4edb-9553-3a58ff7e8726,CUST001375,MERCH00005,2025-05-15 14:58:00,8.95,online,FR,DE,Direct Marketing / Subscriptions,0.0004051839694615,0,0,
68f5c66f-5990-411b-bf72-5827beed646c,CUST003143,MERCH00288,2025-05-15 15:01:00,20.02,card_present,IT,IT,Crypto / Money Transfer,5.168168020254222e-05,0,0,
649f4b12-0953-42bc-b369-f1fbc602ce8b,CUST004604,MERCH00384,2025-05-15 15:03:00,89.82,card_present,FR,FR,Restaurants,4.812442096995302e-05,0,0,
763faa3c-b498-4658-9a35-1261cf29883e,CUST003575,MERCH00265,2025-05-15 15:05:00,144.02,online,DE,IE,Electronics,0.0003694031945654,0,0,
986ef159-0351-45c2-9abc-bda89dbe96ac,CUST001939,MERCH00408,2025-05-15 15:07:00,82.41,card_present,SE,FR,Clothing Stores,0.0005283311961871,0,0,
c866b56f-738a-4280-8466-6c6ef8e33fe0,CUST000487,MERCH00315,2025-05-15 15:10:00,66.75,online,IT,DE,Jewelry,0.0003549341170108,0,0,
7034ccab-d73e-4a6d-b354-5c0ed522a97c,CUST001278,MERCH00231,2025-05-15 15:11:00,81.73,card_not_present,ES,FR,Jewelry,0.0005957831895529,0,0,
1227ca03-f4fb-4df2-a011-20bd6614d290,CUST005433,MERCH00385,2025-05-15 15:12:00,4.75,card_not_present,FR,FR,Misc Retail,8.573778511876247e-05,0,0,
73f4f58f-a5ac-4a91-a3b5-3e571f4e96d8,CUST002707,MERCH00125,2025-05-15 15:13:00,47.9,online,DE,FR,Restaurants,0.0004723307984616,0,0,
ddb3bc63-2ab0-42a8-9e7e-8957cb7698c2,CUST003135,MERCH00218,2025-05-15 15:14:00,146.03,card_present,DE,DE,Fuel Stations,3.947244601738204e-05,0,0,
d73e002d-c33c-4df8-a898-6a19910557f3,CUST000333,MERCH00155,2025-05-15 15:17:00,59.0,card_not_present,SE,SE,Hotels,6.962877213748992e-05,0,0,
a2d9ee54-9b78-44ed-8ab7-fd8aa25d4b2e,CUST002708,MERCH00242,2025-05-15 15:17:00,194.59,atm_withdrawal,ES,DE,Electronics,0.0005244383171421,0,0,
819d2b14-7630-4ecf-b82d-a17d286afd00,CUST002626,,2025-05-15 15:19:00,299.83,wire_transfer,IE,IE,N/A (wire/ATM),3.835296651872995e-05,0,0,
49990b33-78a7-486f-a4e1-234ab02f62a8,CUST005589,MERCH00162,2025-05-15 15:22:00,8.92,card_not_present,NL,NL,Misc Retail,8.573778511876247e-05,0,0,
9b874e0f-afdb-43c4-b6d8-70db4ad06ecc,CUST002675,MERCH00348,2025-05-15 15:23:00,137.74,card_present,SE,NL,Restaurants,0.0003588602692009,0,0,
8c0b0b39-038c-42b9-aa9e-1e9c478ff8cd,CUST000429,MERCH00182,2025-05-15 15:24:00,222.17,card_present,ES,NL,Restaurants,0.0005421778410369,0,0,
b913105e-a3d6-421b-9d3c-f0b1778815c2,CUST005079,MERCH00071,2025-05-15 15:24:00,10.87,card_present,FR,FR,Jewelry,7.8094632876302e-05,0,0,
53e88e4a-072a-45e3-a988-1e1a7fae37fa,CUST002499,MERCH00360,2025-05-15 15:26:00,53.43,card_present,DE,DE,Grocery Stores,7.271949762886276e-05,0,0,
6cfbf9bd-bccd-487d-b032-9ea8b7167eec,CUST005406,MERCH00248,2025-05-15 15:27:00,54.62,card_not_present,ES,FR,Direct Marketing / Subscriptions,0.0005278294931189,0,0,
6889b179-7e31-49fe-b252-c2cd213e39b2,CUST005534,MERCH00195,2025-05-15 15:27:00,125.06,card_present,FR,NL,Crypto / Money Transfer,0.0003357238799902,0,0,
c3fa2644-044e-48fc-9d60-6fa1b49f3722,CUST002826,MERCH00017,2025-05-15 15:28:00,63.28,card_present,DE,PL,Airlines,0.0003357238799902,0,0,
c1f8b4a6-0bc3-40f8-80fd-936602e4a116,CUST002198,MERCH00427,2025-05-15 15:31:00,388.54,card_present,DE,DE,Grocery Stores,4.812442096995302e-05,0,0,
abead8eb-2f06-4a93-9519-146f03981b0b,CUST003745,MERCH00371,2025-05-15 15:32:00,143.96,card_present,NL,IE,Grocery Stores,0.0003305108377448,0,0,
6dbefd75-43f0-4e66-91da-af8e34f3c3bd,CUST004686,MERCH00317,2025-05-15 15:37:00,216.37,card_not_present,NL,NL,Clothing Stores,7.020878960800126e-05,0,0,
3739af78-8ac4-44d5-8f16-d5699a8ecd37,CUST001437,MERCH00436,2025-05-15 15:39:00,82.89,online,PL,PL,Grocery Stores,6.237810501200828e-05,0,0,
0a7ab357-96fd-437f-9b89-a82b6dd0a3b7,CUST005784,MERCH00332,2025-05-15 15:46:00,340.28,card_present,SE,DE,Electronics,0.0005362471576831,0,0,
34b8086a-adc1-4e1c-b9c3-80f0c69606a7,CUST004376,MERCH00298,2025-05-15 15:46:00,192.55,card_not_present,SE,NL,Direct Marketing / Subscriptions,0.0004834272910878,0,0,
55362f85-48d3-4b2d-b79c-1de6d0dfffbd,CUST003427,MERCH00127,2025-05-15 15:46:00,112.34,card_present,FR,FR,Utilities,4.899845589618493e-05,0,0,
8b3dc3ea-3230-4b41-a2e3-6f2aecd18d59,CUST000304,MERCH00200,2025-05-15 15:46:00,174.2,atm_withdrawal,PL,IT,Misc Retail,0.0004146330880093,0,0,
a32456aa-48ea-4e0e-a61d-4c7c237c050b,CUST002653,MERCH00299,2025-05-15 15:48:00,305.02,online,DE,DE,Utilities,3.5684015772054174e-05,0,0,
d2a76a4b-706b-45f0-991a-56ca5e45d644,CUST003281,MERCH00060,2025-05-15 15:49:00,171.65,card_present,ES,ES,Crypto / Money Transfer,5.168168020254222e-05,0,0,
1b07eed6-688c-4eea-9144-9d2d4de957b2,CUST002162,MERCH00092,2025-05-15 15:49:00,95.02,card_present,FR,FR,Hotels,7.8094632876302e-05,0,0,
6a09477d-7eab-4f5a-b838-220021dc7a97,CUST002291,MERCH00077,2025-05-15 15:50:00,10.82,online,IE,IE,Grocery Stores,7.442956469352984e-05,0,0,
ac4c01b3-d6de-42fe-90c4-da3aa8f57af6,CUST002252,MERCH00373,2025-05-15 15:52:00,47.65,online,FR,SE,Clothing Stores,0.0005283311961871,0,0,
1e93c510-e3a3-4404-a014-8d362bbcbf60,CUST000477,MERCH00113,2025-05-15 15:53:00,37.07,card_not_present,NL,NL,Crypto / Money Transfer,6.962877213748992e-05,0,0,
8d3f5f77-7d41-44bf-ad05-210eccb7e359,CUST001519,MERCH00360,2025-05-15 15:55:00,215.75,card_present,DE,ES,Grocery Stores,0.0003405117697736,0,0,
7a61b4a6-def6-45a7-bd6b-0836f31944c4,CUST002489,MERCH00121,2025-05-15 15:55:00,39.7,card_not_present,PL,PL,Hotels,6.962877213748992e-05,0,0,
541b7bd9-2def-4c85-8516-5059aea6eb25,CUST001401,MERCH00243,2025-05-15 15:56:00,42.56,online,NL,NL,Jewelry,5.168168020254222e-05,0,0,
2ff4d831-c93d-4474-9737-9d7e99e81605,CUST005704,MERCH00412,2025-05-15 15:56:00,136.02,online,FR,IT,Hotels,0.0005362471576831,0,0,
36a70c8b-b1d2-4b45-a88e-446e63b9bdb7,CUST003670,MERCH00126,2025-05-15 15:57:00,61.37,card_not_present,PL,NL,Crypto / Money Transfer,0.0004781389508795,0,0,
6a0fcc6b-de39-4895-82a4-87ed49669287,CUST003611,MERCH00251,2025-05-15 15:58:00,21.64,card_not_present,PL,DE,Fuel Stations,0.0005219265464563,0,0,
c525514c-a968-42f7-bd13-09a80f521628,CUST000332,MERCH00405,2025-05-15 15:58:00,1775.96,online,FR,FR,Jewelry,0.0004325727548174,0,0,
c647ae8d-e0ac-423e-a5fc-5f7b048b5310,CUST000536,,2025-05-15 16:00:00,9.07,wire_transfer,PL,PL,N/A (wire/ATM),5.215210282126032e-05,0,0,
b199f9a9-88ce-444c-9208-d9c97597b98b,CUST000851,MERCH00171,2025-05-15 16:00:00,34.66,card_not_present,IT,IT,Electronics,9.983215161571884e-05,0,0,
e238aa4f-693b-4ae2-a842-adeeb33815ab,CUST001558,MERCH00298,2025-05-15 16:02:00,48.63,card_present,SE,SE,Direct Marketing / Subscriptions,4.128053386546797e-05,0,0,
ee7fb8fe-2872-4e8e-afcb-bf7e5c4616ed,CUST005747,MERCH00061,2025-05-15 16:02:00,12.31,online,FR,FR,Hotels,7.410059585027263e-05,0,0,
0b1704e3-114a-4806-afc3-70b06c4228d0,CUST000082,MERCH00233,2025-05-15 16:03:00,16.55,card_not_present,IT,IT,Fuel Stations,0.000133149624845,0,0,
6a595312-78f7-45dd-894e-1c2b5b899336,CUST005521,MERCH00422,2025-05-15 16:07:00,279.78,online,DE,DE,Hotels,4.9038429182940645e-05,0,0,
036e539d-232c-44d9-8375-0ab8c3265768,CUST002531,MERCH00397,2025-05-15 16:07:00,16.74,card_present,FR,IT,Utilities,0.0004096114978954,0,0,
227776e2-5f51-4a05-be8e-d7ac8e809fff,CUST004858,MERCH00314,2025-05-15 16:11:00,17.27,online,DE,DE,Grocery Stores,0.0007042702416225,0,0,
79f4a7ff-3e90-4647-be40-01aa95501d34,CUST001733,MERCH00345,2025-05-15 16:11:00,169.37,online,ES,IT,Airlines,0.0003893079040574,0,0,
d401c5fa-84e3-4292-b381-5578afa71f12,CUST001485,,2025-05-15 16:13:00,54.18,wire_transfer,IT,IT,N/A (wire/ATM),5.215210282126032e-05,0,0,
67250dbe-4325-428f-8752-2cf387328cd9,CUST003148,MERCH00309,2025-05-15 16:13:00,41.59,card_not_present,DE,DE,Fuel Stations,7.264631865383923e-05,0,0,
6ac6c056-7fe7-42cb-b305-0d6863019684,CUST003566,MERCH00076,2025-05-15 16:14:00,14.4,online,IE,PL,Utilities,0.0003839886252206,0,0,
b2c9889e-6597-45c0-9e0e-4e295513fc9d,CUST001742,MERCH00333,2025-05-15 16:16:00,16.01,online,IT,IT,Direct Marketing / Subscriptions,7.790638149949798e-05,0,0,
f66c6feb-f660-4124-8abf-892ef29fd3b0,CUST002317,MERCH00325,2025-05-15 16:17:00,48.17,card_present,FR,SE,Utilities,0.0003643557830765,0,0,
e81ee825-b215-431b-a38e-8a1c56eba52f,CUST001949,MERCH00213,2025-05-15 16:17:00,32.79,online,IE,IE,Airlines,5.168168020254222e-05,0,0,
f9c117f4-f161-41fe-8fa9-8470d10cf583,CUST002438,MERCH00159,2025-05-15 16:19:00,262.8,atm_withdrawal,ES,IT,Electronics,0.0005529654234258,0,0,
5ad50eae-1750-467f-a567-782ee5cbbebd,CUST004687,MERCH00048,2025-05-15 16:19:00,50.48,card_present,FR,IT,Clothing Stores,0.0004399169740835,0,0,
f7020814-741e-40c4-91b1-fe110f234314,CUST002739,MERCH00117,2025-05-15 16:23:00,26.14,online,IE,IE,Utilities,4.203027545348821e-05,0,0,
bf7e1943-89ce-4554-a20d-b5a030049068,CUST004100,MERCH00297,2025-05-15 16:29:00,37.25,card_not_present,NL,NL,Grocery Stores,6.483629147418578e-05,0,0,
1664920c-ca47-4507-ae83-c27acdaf6576,CUST000047,,2025-05-15 16:30:00,1139.95,wire_transfer,FR,FR,N/A (wire/ATM),0.0011110020046309,0,0,
a9c1a271-c57d-4e04-8fed-1be69d37585c,CUST000192,MERCH00297,2025-05-15 16:31:00,81.22,card_not_present,DE,DE,Grocery Stores,6.483629147418578e-05,0,0,
20383e9a-279b-46fa-bfce-4842e115d10b,CUST001976,MERCH00031,2025-05-15 16:33:00,11.69,card_not_present,ES,DE,Airlines,0.0007922715391075,0,0,
a4410a11-d095-4b09-8825-134dc82c94cb,CUST005439,MERCH00078,2025-05-15 16:34:00,33.5,card_not_present,ES,PL,Fuel Stations,0.0005172736496558,0,0,
3838d62b-ec78-47f0-9793-8b12df5bc494,CUST002665,MERCH00155,2025-05-15 16:34:00,62.76,card_not_present,DE,SE,Hotels,0.0004781389508795,0,0,
9f850ec5-bef2-4396-b258-f33a098d2214,CUST003551,MERCH00282,2025-05-15 16:37:00,358.61,online,SE,PL,Jewelry,0.0005665197976678,0,0,
84868b16-101e-46d1-9247-563314731b5b,CUST001502,MERCH00090,2025-05-15 16:38:00,123.48,atm_withdrawal,PL,IE,Restaurants,0.0004834272910878,0,0,
4cdf3dbd-14eb-43af-81cf-18d674fcdc37,CUST005227,MERCH00317,2025-05-15 16:38:00,16.38,atm_withdrawal,IT,IT,Clothing Stores,9.546833997705238e-05,0,0,
e7479585-1b07-46a8-8d4c-a4789cc122ef,CUST001815,MERCH00237,2025-05-15 16:38:00,240.18,online,NL,NL,Airlines,7.8094632876302e-05,0,0,
72799dff-4cf9-4e06-b424-ce9168bac78e,CUST000274,MERCH00418,2025-05-15 16:41:00,334.28,card_not_present,PL,PL,Clothing Stores,7.020878960800126e-05,0,0,
f06e4fab-2208-4bd6-bf34-e3c9c7bdaa28,CUST005994,MERCH00152,2025-05-15 16:41:00,47.53,online,FR,ES,Misc Retail,0.0004768541038613,0,0,
706983c2-0d37-4c9a-9a7f-e939354ced09,CUST003559,MERCH00282,2025-05-15 16:42:00,233.73,atm_withdrawal,SE,ES,Jewelry,0.0005827553284497,0,0,
86e28251-5961-4893-83ae-0361eba0b591,CUST002746,MERCH00081,2025-05-15 16:43:00,87.4,card_present,FR,ES,Misc Retail,0.0003156163855774,0,0,
182afcfa-5a2f-4857-add5-944db36c6f92,CUST003685,MERCH00084,2025-05-15 16:44:00,17.66,card_present,IE,IE,Grocery Stores,6.237810501200828e-05,0,0,
2b6aacf0-04da-4944-9c0a-dd45071577b3,CUST003733,MERCH00218,2025-05-15 16:45:00,34.58,card_not_present,DE,ES,Fuel Stations,0.0003423736331584,0,0,
dd01978d-4259-4f8a-aeba-b748f1561cd8,CUST001710,MERCH00075,2025-05-15 16:45:00,38.95,atm_withdrawal,DE,FR,Fuel Stations,0.0003454538411998,0,0,
1695a140-5bf5-4d71-9a74-82c8a53295f6,CUST003790,MERCH00040,2025-05-15 16:46:00,24.79,card_present,ES,ES,Grocery Stores,7.271949762886276e-05,0,0,
e6d2d4e4-24e2-4ccd-a7ff-358dfd628f57,CUST004236,,2025-05-15 16:51:00,980.49,wire_transfer,DE,DE,N/A (wire/ATM),0.0013685580674727,0,0,
551d64d9-540b-459c-bb15-c7c79f96ff1c,CUST003784,MERCH00061,2025-05-15 16:52:00,26.01,card_present,DE,DE,Hotels,7.8094632876302e-05,0,0,
1a602dd3-f47c-4d44-a42a-c9d0d7475a7c,CUST003102,MERCH00119,2025-05-15 16:53:00,13.63,card_not_present,ES,ES,Misc Retail,6.97707694526516e-05,0,0,
204ff2de-d9d0-4167-b55d-137cb44ba266,CUST003753,MERCH00077,2025-05-15 16:54:00,50.33,card_not_present,IT,IT,Grocery Stores,6.913792377225665e-05,0,0,
787fdfcf-eb89-4fa3-aada-58ecd4586e34,CUST001362,MERCH00173,2025-05-15 16:55:00,78.92,card_present,PL,PL,Fuel Stations,5.9645998429748846e-05,0,0,
d538f919-3521-497e-b054-4d0ced7988cb,CUST001488,MERCH00284,2025-05-15 16:55:00,141.44,card_present,FR,NL,Utilities,0.0003874430827375,0,0,
b0a9acfc-32be-405b-bc8d-3f08d8161049,CUST001136,MERCH00101,2025-05-15 16:56:00,7.87,card_present,PL,PL,Clothing Stores,7.086146902556566e-05,0,0,
113bc2c2-78de-45b6-8043-92b270510bb3,CUST002135,MERCH00432,2025-05-15 16:58:00,117.59,card_present,DE,DE,Grocery Stores,7.271949762886276e-05,0,0,
86c7f8d9-b9d3-4f65-bef5-2d99fdfef57c,CUST002951,MERCH00247,2025-05-15 16:59:00,61.56,online,NL,NL,Jewelry,7.993109117422968e-05,0,0,
983c3e28-e354-4a85-8470-3672004e8749,CUST005418,MERCH00113,2025-05-15 17:03:00,163.85,card_not_present,IT,IT,Crypto / Money Transfer,6.962877213748992e-05,0,0,
4527dee1-7367-4a60-b333-df888c17d577,CUST003655,MERCH00185,2025-05-15 17:06:00,858.44,online,FR,FR,Jewelry,0.000375640544755,0,0,
087cc7fd-b089-4c6b-924f-07b56123cc93,CUST005120,MERCH00319,2025-05-15 17:07:00,82.42,online,IE,DE,Utilities,0.0002541433402874,0,0,
2a3e522a-b8cc-4eed-90d9-a1df801d4f32,CUST001280,,2025-05-15 17:07:00,125.31,wire_transfer,SE,SE,N/A (wire/ATM),3.451305870562638e-05,0,0,
aec1c495-3c4f-4701-82ec-8757d5d92d2e,CUST000113,MERCH00005,2025-05-15 17:07:00,33.62,atm_withdrawal,DE,DE,Direct Marketing / Subscriptions,9.79715117179777e-05,0,0,
e9a51483-db0c-473a-b574-8de515147bc0,CUST004601,MERCH00279,2025-05-15 17:11:00,133.67,online,PL,PL,Clothing Stores,7.086146902556566e-05,0,0,
6fd8860c-326e-4e03-afae-ca9b4831f9fa,CUST004291,MERCH00302,2025-05-15 17:11:00,134.23,card_present,PL,PL,Utilities,4.5476264389580334e-05,0,0,
8b10fb93-397e-45e5-8888-5a5e98f599ba,CUST005556,MERCH00014,2025-05-15 17:11:00,124.52,card_present,ES,SE,Crypto / Money Transfer,0.0003893079040574,0,0,
dd1f87f8-26fb-4557-9219-fcd83a70ffed,CUST000465,MERCH00322,2025-05-15 17:15:00,149.2,card_present,FR,FR,Direct Marketing / Subscriptions,7.271949762886276e-05,0,0,
049ba807-7993-4289-bb9b-46f73007b2c1,CUST000742,MERCH00315,2025-05-15 17:17:00,22.38,online,ES,ES,Jewelry,7.410059585027263e-05,0,0,
e3e7b136-7fa5-4227-bb9a-4fcbf93547c8,CUST004467,MERCH00267,2025-05-15 17:18:00,97.12,card_not_present,DE,PL,Hotels,0.0004291413197054,0,0,
4f1be735-199b-4ecf-8b65-1f93a16ec36e,CUST003248,,2025-05-15 17:19:00,78.72,wire_transfer,PL,PL,N/A (wire/ATM),4.071015506700132e-05,0,0,
ba1ef1da-d4ef-470f-8406-e5d80913b91c,CUST002446,MERCH00435,2025-05-15 17:20:00,129.79,card_present,PL,ES,Clothing Stores,0.0003318137518077,0,0,
355add74-f2bb-4d26-9d98-a83f20dfd00a,CUST001172,MERCH00096,2025-05-15 17:25:00,146.23,card_present,SE,SE,Electronics,5.168168020254222e-05,0,0,
437fc25a-4dc6-4fa4-b37d-0b24019a69d7,CUST002573,MERCH00153,2025-05-15 17:27:00,50.25,card_not_present,DE,DE,Electronics,6.962877213748992e-05,0,0,
c0ee03c7-cb49-47ee-b466-0197d23f7167,CUST004276,MERCH00244,2025-05-15 17:27:00,6.12,card_not_present,FR,FR,Restaurants,9.485586221840853e-05,0,0,
7872fea5-f721-4c08-8c5a-7ea58f072f04,CUST003679,MERCH00211,2025-05-15 17:31:00,427.04,card_not_present,FR,NL,Jewelry,0.000533430984563,0,0,
b5de3aac-ed6d-4818-90c4-0640b1f28b04,CUST002498,MERCH00309,2025-05-15 17:31:00,239.27,online,IT,IT,Fuel Stations,3.947244601738204e-05,0,0,
470f95af-cb99-4787-a4f2-e9d3e5cceed4,CUST003377,MERCH00154,2025-05-15 17:31:00,87.09,online,DE,SE,Utilities,0.0003703115442415,0,0,
2617fa5c-ad2a-432a-be77-912590143d6d,CUST005997,MERCH00014,2025-05-15 17:34:00,239.88,card_not_present,ES,DE,Crypto / Money Transfer,0.0005529654234258,0,0,
e7985b1e-4ef9-47f0-a8db-f651519dc7bc,CUST000213,MERCH00091,2025-05-15 17:35:00,26.27,card_present,NL,NL,Restaurants,7.271949762886276e-05,0,0,
4acc7ccd-2f69-44f5-ac4a-99d30427f580,CUST002267,MERCH00363,2025-05-15 17:39:00,267.56,online,SE,SE,Electronics,0.0003685702389521,0,0,
ba53130f-2767-4557-8976-0a466a2e76e7,CUST005257,MERCH00285,2025-05-15 17:40:00,523.82,online,PL,IT,Jewelry,0.0014089876124302,0,0,
680df3d8-b249-4055-b3e0-e7889841987e,CUST001949,MERCH00019,2025-05-15 17:41:00,20.29,card_not_present,IT,IE,Utilities,0.0004038272397295,0,0,
d93d671c-472f-449d-8078-0fa53050dd4a,CUST005419,MERCH00332,2025-05-15 17:42:00,105.79,card_present,DE,DE,Electronics,5.168168020254222e-05,0,0,
614d516b-42c8-46e5-a501-3231b80646ed,CUST004017,MERCH00274,2025-05-15 17:45:00,41.75,card_not_present,DE,DE,Grocery Stores,6.483629147418578e-05,0,0,
e5568a9f-aed7-4498-b42d-d039f12d2da7,CUST001599,MERCH00184,2025-05-15 17:45:00,751.51,card_present,DE,DE,Jewelry,8.247336914937092e-05,0,0,
b4fc8cc0-408c-4256-ae8c-200b14faf4ec,CUST002973,,2025-05-15 17:46:00,1108.76,wire_transfer,SE,SE,N/A (wire/ATM),0.0015065973903233,0,0,
35a0625c-0d7a-467a-ac16-73a99532a0a4,CUST004095,MERCH00008,2025-05-15 17:46:00,102.61,online,IE,IE,Jewelry,0.0003685702389521,0,0,
1125457c-107a-4191-a900-9c1c572ef71e,CUST001175,MERCH00402,2025-05-15 17:48:00,175.93,online,IT,IT,Utilities,5.9645998429748846e-05,0,0,
b07c4266-9b93-4de2-8f44-e384863c02d4,CUST000805,MERCH00286,2025-05-15 17:50:00,192.89,card_not_present,DE,ES,Fuel Stations,0.0003423736331584,0,0,
bc9b5079-2422-42ac-9926-4944e4b67ea2,CUST004761,MERCH00336,2025-05-15 17:54:00,365.57,card_present,PL,PL,Restaurants,4.350563991435366e-05,0,0,
dfaa6d0d-c174-4c63-a84f-64bf7eb0c16f,CUST002213,,2025-05-15 17:55:00,63.93,wire_transfer,IE,IE,N/A (wire/ATM),4.071015506700132e-05,0,0,
34a74c75-75ca-4f9c-aaff-a24d29c9a4e7,CUST000700,MERCH00448,2025-05-15 17:56:00,14.19,card_present,IE,IE,Clothing Stores,7.086146902556566e-05,0,0,
ca324e21-e54f-4693-a0a0-cceafedad945,CUST005864,MERCH00272,2025-05-15 17:57:00,17.46,card_not_present,IT,IT,Electronics,6.962877213748992e-05,0,0,
43afb4fe-28b4-49f6-8926-c9546b98cc0d,CUST005212,MERCH00191,2025-05-15 17:58:00,83.07,card_not_present,PL,SE,Misc Retail,0.00064235264441,0,0,
59ed670c-c17c-4671-8fa1-aaedf17ffd8a,CUST005627,MERCH00059,2025-05-15 17:59:00,29.32,card_not_present,FR,FR,Fuel Stations,5.662598951728168e-05,0,0,
52b0f30a-512e-4442-91d3-7145b0e3cbfb,CUST001870,MERCH00171,2025-05-15 18:05:00,608.92,online,DE,PL,Electronics,0.0012152263214448,0,0,
7c5a4300-e92c-43ee-bd72-2edc32786364,CUST004813,MERCH00010,2025-05-15 18:05:00,21.44,card_not_present,DE,DE,Grocery Stores,8.856903869674524e-05,0,0,
62d2493a-09e1-4f75-8024-55ed66ce7980,CUST002847,MERCH00218,2025-05-15 18:06:00,18.69,card_not_present,DE,DE,Fuel Stations,4.807599128533608e-05,0,0,
d670b2e7-c28f-4b88-a849-fe31637cfb98,CUST003053,MERCH00289,2025-05-15 18:07:00,251.54,card_present,PL,PL,Clothing Stores,4.689478247181653e-05,0,0,
823ee23e-17c5-4d23-b432-6bf44137f141,CUST000021,MERCH00130,2025-05-15 18:09:00,98.55,atm_withdrawal,IE,PL,Hotels,0.0005244383171421,0,0,
e3f4ae10-1d0e-469d-9550-efb1b0de83d6,CUST001312,MERCH00254,2025-05-15 18:09:00,556.88,card_not_present,IT,IT,Crypto / Money Transfer,0.0005700616965893,0,0,
c5e1ebf5-aacc-410d-b2ec-a3ebc64fb938,CUST003974,MERCH00332,2025-05-15 18:12:00,323.23,atm_withdrawal,SE,IE,Electronics,0.0005529654234258,0,0,
c79b428f-409a-45ea-90e3-d6ea7b8e6ca6,CUST000214,MERCH00143,2025-05-15 18:12:00,9.0,card_present,DE,SE,Fuel Stations,0.0003365118440842,0,0,
f76c1b79-968e-43ec-9a48-b6e0f4fe0490,CUST000239,MERCH00420,2025-05-15 18:13:00,68.51,card_present,DE,DE,Fuel Stations,5.774909066208043e-05,0,0,
ac262377-62c3-4828-ada6-3e4a1022f985,CUST004891,MERCH00178,2025-05-15 18:17:00,45.0,card_present,IT,FR,Clothing Stores,0.000486600328622,0,0,
0118a5aa-edd8-4e9f-9def-b74353020c9e,CUST000062,MERCH00219,2025-05-15 18:22:00,30.26,online,NL,IE,Utilities,0.0003060091294725,0,0,
d74ba1cf-4dda-467a-b9b5-ca2b634760ad,CUST002137,MERCH00370,2025-05-15 18:23:00,28.78,online,PL,IT,Hotels,0.0004585159225113,0,0,
d82a2f50-d915-45ad-b949-deead302fe84,CUST005572,MERCH00147,2025-05-15 18:23:00,638.64,atm_withdrawal,ES,DE,Airlines,0.0042796685928788,0,0,
35f43f6b-2e42-4638-a05f-75d940e3b506,CUST005445,MERCH00353,2025-05-15 18:27:00,49.42,card_not_present,IT,IT,Utilities,8.035857446094911e-05,0,0,
e2271761-0739-42f6-86b7-3d05164c8171,CUST005020,MERCH00163,2025-05-15 18:28:00,64.08,card_not_present,DE,DE,Fuel Stations,6.6013827074598e-05,0,0,
3db84681-8095-4fa5-a98b-c759f1a98fda,CUST000168,MERCH00097,2025-05-15 18:30:00,13.85,atm_withdrawal,ES,FR,Utilities,0.000527014197685,0,0,
87eb7b61-8c0e-447c-b510-992089df6596,CUST004471,MERCH00013,2025-05-15 18:32:00,9.21,atm_withdrawal,DE,IE,Fuel Stations,0.0008130574681656,0,0,
288c5f7a-9121-46c2-9c1b-845c1a3f50bf,CUST004668,MERCH00268,2025-05-15 18:34:00,33.22,card_not_present,IT,IT,Fuel Stations,5.3179958393195385e-05,0,0,
ee36e87e-5459-4818-a238-24ea65229ef0,CUST001760,MERCH00425,2025-05-15 18:34:00,36.03,card_not_present,PL,IT,Utilities,0.0005172736496558,0,0,
aa5e5603-d2b8-4c81-8eb9-365c3ee3d62a,CUST001721,MERCH00005,2025-05-15 18:36:00,465.11,card_present,FR,IT,Direct Marketing / Subscriptions,0.0004283670337977,0,0,
635e07f8-e869-4578-8692-da66780d40d4,CUST001279,MERCH00372,2025-05-15 18:38:00,343.72,card_not_present,IE,IE,Electronics,7.737533655219923e-05,0,0,
cd7c2d6b-c4a9-4503-b037-671e99ffebc3,CUST000571,MERCH00349,2025-05-15 18:39:00,430.31,online,IE,IE,Restaurants,4.350563991435366e-05,0,0,
545491b5-8a74-4049-bb31-92442e5c31b2,CUST002796,MERCH00374,2025-05-15 18:44:00,998.21,card_not_present,DE,IE,Direct Marketing / Subscriptions,0.0148540205945324,0,0,
197d7e67-6e52-4c8e-8600-bce03f2edc83,CUST000804,MERCH00333,2025-05-15 18:47:00,92.41,card_present,IT,IE,Direct Marketing / Subscriptions,0.0005144611512959,0,0,
5d2d05d2-1206-4f77-ad74-84a00fc3997d,CUST002553,MERCH00350,2025-05-15 18:47:00,25.23,card_present,SE,ES,Utilities,0.0003717805597319,0,0,
3f9fbb97-b699-43ef-aaf7-8e499bd85629,CUST002025,MERCH00336,2025-05-15 18:50:00,72.67,atm_withdrawal,FR,FR,Restaurants,6.483629147418578e-05,0,0,
1d194b73-0884-4f79-8210-b5582f071e22,CUST003870,MERCH00406,2025-05-15 18:53:00,23.84,online,SE,ES,Crypto / Money Transfer,0.0003893079040574,0,0,
a571207e-511a-46b2-b62d-64944b50cde5,CUST003093,MERCH00199,2025-05-15 18:56:00,25.99,card_present,IT,IT,Jewelry,6.41539940338825e-05,0,0,
0861fadd-a15e-44e4-b95e-161638286c3f,CUST001099,,2025-05-15 18:56:00,77.97,wire_transfer,NL,NL,N/A (wire/ATM),5.215210282126032e-05,0,0,
a1d2a05f-2e1b-4585-ab0d-5da899e53551,CUST002776,MERCH00276,2025-05-15 18:56:00,291.83,card_present,IT,IT,Misc Retail,4.34982364947671e-05,0,0,
d9acca88-1b34-4d2f-8e58-662d2ffb31eb,CUST003280,MERCH00008,2025-05-15 18:57:00,7.59,card_present,ES,DE,Jewelry,0.0005881699729265,0,0,
1a9601f0-0ae2-4f9f-86ea-36a846d12ccc,CUST004496,MERCH00174,2025-05-15 18:57:00,50.15,card_present,PL,PL,Direct Marketing / Subscriptions,7.442956469352984e-05,0,0,
6c8f2937-cfef-4f5c-8287-ea91e2e1a548,CUST004332,MERCH00072,2025-05-15 19:18:00,17.94,card_present,DE,PL,Grocery Stores,0.0003126220579578,0,0,
ab5802d7-9d37-4060-b4fd-bb33d360ccef,CUST000399,MERCH00184,2025-05-15 19:20:00,29.75,card_present,DE,DE,Jewelry,7.8094632876302e-05,0,0,
b3649314-00d6-4241-b578-5088ad672f01,CUST000363,MERCH00401,2025-05-15 19:31:00,73.93,card_not_present,IT,IT,Clothing Stores,8.630607936909761e-05,0,0,
9d28ce33-6ec9-4c93-b392-63aa07f80611,CUST005961,MERCH00276,2025-05-15 19:36:00,87.4,online,SE,DE,Misc Retail,0.0002987470516632,0,0,
a8d6e13e-5b41-4d90-9b9c-b4e139b741df,CUST001252,MERCH00109,2025-05-15 19:38:00,7.73,online,DE,PL,Utilities,0.0036234774377772,0,0,
4e9c4a94-ee7a-4221-8995-e9aee97274e2,CUST002312,MERCH00298,2025-05-15 19:38:00,140.93,card_not_present,DE,DE,Direct Marketing / Subscriptions,6.483629147418578e-05,0,0,
3f241874-46fd-43b5-9e87-85511a1ec9b8,CUST001843,MERCH00218,2025-05-15 19:39:00,66.52,card_present,DE,DE,Fuel Stations,5.116368452990701e-05,0,0,
2ec6cb1d-5226-4166-9b2e-e55b22f1a8b5,CUST001124,,2025-05-15 19:49:00,89.66,wire_transfer,DE,DE,N/A (wire/ATM),3.451305870562638e-05,0,0,
545e51d0-a85b-47da-a395-ba01ea3f2790,CUST000963,MERCH00419,2025-05-15 19:52:00,91.49,card_not_present,ES,ES,Crypto / Money Transfer,0.0001052129787404,0,0,
bc8d66bb-54b1-4d69-ad96-9925ff837509,CUST001651,MERCH00126,2025-05-15 19:55:00,26.23,online,PL,IT,Crypto / Money Transfer,0.0005881699729265,0,0,
2a68b3f7-ac79-47c5-a8e5-8ee96abac83a,CUST000391,,2025-05-15 19:58:00,14.2,wire_transfer,PL,PL,N/A (wire/ATM),5.215210282126032e-05,0,0,
49ae005f-2d2f-4c7f-8a19-f976734eafce,CUST000370,MERCH00389,2025-05-15 20:02:00,33.35,card_present,ES,DE,Restaurants,0.0004454308150197,0,0,
636b29af-e250-486b-bf18-45b42cbb5ea6,CUST000250,MERCH00218,2025-05-15 20:06:00,23.24,card_not_present,DE,IE,Fuel Stations,0.0003423736331584,0,0,
6977c19c-c906-47df-bae1-979ca7e44379,CUST004082,MERCH00203,2025-05-15 20:06:00,19.71,online,FR,NL,Grocery Stores,0.0004723307984616,0,0,
a8580f1d-02b4-489a-ab59-fdc1d795bc3c,CUST003462,MERCH00032,2025-05-15 20:08:00,87.54,online,IT,SE,Restaurants,0.0005421778410369,0,0,
d1f3f92e-af66-4c7b-8dbc-37d7f8a676ec,CUST001997,MERCH00059,2025-05-15 20:08:00,23.11,card_not_present,IT,ES,Fuel Stations,0.0004032414213665,0,0,
153af433-6558-4036-8c85-84dc23229b54,CUST005956,MERCH00231,2025-05-15 20:11:00,129.62,atm_withdrawal,IE,IE,Jewelry,6.60676807043181e-05,0,0,
f842f27a-4130-447d-8bf8-3b3d828dcf59,CUST002478,MERCH00149,2025-05-15 20:19:00,116.85,atm_withdrawal,FR,FR,Direct Marketing / Subscriptions,9.79715117179777e-05,0,0,
c275587c-a70a-4a46-9053-d2cffe8b2785,CUST000274,MERCH00066,2025-05-15 20:24:00,156.86,card_present,IE,PL,Misc Retail,0.0004900817433714,0,0,
c863db97-1f87-4d1f-8574-cfbcb8fc30fc,CUST000417,MERCH00355,2025-05-15 20:27:00,12.01,card_present,IT,DE,Restaurants,0.0003305108377448,0,0,
7a781f97-c3b4-465d-a5b2-70620f52ff0a,CUST002036,MERCH00040,2025-05-15 20:35:00,36.17,card_not_present,SE,SE,Grocery Stores,9.485586221840853e-05,0,0,
e2175221-0c00-4b0d-a18c-396d3f56b836,CUST002607,MERCH00044,2025-05-15 20:38:00,352.87,card_not_present,PL,PL,Fuel Stations,4.290949645026177e-05,0,0,
b30221d9-048e-494d-a42e-cd1ce16da3a2,CUST000173,MERCH00106,2025-05-15 20:38:00,29.97,online,IE,IT,Fuel Stations,0.0003643557830765,0,0,
86ff2f0a-a44d-4f0c-b3d8-3f3fa547a742,CUST004640,,2025-05-15 20:45:00,243.56,wire_transfer,FR,FR,N/A (wire/ATM),0.000472456311794,0,0,
d3776b7e-2cdb-4ba9-ba98-4c438f50ee1e,CUST004785,MERCH00420,2025-05-15 20:48:00,588.33,card_present,SE,DE,Fuel Stations,0.0005690443722623,0,0,
75cbf53c-e81d-48fa-bee8-dcfea5062e8e,CUST004531,MERCH00032,2025-05-15 20:49:00,21.97,card_not_present,IT,IT,Restaurants,9.79715117179777e-05,0,0,
511c706a-102c-48af-bfd0-0ed6c5736eda,CUST002121,,2025-05-15 20:53:00,26.46,wire_transfer,DE,DE,N/A (wire/ATM),3.451305870562638e-05,0,0,
23ef7e3b-5bd9-4638-bf20-f15302896d5a,CUST000527,MERCH00138,2025-05-15 20:54:00,26.22,card_not_present,IE,IE,Grocery Stores,7.469770067992626e-05,0,0,
27d99928-de71-4dd2-b261-d5af1dc659cc,CUST000984,MERCH00030,2025-05-15 20:58:00,65.76,card_not_present,SE,SE,Electronics,0.0001052129787404,0,0,
07fadb91-9096-4e6b-bf2b-d70cce6719f3,CUST004144,MERCH00355,2025-05-15 20:59:00,5.16,atm_withdrawal,ES,ES,Restaurants,8.403934836065801e-05,0,0,
3b448579-d396-44bd-a3cd-64eacba0a54d,CUST000390,MERCH00003,2025-05-15 21:04:00,42.63,atm_withdrawal,IT,DE,Restaurants,0.0004452416318322,0,0,
096babfb-08ec-4d2a-8142-f7771cbadd8f,CUST004745,MERCH00206,2025-05-15 21:06:00,272.25,card_not_present,IT,IT,Airlines,7.737533655219923e-05,0,0,
2eac32ad-4486-45e7-9cd6-b4a915fdb700,CUST004190,MERCH00220,2025-05-15 21:11:00,12.82,card_present,PL,PL,Clothing Stores,6.406062080123153e-05,0,0,
ce532f39-b8d2-4186-8f67-a81736e12213,CUST002579,MERCH00412,2025-05-15 21:11:00,31.31,online,ES,ES,Hotels,7.8094632876302e-05,0,0,
a7bff24d-eb5a-4a08-987b-3be5f1d01745,CUST003617,MERCH00004,2025-05-15 21:13:00,52.24,card_not_present,ES,IE,Grocery Stores,0.0004834272910878,0,0,
b92b4da7-2e09-4e00-8ad5-da6ccf4a6667,CUST005216,MERCH00399,2025-05-15 21:15:00,121.44,online,DE,DE,Restaurants,4.128053386546797e-05,0,0,
af52c6a3-c60e-4216-b737-fc72c7136bfc,CUST000844,MERCH00020,2025-05-15 21:16:00,60.47,card_present,IE,DE,Electronics,0.0003893079040574,0,0,
0ff0e5c6-7c1b-4f58-8b4f-67cf1dbd8006,CUST002306,MERCH00171,2025-05-15 21:20:00,186.18,card_not_present,PL,ES,Electronics,0.00131213553057,0,0,
4821d26e-7096-4d7d-909e-251fcaf746e3,CUST005409,MERCH00354,2025-05-15 21:20:00,672.62,card_present,DE,ES,Restaurants,0.0011376855031657,0,0,
76158797-dfc9-450f-a94b-fa51c582ec26,CUST002678,MERCH00210,2025-05-15 21:22:00,5.81,card_present,IT,FR,Hotels,0.0005362471576831,0,0,
76829293-206d-4ea5-a0b3-063c4aa209ba,CUST001650,,2025-05-15 21:32:00,54.55,wire_transfer,ES,ES,N/A (wire/ATM),5.215210282126032e-05,0,0,
b1a2e03a-64a8-45d2-99ca-801c31be41ce,CUST002852,MERCH00204,2025-05-15 21:33:00,105.62,card_present,SE,SE,Restaurants,4.128053386546797e-05,0,0,
20a6ae76-8812-44b8-be0a-e455294c6aea,CUST003076,MERCH00260,2025-05-15 21:36:00,52.39,card_not_present,NL,NL,Crypto / Money Transfer,6.962877213748992e-05,0,0,
b24b0ca9-31cc-4b60-92f4-b7b706404ccb,CUST000213,,2025-05-15 21:40:00,43.75,wire_transfer,NL,NL,N/A (wire/ATM),7.098895000867017e-05,0,0,
94c41177-d09b-4871-a79f-6e3d598453be,CUST004371,MERCH00175,2025-05-15 21:40:00,65.37,online,ES,ES,Electronics,5.168168020254222e-05,0,0,
a7aa5170-8870-4486-a94c-874cc5e9f1af,CUST004875,MERCH00113,2025-05-15 21:41:00,21.6,card_present,ES,FR,Crypto / Money Transfer,0.0003558028231315,0,0,
23f73a21-e4d5-4a36-af6f-a14c91e9a517,CUST001230,MERCH00285,2025-05-15 21:43:00,999.64,card_present,PL,DE,Jewelry,0.0004862381265583,0,0,
e4120912-4ef7-4ea8-b457-4975dfa9b6ce,CUST001223,MERCH00151,2025-05-15 21:44:00,79.05,card_present,FR,IT,Fuel Stations,0.0003703115442415,0,0,
ce4ac1d0-6832-4338-a57d-8e4fcc201bc9,CUST004174,,2025-05-15 21:59:00,9.44,wire_transfer,NL,NL,N/A (wire/ATM),4.071015506700132e-05,0,0,
08fac960-56d0-400d-83e6-bda354d4ebc1,CUST002609,MERCH00135,2025-05-15 22:03:00,39.72,card_not_present,FR,FR,Grocery Stores,9.79715117179777e-05,0,0,
51017804-5786-483f-ab68-f1d79a4f4d4c,CUST000973,MERCH00043,2025-05-15 22:06:00,155.57,card_not_present,FR,FR,Electronics,0.0001052129787404,0,0,
55840bbb-dcc0-4e36-bb0d-fa4233b6b471,CUST000351,MERCH00163,2025-05-15 22:12:00,87.32,card_not_present,IT,DE,Fuel Stations,0.0003652206265748,0,0,
2a4dcda6-4d77-440e-89ba-69b0df8eae61,CUST000307,MERCH00172,2025-05-15 22:26:00,96.55,card_not_present,IT,IT,Grocery Stores,6.483629147418578e-05,0,0,
23eb7c2a-202a-4be5-babc-6fddd5766b2f,CUST000156,MERCH00350,2025-05-15 22:39:00,47.91,online,ES,ES,Utilities,4.203027545348821e-05,0,0,
45c5d8e8-1fc8-4e19-8bd8-86fa54aa133e,CUST005842,MERCH00233,2025-05-15 22:45:00,29.54,atm_withdrawal,IT,IT,Fuel Stations,8.035857446094911e-05,0,0,
d2256c24-e4bf-4edb-b7ae-99ff7b90d88a,CUST004668,MERCH00130,2025-05-15 22:46:00,18.03,card_present,IT,IT,Hotels,7.8094632876302e-05,0,0,
fe3ed0d3-7201-41e4-9eba-b84fa7172e09,CUST002733,,2025-05-15 22:46:00,139.9,wire_transfer,DE,DE,N/A (wire/ATM),5.215210282126032e-05,0,0,
49f71aff-34ac-4d6f-b7a7-b6d2ae5ebabf,CUST005489,MERCH00379,2025-05-15 22:52:00,92.12,online,DE,DE,Direct Marketing / Subscriptions,4.812442096995302e-05,0,0,
ce51e172-99a8-42a6-9d6c-75dfa723dd18,CUST002783,MERCH00406,2025-05-15 22:56:00,639.15,card_not_present,SE,PL,Crypto / Money Transfer,0.004122697151113,0,0,
eb197211-38d6-4128-b496-572f01ee5a1d,CUST002473,MERCH00266,2025-05-15 22:59:00,13.61,card_not_present,IE,IE,Electronics,8.643187424878454e-05,0,0,
2e29d908-da53-4d1f-96e5-793fb77219eb,CUST005215,MERCH00357,2025-05-15 23:01:00,27.72,atm_withdrawal,IE,IE,Airlines,6.962877213748992e-05,0,0,
c45c0c2f-fbbe-4caf-b589-107ce4c4c2fb,CUST004954,MERCH00368,2025-05-15 23:03:00,106.67,card_not_present,PL,ES,Grocery Stores,0.0004834272910878,0,0,
afeb8451-3a32-40f8-9523-5f6283302a0d,CUST001290,MERCH00016,2025-05-15 23:05:00,84.17,atm_withdrawal,PL,PL,Electronics,6.962877213748992e-05,0,0,
c6f29ffc-cd3f-43b6-9c1d-58ee82af7566,CUST001218,,2025-05-15 23:14:00,40.22,wire_transfer,IE,IE,N/A (wire/ATM),3.451305870562638e-05,0,0,
f0dd7372-707b-4229-a7f2-70583d7c3e2e,CUST005222,MERCH00248,2025-05-15 23:17:00,66.72,online,ES,PL,Direct Marketing / Subscriptions,0.0003588602692009,0,0,
dfeb819c-01f0-4f6b-b3ac-e6d504946d49,CUST004453,MERCH00306,2025-05-15 23:21:00,110.59,card_present,PL,PL,Electronics,5.168168020254222e-05,0,0,
43701ff5-6371-4fcd-9c99-639d79949a57,CUST000988,MERCH00367,2025-05-15 23:23:00,1.73,card_present,ES,IT,Misc Retail,0.0159818675226174,0,0,
3545517c-15ca-4b7d-81bf-1ccb2bb4a5d0,CUST004469,MERCH00016,2025-05-15 23:27:00,211.65,card_present,DE,DE,Electronics,5.168168020254222e-05,0,0,
53d5dbcd-bc01-4963-810f-4558142b0527,CUST000492,MERCH00184,2025-05-15 23:27:00,56.84,card_present,FR,FR,Jewelry,4.9038429182940645e-05,0,0,
c0f93b73-af48-407a-831f-03e5f4dc23bb,CUST002366,MERCH00339,2025-05-15 23:28:00,102.01,card_present,IE,NL,Restaurants,0.0003305108377448,0,0,
17462fd7-2e7a-4f26-9443-1dcd823e549a,CUST000197,MERCH00091,2025-05-15 23:31:00,106.36,atm_withdrawal,NL,SE,Restaurants,0.0005701845745841,0,0,
1e50e8c2-4802-4be7-9799-0c42f64e8d9d,CUST004707,MERCH00247,2025-05-15 23:41:00,38.98,online,ES,FR,Jewelry,0.0005665197976678,0,0,
e54daed2-c3c8-443a-9a93-4341a818003f,CUST001227,,2025-05-15 23:51:00,70.43,wire_transfer,DE,DE,N/A (wire/ATM),3.451305870562638e-05,0,0,
86ee3556-a415-4555-94e6-8e0ce302f77a,CUST003837,MERCH00328,2025-05-15 23:58:00,70.18,card_present,NL,NL,Restaurants,4.812442096995302e-05,0,0,
bcd647f2-b66b-44ac-901e-397edb7ec5a4,CUST001448,MERCH00179,2025-05-15 23:59:00,18.73,card_not_present,DE,DE,Fuel Stations,8.035857446094911e-05,0,0,
d5f6a5b5-83ad-4af6-b938-7dab1d9558a7,CUST005585,MERCH00277,2025-05-16 00:09:00,54.35,online,DE,FR,Misc Retail,0.0002423991335017,0,0,
ce50dcb9-f9c5-4893-8edb-6308655dca63,CUST004237,MERCH00177,2025-05-16 01:00:00,242.04,card_present,NL,PL,Utilities,0.0004096114978954,0,0,
453a9a70-843e-4352-81e6-e9c54828e003,CUST003902,,2025-05-16 01:28:00,20.41,wire_transfer,NL,NL,N/A (wire/ATM),4.119601634239698e-05,0,0,
95b4127d-212a-4073-ae91-7f0a90771e16,CUST003060,MERCH00401,2025-05-16 01:31:00,162.0,card_not_present,ES,ES,Clothing Stores,5.4194857403979206e-05,0,0,
5b73abf3-edf5-410f-8004-30e5eb085382,CUST001064,MERCH00287,2025-05-16 01:34:00,127.49,card_not_present,DE,DE,Crypto / Money Transfer,6.962877213748992e-05,0,0,
0f17466f-806f-4a47-9ef4-f3a8dec8f349,CUST002710,MERCH00039,2025-05-16 02:46:00,442.72,card_not_present,IE,IE,Direct Marketing / Subscriptions,9.338901487767492e-05,0,0,
307416b2-d821-48c7-a1a6-62b839c6cfb1,CUST004925,,2025-05-16 02:48:00,107.14,wire_transfer,DE,DE,N/A (wire/ATM),4.119601634239698e-05,0,0,
2ec64164-4558-45cd-9665-08654c8e6944,CUST004489,MERCH00442,2025-05-16 03:03:00,482.88,card_not_present,IT,SE,Electronics,0.0005827553284497,0,0,
1793efa8-a030-4c05-948c-c2e6fccda430,CUST000928,MERCH00127,2025-05-16 03:13:00,278.29,card_present,FR,FR,Utilities,5.9645998429748846e-05,0,0,
4c0b7de8-75a0-4e00-902f-cc45d1fcb5ca,CUST000218,MERCH00142,2025-05-16 03:35:00,97.32,online,IT,IT,Airlines,7.8094632876302e-05,0,0,
e9c9d6bc-3f19-4808-8a35-bd69f53acda9,CUST005788,MERCH00008,2025-05-16 03:44:00,79.97,card_present,ES,IE,Jewelry,0.000435356240491,0,0,
28a0a32c-a6d6-4146-9d94-04647b8c69e3,CUST003069,MERCH00300,2025-05-16 04:00:00,84.25,card_present,FR,ES,Misc Retail,0.0003917589743441,0,0,
4773d42e-7dd4-458e-911f-6d9fac7ead7b,CUST000099,MERCH00125,2025-05-16 04:30:00,36.42,online,DE,ES,Restaurants,0.0003588602692009,0,0,
56e2d109-0cbd-4967-b790-f6523c1eab06,CUST001147,,2025-05-16 04:40:00,41.57,wire_transfer,ES,ES,N/A (wire/ATM),6.225039513445457e-05,0,0,
e0c296d4-db7b-4711-b2f7-f8485bda7772,CUST005399,MERCH00442,2025-05-16 04:41:00,25.76,online,IT,IT,Electronics,6.41539940338825e-05,0,0,
0139d604-5ada-4deb-9611-d853d18b3bc8,CUST002310,MERCH00002,2025-05-16 04:42:00,48.94,online,FR,FR,Jewelry,7.993109117422968e-05,0,0,
6f46da86-4ba1-4192-a364-697caf93da59,CUST000047,MERCH00250,2025-05-16 04:46:00,410.66,card_present,DE,FR,Misc Retail,0.0003507516062264,0,0,
2b89477d-54ce-480b-8f9b-3312f906b9ab,CUST003280,MERCH00065,2025-05-16 04:57:00,8.94,online,DE,DE,Restaurants,7.271949762886276e-05,0,0,
f44616f9-ffe1-4ff8-b5e6-4ec8550d2d41,CUST000028,,2025-05-16 05:04:00,176.91,wire_transfer,DE,DE,N/A (wire/ATM),4.85930330081599e-05,0,0,
64879dbb-d094-4930-9b9e-650bbbe3386b,CUST005661,MERCH00277,2025-05-16 05:06:00,82.43,card_not_present,FR,FR,Misc Retail,8.855396745052996e-05,0,0,
edde90ba-b955-4a79-bcd7-2e1085389355,CUST004883,MERCH00173,2025-05-16 05:15:00,451.66,online,PL,PL,Fuel Stations,3.5684015772054174e-05,0,0,
9374129a-1929-4227-a1f4-b165f66f8690,CUST003714,,2025-05-16 05:27:00,35.14,wire_transfer,DE,DE,N/A (wire/ATM),4.119601634239698e-05,0,0,
87c66369-2d0a-4bc0-9cfb-688aa52f6c5d,CUST000416,MERCH00007,2025-05-16 05:36:00,9.81,card_present,NL,FR,Grocery Stores,0.0004573153747144,0,0,
d58a5734-2571-4e48-9653-b53d70a73ea2,CUST005869,MERCH00292,2025-05-16 05:36:00,3.88,card_present,IE,DE,Fuel Stations,0.0005276124011235,0,0,
e6fb23e9-1764-40cf-b485-e998683a41f1,CUST004785,MERCH00030,2025-05-16 05:38:00,300.84,online,DE,DE,Electronics,5.168168020254222e-05,0,0,
d9b082f3-cb4a-4fdd-9116-c693a30527a9,CUST003338,MERCH00232,2025-05-16 05:40:00,68.13,card_present,DE,DE,Airlines,7.410059585027263e-05,0,0,
fbf9a5e1-7ba1-44d4-954a-7f69007f00b5,CUST005574,MERCH00333,2025-05-16 05:54:00,1950.91,online,DE,DE,Direct Marketing / Subscriptions,0.0005306374260542,0,0,
176d4051-e444-4d26-83a5-070a9ed96cc6,CUST004261,MERCH00138,2025-05-16 06:00:00,28.47,online,PL,PL,Grocery Stores,4.128053386546797e-05,0,0,
b3c24139-cba8-448c-908f-e191ce8a51a6,CUST000081,MERCH00448,2025-05-16 06:07:00,393.56,online,FR,FR,Clothing Stores,4.689478247181653e-05,0,0,
a89260e4-43a0-4f2e-a186-d09d0ab446e3,CUST001269,MERCH00065,2025-05-16 06:08:00,153.21,card_not_present,DE,DE,Restaurants,8.048294549865586e-05,0,0,
9fdbe6a3-5d86-4b3c-a718-78b28fddd2cb,CUST002933,MERCH00172,2025-05-16 06:11:00,42.9,online,IT,ES,Grocery Stores,0.0003588602692009,0,0,
42e7e5cb-a2e2-4d31-9524-a4cdad529f36,CUST001284,MERCH00227,2025-05-16 06:26:00,163.09,card_not_present,ES,SE,Grocery Stores,0.0004834272910878,0,0,
f9c00e78-f992-451a-930a-375f6333d724,CUST004636,MERCH00236,2025-05-16 06:26:00,66.14,online,DE,DE,Electronics,5.168168020254222e-05,0,0,
29aa1f86-eadd-441c-81f7-0ea297848d4f,CUST003003,MERCH00399,2025-05-16 06:30:00,24.24,card_present,DE,DE,Restaurants,7.271949762886276e-05,0,0,
ab8032f0-b0c4-4667-80b8-535c9da6e772,CUST002089,MERCH00294,2025-05-16 06:36:00,28.95,card_present,FR,FR,Grocery Stores,7.471096320224918e-05,0,0,
3299117f-f958-4b59-a33c-934aa72ac59a,CUST002337,MERCH00033,2025-05-16 06:40:00,51.17,card_not_present,IT,IT,Grocery Stores,9.79715117179777e-05,0,0,
22cb9a7b-df03-47cb-891f-d28faeffcdcd,CUST001230,MERCH00346,2025-05-16 06:45:00,166.82,online,DE,DE,Misc Retail,6.363879551002014e-05,0,0,
cec56c9a-ee8d-4aca-be67-2ab0d847cb41,CUST004341,MERCH00253,2025-05-16 06:55:00,13.76,card_present,IT,IT,Airlines,5.168168020254222e-05,0,0,
1f726b95-bc8b-43f6-b662-74d3ffcdd9ea,CUST003336,MERCH00371,2025-05-16 06:56:00,13.52,card_not_present,NL,DE,Grocery Stores,0.0003015617156332,0,0,
62bfec9f-feec-47c4-8961-9d7fc91d116c,CUST005250,MERCH00333,2025-05-16 06:57:00,10.62,card_present,FR,FR,Direct Marketing / Subscriptions,7.442956469352984e-05,0,0,
6560362e-fcb5-4c96-a032-3247abf613b1,CUST001564,MERCH00062,2025-05-16 06:58:00,78.92,card_present,SE,DE,Clothing Stores,0.0003220682008508,0,0,
f71d2ff5-a46e-47b0-bbb9-7cc48a4a5806,CUST003249,MERCH00174,2025-05-16 07:04:00,756.46,card_present,ES,ES,Direct Marketing / Subscriptions,6.942642278585988e-05,0,0,
4e28b0ed-a575-4b65-b65c-11662d9c8e9b,CUST001140,MERCH00358,2025-05-16 07:08:00,21.55,online,NL,NL,Direct Marketing / Subscriptions,7.271949762886276e-05,0,0,
b9860a6d-d32d-4a37-8049-6dd213bccf8a,CUST000902,MERCH00131,2025-05-16 07:10:00,49.17,card_not_present,DE,DE,Misc Retail,8.855396745052996e-05,0,0,
714b9644-723f-4ed2-adf9-5e6ae6900e85,CUST001259,MERCH00242,2025-05-16 07:18:00,241.18,card_not_present,PL,PL,Electronics,0.0001169180090136,0,0,
510d2167-c0b6-4157-8e67-db3743b38da0,CUST004102,MERCH00204,2025-05-16 07:20:00,166.03,card_present,NL,PL,Restaurants,0.0003305108377448,0,0,
aed6985c-f592-4a1c-adae-9f0c049a12e9,CUST003152,MERCH00414,2025-05-16 07:21:00,7.93,card_not_present,DE,FR,Hotels,0.0006832618381503,0,0,
404dac8a-2fbb-48a8-8f5e-9a3a3b9c68fb,CUST004737,MERCH00174,2025-05-16 07:23:00,53.83,card_not_present,NL,NL,Direct Marketing / Subscriptions,5.56159021406308e-05,0,0,
95616eeb-3e6f-4670-a57a-c3bb692327d2,CUST002167,MERCH00024,2025-05-16 07:27:00,124.17,card_present,FR,DE,Clothing Stores,0.0003046362364871,0,0,
218e3442-e082-46c3-8c82-b1be28227fa1,CUST004927,MERCH00201,2025-05-16 07:27:00,12.1,online,IE,ES,Crypto / Money Transfer,0.0005881699729265,0,0,
7622b2c7-6a36-4cc3-962d-1bbf5ab456c6,CUST001608,MERCH00092,2025-05-16 07:27:00,500.7,card_present,ES,ES,Hotels,0.0001085053738435,0,0,
77909475-44a6-40c0-af73-dbb516edcbda,CUST004443,MERCH00008,2025-05-16 07:38:00,49.82,card_not_present,ES,ES,Jewelry,8.213065847050307e-05,0,0,
2a1e79ab-0cba-43fa-bd55-1a0845ef708b,CUST001896,MERCH00141,2025-05-16 07:40:00,197.82,card_not_present,FR,PL,Grocery Stores,0.0004834272910878,0,0,
131e1fc9-f766-49c6-99ad-5356f6dc70b4,CUST003500,MERCH00221,2025-05-16 07:42:00,113.21,atm_withdrawal,DE,FR,Direct Marketing / Subscriptions,0.0004211457053096,0,0,
fb227377-77b9-402a-adbe-ab16fc1d8c11,CUST005638,MERCH00045,2025-05-16 07:45:00,62.21,online,PL,PL,Jewelry,7.410059585027263e-05,0,0,
decd1987-80d2-4fef-9152-bbec64ba4784,CUST003451,MERCH00431,2025-05-16 07:46:00,100.09,card_present,ES,IE,Hotels,0.0003893079040574,0,0,
10967eee-07b0-4fb7-958d-d910742f4d52,CUST004995,,2025-05-16 07:49:00,15.38,wire_transfer,DE,DE,N/A (wire/ATM),5.215210282126032e-05,0,0,
ed512cc1-18b1-4096-a479-0bb7a5b468b5,CUST000021,MERCH00170,2025-05-16 07:53:00,58.11,atm_withdrawal,PL,PL,Restaurants,7.647775094371409e-05,0,0,
2d96e387-10ce-4bfc-86fc-88759af97324,CUST005316,MERCH00131,2025-05-16 07:56:00,79.38,card_not_present,FR,PL,Misc Retail,0.0004369738737316,0,0,
a2d160cc-508c-4ef6-8340-d2adb2b211e2,CUST000973,MERCH00362,2025-05-16 08:02:00,406.44,online,FR,FR,Grocery Stores,4.812442096995302e-05,0,0,
3d2d578a-1ca2-4a48-86fc-e6a0f23f4b2b,CUST005701,MERCH00073,2025-05-16 08:02:00,44.03,atm_withdrawal,NL,FR,Crypto / Money Transfer,0.0004522634676829,0,0,
ed37b8fb-df23-4416-9a61-f80e31d36807,CUST005491,MERCH00238,2025-05-16 08:02:00,43.96,online,DE,IE,Utilities,0.0002541433402874,0,0,
481fc4d6-b6d6-447f-8538-71aa644cc923,CUST005469,MERCH00245,2025-05-16 08:05:00,17.34,card_present,FR,FR,Misc Retail,4.34982364947671e-05,0,0,
c0869f48-f0d4-48d0-9027-b8fd253273d8,CUST005504,MERCH00225,2025-05-16 08:08:00,566.2,card_present,ES,ES,Hotels,0.0001029561836048,0,0,
958361c3-2bf5-4dbc-91d4-414d6ddc82e9,CUST005420,MERCH00397,2025-05-16 08:10:00,36.6,online,IT,IT,Utilities,5.9645998429748846e-05,0,0,
1d6ace71-921b-404e-91c3-b52efb08fcb4,CUST004231,MERCH00366,2025-05-16 08:14:00,6.34,card_present,NL,FR,Grocery Stores,0.0004573153747144,0,0,
4b4d9d06-3935-4f62-bc2e-1df4e35b645e,CUST003614,MERCH00210,2025-05-16 08:16:00,187.84,card_not_present,NL,NL,Hotels,6.60676807043181e-05,0,0,
0ab2f8ff-ebbb-417c-befe-eff30884ea01,CUST004096,MERCH00334,2025-05-16 08:16:00,66.11,online,DE,DE,Utilities,3.947244601738204e-05,0,0,
35a281a0-1a3b-4a45-8188-18280b3c11f2,CUST005325,MERCH00375,2025-05-16 08:17:00,34.19,card_not_present,DE,DE,Jewelry,0.0001076870781416,0,0,
2c92080e-3b60-4e40-b648-95819d742284,CUST003070,MERCH00129,2025-05-16 08:17:00,28.79,card_present,SE,DE,Grocery Stores,0.0004993538261975,0,0,
32e5d105-5eaa-4979-a840-ea88342b4459,CUST001071,MERCH00055,2025-05-16 08:26:00,144.43,card_not_present,FR,IE,Utilities,0.0005517854837085,0,0,
63d506ee-432f-49a3-abb4-f5c6ce34d2b0,CUST001478,MERCH00231,2025-05-16 08:28:00,44.8,card_not_present,SE,SE,Jewelry,6.60676807043181e-05,0,0,
364a50a6-5078-4fee-b44b-04f55221d8c4,CUST002494,MERCH00042,2025-05-16 08:30:00,233.48,card_present,DE,DE,Grocery Stores,4.812442096995302e-05,0,0,
e499f07c-7671-44e1-b329-48310d220369,CUST004881,MERCH00171,2025-05-16 08:36:00,185.56,card_present,DE,DE,Electronics,5.168168020254222e-05,0,0,
e7224076-90fc-4011-85bb-6ba369944d17,CUST004766,MERCH00207,2025-05-16 08:36:00,31.64,online,PL,IT,Restaurants,0.0003588602692009,0,0,
dd4e5412-aa0f-48cb-bb5a-9617199dd247,CUST000865,MERCH00075,2025-05-16 08:38:00,48.66,online,IE,IE,Fuel Stations,3.38589349594547e-05,0,0,
a9034d67-1233-49c6-95ee-a14c74291e67,CUST002891,MERCH00285,2025-05-16 08:40:00,14.84,card_present,NL,NL,Jewelry,7.8094632876302e-05,0,0,
20c46278-2bc2-46ba-9fc7-ce649aa4f669,CUST005586,MERCH00202,2025-05-16 08:45:00,57.53,card_present,DE,SE,Fuel Stations,0.0004096114978954,0,0,
0cbece57-ea26-45d7-8588-dc94c170ecd1,CUST002174,MERCH00203,2025-05-16 08:48:00,259.71,card_not_present,NL,NL,Grocery Stores,0.0001088710105569,0,0,
d5de942e-8b0d-4871-8034-e6b6e5dae049,CUST000562,MERCH00040,2025-05-16 08:51:00,5.66,card_present,ES,ES,Grocery Stores,7.040684569234698e-05,0,0,
1cf9508a-d657-4254-bab5-2f7d03579d38,CUST005887,,2025-05-16 08:51:00,19.12,wire_transfer,IE,IE,N/A (wire/ATM),3.451305870562638e-05,0,0,
e48c3afd-7505-4d8b-8f24-14c3f130aba4,CUST000952,,2025-05-16 08:52:00,101.49,wire_transfer,SE,SE,N/A (wire/ATM),5.215210282126032e-05,0,0,
4da19b61-233e-4434-b64d-6aeff4a21737,CUST004290,MERCH00218,2025-05-16 08:52:00,81.44,online,FR,FR,Fuel Stations,4.5476264389580334e-05,0,0,
dd8576eb-e6a4-476e-babe-6e0068b1466d,CUST000984,MERCH00219,2025-05-16 08:56:00,40.47,atm_withdrawal,NL,SE,Utilities,0.0008568472986021,0,0,
3f12a0e1-626a-458e-ae45-802fd9c9d747,CUST001353,MERCH00309,2025-05-16 08:57:00,22.87,online,IE,DE,Fuel Stations,0.0003839886252206,0,0,
a4bc375c-25cd-48e1-97f6-c127b6487579,CUST003694,MERCH00322,2025-05-16 08:58:00,102.97,card_present,FR,FR,Direct Marketing / Subscriptions,4.812442096995302e-05,0,0,
3620d146-3ca8-46ad-b0df-781d94b5b2b5,CUST000119,MERCH00344,2025-05-16 08:59:00,256.57,atm_withdrawal,IT,IT,Misc Retail,6.51237415040253e-05,0,0,
2a84f340-6b23-4ec5-a6a8-ab0195b60656,CUST002405,MERCH00258,2025-05-16 09:04:00,623.13,online,DE,DE,Fuel Stations,0.0001429901993685,0,0,
d1f5376d-c3fa-4fc7-9326-8cc8e241fa09,CUST005947,MERCH00152,2025-05-16 09:04:00,325.4,card_present,FR,FR,Misc Retail,3.731222541730154e-05,0,0,
4d902603-5cd9-49de-adca-e9cc24e8dc78,CUST000983,MERCH00327,2025-05-16 09:06:00,380.91,card_present,DE,IT,Utilities,0.0003513777477619,0,0,
04f8d4d0-cf87-4e14-a1b4-d602aa7d9ba9,CUST003197,MERCH00400,2025-05-16 09:07:00,67.19,card_not_present,FR,FR,Electronics,6.962877213748992e-05,0,0,
43e68636-38b5-4118-96be-2f6daff2ab95,CUST004849,MERCH00025,2025-05-16 09:07:00,17.95,online,ES,IT,Jewelry,0.0003893079040574,0,0,
890558a8-c0f4-47a6-b279-19ce9b51b23c,CUST000391,MERCH00290,2025-05-16 09:09:00,33.31,card_not_present,PL,PL,Fuel Stations,6.272863597440355e-05,0,0,
8ec64be6-0e05-4ab7-ab32-3e39b12be746,CUST000672,MERCH00413,2025-05-16 09:17:00,148.49,card_not_present,FR,FR,Jewelry,6.962877213748992e-05,0,0,
507c88b9-6854-4062-b1d8-03af80c657fc,CUST001101,MERCH00303,2025-05-16 09:17:00,27.84,online,NL,SE,Misc Retail,0.0003820416402116,0,0,
704c7d3f-fec3-4b53-a2c1-6b9430909aec,CUST001980,,2025-05-16 09:17:00,30.38,wire_transfer,DE,DE,N/A (wire/ATM),5.049350963201199e-05,0,0,
57ae49bd-0708-4c5a-aa37-bfbbff275494,CUST005635,MERCH00022,2025-05-16 09:19:00,3.25,online,ES,PL,Misc Retail,0.003144541734697,0,0,
8f046cda-09b2-4414-a845-9443c15e6e47,CUST004100,MERCH00215,2025-05-16 09:20:00,12.3,card_present,NL,NL,Misc Retail,6.572915208119079e-05,0,0,
5b19cc39-bd08-4c9e-af29-09a4229d44ec,CUST003242,MERCH00309,2025-05-16 09:22:00,11.88,atm_withdrawal,IE,IT,Fuel Stations,0.0005008302059291,0,0,
a80dd414-f4a1-4b5a-be85-2c479f3af28a,CUST005449,MERCH00426,2025-05-16 09:24:00,69.12,card_present,FR,NL,Crypto / Money Transfer,0.0003357238799902,0,0,
ba2d1c99-3a5c-411a-9e39-b9218d5ddd53,CUST005144,MERCH00025,2025-05-16 09:25:00,199.64,card_present,ES,IE,Jewelry,0.0003893079040574,0,0,
73badc07-6875-42ee-a63a-5e48cafc61b7,CUST001591,MERCH00231,2025-05-16 09:26:00,26.02,card_present,ES,FR,Jewelry,0.0004654311792011,0,0,
bdb3f6ca-bd72-48d0-8639-d1022cde1a58,CUST001038,,2025-05-16 09:26:00,144.11,wire_transfer,IT,IT,N/A (wire/ATM),3.451305870562638e-05,0,0,
cb823f9d-a4e4-4411-b5cd-8cedfc599e50,CUST000082,MERCH00421,2025-05-16 09:28:00,29.11,online,IT,IT,Restaurants,4.812442096995302e-05,0,0,
ecfc31be-ccf1-486b-902f-ba1ba899e2b4,CUST004625,,2025-05-16 09:32:00,14.42,wire_transfer,IE,IE,N/A (wire/ATM),5.215210282126032e-05,0,0,
20b72615-8c8c-464c-825a-deb6f248b856,CUST002260,MERCH00182,2025-05-16 09:32:00,91.93,card_present,IT,IT,Restaurants,7.442956469352984e-05,0,0,
723e287c-1fd5-4484-9828-1664f6f0be4c,CUST003494,MERCH00329,2025-05-16 09:35:00,78.22,card_not_present,FR,FR,Jewelry,6.60676807043181e-05,0,0,
cc09075f-4646-4541-a82b-a0f2955f1f8e,CUST003245,MERCH00048,2025-05-16 09:40:00,102.72,card_not_present,FR,SE,Clothing Stores,0.0007021668315495,0,0,
fc9e0162-a1f4-429b-891b-2f6d5b1d29de,CUST000725,MERCH00126,2025-05-16 09:40:00,136.79,online,ES,ES,Crypto / Money Transfer,7.8094632876302e-05,0,0,
1720515a-ded3-483e-bf5b-ee09a0a37b64,CUST003302,MERCH00035,2025-05-16 09:43:00,567.26,online,SE,FR,Clothing Stores,0.0012657468944083,0,0,
e9b676cb-577d-4798-ad19-b74c38df6a61,CUST002557,MERCH00058,2025-05-16 09:49:00,103.28,card_not_present,PL,PL,Jewelry,6.60676807043181e-05,0,0,
92561574-d1a5-4e06-8064-4b7cf31efbc5,CUST002552,MERCH00137,2025-05-16 09:50:00,190.36,card_present,DE,DE,Grocery Stores,4.812442096995302e-05,0,0,
f30eb7d0-6597-43c5-ac5a-28cf821f4da4,CUST002340,MERCH00413,2025-05-16 09:51:00,4139.27,online,ES,FR,Jewelry,0.7732315828554146,1,0,
ce9c11a0-c67e-4f13-825e-e15ef432242d,CUST005972,MERCH00101,2025-05-16 09:51:00,42.12,card_not_present,IE,ES,Clothing Stores,0.0004710803655321,0,0,
009544fd-d983-4c31-93e1-c8bec4ba1ca1,CUST005976,MERCH00297,2025-05-16 09:52:00,16.32,online,ES,ES,Grocery Stores,7.271949762886276e-05,0,0,
c9d83ca4-3b2e-4d53-9ffa-c0cb698a6d3b,CUST005070,MERCH00338,2025-05-16 09:54:00,40.94,card_present,IT,ES,Electronics,0.0003694031945654,0,0,
a2fb775e-4b61-4a93-bd83-36d556408190,CUST004981,MERCH00202,2025-05-16 09:56:00,133.56,atm_withdrawal,FR,FR,Fuel Stations,5.3179958393195385e-05,0,0,
dc79c7b1-09e7-4f38-920b-4ad4063c341e,CUST002919,MERCH00033,2025-05-16 09:56:00,52.07,card_not_present,DE,ES,Grocery Stores,0.0007303312852809,0,0,
3fdc73e0-9dcb-4f78-a681-96c3585d44fc,CUST003204,MERCH00054,2025-05-16 09:57:00,62.18,card_present,IE,IE,Hotels,7.410059585027263e-05,0,0,
b3108469-22b5-4805-95ff-af1e68fb168d,CUST002772,MERCH00005,2025-05-16 09:58:00,40.24,card_not_present,FR,NL,Direct Marketing / Subscriptions,0.0004211457053096,0,0,
3f4d3e03-3bf4-48ca-b687-ac9abb22359a,CUST001112,MERCH00087,2025-05-16 09:58:00,19.65,card_not_present,IT,SE,Jewelry,0.0006185510052821,0,0,
740d3805-a06b-4408-9041-860693f6f5b9,CUST003518,MERCH00294,2025-05-16 09:59:00,123.61,card_present,NL,PL,Grocery Stores,0.0003305108377448,0,0,
58f15329-9a0f-451f-af15-d10641374251,CUST005748,MERCH00074,2025-05-16 10:02:00,43.39,online,FR,FR,Electronics,7.8094632876302e-05,0,0,
30d1f4cc-e9f1-4651-ab61-afb245222701,CUST004370,MERCH00003,2025-05-16 10:02:00,133.54,card_present,IT,IE,Restaurants,0.0003588602692009,0,0,
2bc9f8c9-0307-434d-a3f5-cd76451cc9c4,CUST001312,MERCH00440,2025-05-16 10:03:00,155.73,atm_withdrawal,PL,IT,Grocery Stores,0.0009938765860226,0,0,
7f4fe1dc-ea15-4ba0-969f-4ac30539b3f7,CUST003215,,2025-05-16 10:03:00,19.88,wire_transfer,DE,DE,N/A (wire/ATM),5.215210282126032e-05,0,0,
6d540201-5d2d-4450-b5f5-538f8a94e144,CUST005022,MERCH00058,2025-05-16 10:03:00,143.19,online,DE,DE,Jewelry,5.168168020254222e-05,0,0,
e3239eac-9757-4c95-891b-e38c88d60c36,CUST004663,MERCH00205,2025-05-16 10:08:00,133.03,card_present,IT,IT,Misc Retail,3.731222541730154e-05,0,0,
badc26e1-7e56-4514-8ce2-a3f2d0cc8366,CUST005127,,2025-05-16 10:10:00,10.53,wire_transfer,DE,DE,N/A (wire/ATM),6.151965835628289e-05,0,0,
0494ccc2-6fd4-48b5-b5fb-7f50c548aaa3,CUST005967,MERCH00021,2025-05-16 10:11:00,131.5,card_not_present,ES,ES,Fuel Stations,6.6013827074598e-05,0,0,
65b68422-737b-4e5b-95e1-5f5a9276c3ea,CUST003808,MERCH00258,2025-05-16 10:12:00,94.81,card_present,NL,NL,Fuel Stations,3.38589349594547e-05,0,0,
fb9ce6d5-2d1c-411c-abf3-0f4930df2514,CUST003280,MERCH00336,2025-05-16 10:15:00,16.39,card_not_present,DE,DE,Restaurants,8.552690121685804e-05,0,0,
0fb13a12-d492-47e3-b5d4-4ffea0ce8254,CUST000116,MERCH00389,2025-05-16 10:17:00,269.3,card_present,ES,DE,Restaurants,0.0005421778410369,0,0,
121a0ac1-9900-4e3d-9beb-8f62a2342657,CUST002222,MERCH00303,2025-05-16 10:17:00,39.6,card_present,IT,IT,Misc Retail,6.572915208119079e-05,0,0,
f59e08f2-ea2f-405a-8c81-7f7a5659606b,CUST001250,MERCH00077,2025-05-16 10:20:00,91.55,card_present,PL,PL,Grocery Stores,4.812442096995302e-05,0,0,
38846cba-57e7-4e36-aa9e-24c57bd238e8,CUST003525,MERCH00056,2025-05-16 10:21:00,15.59,card_present,IT,NL,Airlines,0.0005881699729265,0,0,
6f03b0d6-37af-4dd7-83bc-0f8bab08d4ec,CUST002788,MERCH00150,2025-05-16 10:24:00,70.9,online,FR,DE,Airlines,0.0003357238799902,0,0,
402e672f-8815-4547-bc05-eb4e82c16dc7,CUST001836,MERCH00094,2025-05-16 10:34:00,19.5,card_not_present,IE,DE,Direct Marketing / Subscriptions,0.0007303312852809,0,0,
6578af9d-8ad8-4640-9f4c-34dc5fb35446,CUST005166,MERCH00205,2025-05-16 10:35:00,14.07,card_present,IT,DE,Misc Retail,0.0004513706899123,0,0,
2628d9df-e827-47b8-b8d4-035c008c6504,CUST004858,MERCH00027,2025-05-16 10:37:00,9.79,card_present,NL,DE,Utilities,0.000177769745823,0,0,
c7986b85-3e4a-45db-ab99-200e93cfa7b3,CUST005335,MERCH00163,2025-05-16 10:39:00,35.2,card_not_present,IT,ES,Fuel Stations,0.0003248678202821,0,0,
0e7b8dd4-eef2-4060-ae6a-7206df20a2ea,CUST002158,MERCH00022,2025-05-16 10:39:00,105.71,online,IE,IE,Misc Retail,4.34982364947671e-05,0,0,
0c0cf233-4551-4f9c-98c6-087725cfb570,CUST005915,MERCH00307,2025-05-16 10:44:00,35.3,card_not_present,IE,IT,Misc Retail,0.0004369738737316,0,0,
22342f8e-1061-4092-a120-f0c0b098eff6,CUST002962,MERCH00425,2025-05-16 10:45:00,31.26,card_not_present,ES,ES,Utilities,6.6013827074598e-05,0,0,
e6485b52-b6b1-4b89-b496-1e06a3b5ed31,CUST002912,MERCH00001,2025-05-16 10:47:00,27.79,online,NL,NL,Electronics,5.168168020254222e-05,0,0,
52b2ee70-bfd3-47a4-be55-f89db0aa1f70,CUST004096,MERCH00000,2025-05-16 10:47:00,47.41,card_not_present,PL,DE,Direct Marketing / Subscriptions,0.0011784237278963,0,0,
571262a3-d439-49e3-928d-cbd362c42bd3,CUST000789,MERCH00307,2025-05-16 10:49:00,61.44,atm_withdrawal,NL,NL,Misc Retail,8.855396745052996e-05,0,0,
44f3508a-838a-4e26-9560-81b74ccfeda9,CUST002490,MERCH00285,2025-05-16 10:53:00,79.17,card_present,IT,IT,Jewelry,5.168168020254222e-05,0,0,
bb919dbd-a053-4a9f-9078-4f658730bb04,CUST005187,MERCH00029,2025-05-16 10:54:00,341.83,online,FR,FR,Jewelry,5.168168020254222e-05,0,0,
c45d82b4-47cd-4611-a295-d4a7463ee826,CUST002754,MERCH00050,2025-05-16 10:56:00,22.21,atm_withdrawal,IE,IE,Fuel Stations,4.561714421858141e-05,0,0,
aa6692a6-57fe-4013-808e-fd6da0cbb55e,CUST004578,MERCH00300,2025-05-16 11:03:00,13.54,online,ES,ES,Misc Retail,6.363879551002014e-05,0,0,
60415cfa-74d7-406e-8cf5-9511e6d5c826,CUST002287,MERCH00099,2025-05-16 11:05:00,54.84,card_present,FR,IT,Utilities,0.0003365118440842,0,0,
2aa49d05-a729-4556-832d-a4bc5f186abd,CUST005235,,2025-05-16 11:05:00,111.83,wire_transfer,PL,PL,N/A (wire/ATM),5.215210282126032e-05,0,0,
6b7a0e55-a73a-41fb-b8b5-615327b1b369,CUST002097,MERCH00274,2025-05-16 11:09:00,199.14,atm_withdrawal,DE,DE,Grocery Stores,8.048294549865586e-05,0,0,
41040ea4-868f-4718-959a-6960512ad46a,CUST004258,MERCH00228,2025-05-16 11:14:00,39.58,card_present,SE,SE,Direct Marketing / Subscriptions,7.271949762886276e-05,0,0,
c2d052ba-faf9-4145-b891-f1c64a6a890b,CUST000176,MERCH00122,2025-05-16 11:15:00,34.37,card_present,DE,IT,Fuel Stations,0.0002325572257675,0,0,
3bfa05cc-7951-41d0-9915-13713252c129,CUST004059,MERCH00317,2025-05-16 11:16:00,20.57,card_present,IE,NL,Clothing Stores,0.0004399169740835,0,0,
92dd7145-9159-4012-88fd-f869749dffcd,CUST005269,MERCH00219,2025-05-16 11:16:00,106.47,online,DE,DE,Utilities,5.9645998429748846e-05,0,0,
226cb960-e4ae-4c1a-b209-bad4adf1cace,CUST000442,MERCH00057,2025-05-16 11:18:00,601.95,card_not_present,DE,SE,Direct Marketing / Subscriptions,0.0036354482916683,0,0,
1331b852-0825-4212-9acc-c17a91ba0e14,CUST002943,MERCH00330,2025-05-16 11:18:00,333.92,card_present,DE,DE,Fuel Stations,5.9645998429748846e-05,0,0,
fbf8f385-d1fb-4d19-b58a-dcf0b67852ed,CUST005998,MERCH00357,2025-05-16 11:27:00,891.98,card_present,FR,SE,Airlines,0.0079539624233908,0,0,
a0b075bd-35b2-422b-8f97-1e65c4654cf1,CUST000541,MERCH00169,2025-05-16 11:28:00,450.27,card_present,PL,PL,Direct Marketing / Subscriptions,5.97383145101478e-05,0,0,
fc003bcc-3533-4d3e-8225-ba19f8105451,CUST005426,MERCH00136,2025-05-16 11:29:00,175.87,atm_withdrawal,DE,DE,Crypto / Money Transfer,9.983215161571884e-05,0,0,
be9fca83-d969-47da-8466-22113b155db5,CUST000387,MERCH00015,2025-05-16 11:30:00,87.97,card_not_present,DE,PL,Jewelry,0.0006832618381503,0,0,
6c220f10-f6e0-4bbb-880a-9f9126ab1b6b,CUST004817,,2025-05-16 11:32:00,28.93,wire_transfer,IT,IT,N/A (wire/ATM),5.049350963201199e-05,0,0,
d5a2b932-771e-44d0-9622-e1c09b18c892,CUST000832,MERCH00127,2025-05-16 11:32:00,424.35,card_not_present,DE,DE,Utilities,8.072857376844172e-05,0,0,
c99dbaa6-2dfc-4cb6-9096-371ca82bb421,CUST003845,MERCH00265,2025-05-16 11:43:00,354.87,card_present,FR,SE,Electronics,0.0117727910149766,0,0,
8e75aad4-27f9-4f36-8f9d-8ac1641a86e2,CUST002350,MERCH00312,2025-05-16 11:44:00,56.45,card_not_present,IE,IE,Airlines,0.0001052129787404,0,0,
b51bb228-142a-4874-91cd-c50ec02ad204,CUST002260,MERCH00122,2025-05-16 11:46:00,271.6,card_present,IT,IT,Fuel Stations,3.947244601738204e-05,0,0,
0ae37820-628e-4891-b11e-b9e4dcfcca4b,CUST000798,MERCH00175,2025-05-16 11:46:00,29.43,card_present,FR,FR,Electronics,5.168168020254222e-05,0,0,
92efaf99-baed-4da0-bfad-22176f718e29,CUST002236,MERCH00166,2025-05-16 11:47:00,19.98,card_not_present,DE,SE,Grocery Stores,0.0006726559386034,0,0,
13e09340-0bd3-42ae-b21a-0b349688f65f,CUST000590,MERCH00333,2025-05-16 11:48:00,731.46,card_present,NL,NL,Direct Marketing / Subscriptions,7.837203565673783e-05,0,0,
42898804-e9f5-4206-94a7-7507654a0876,CUST000628,,2025-05-16 11:49:00,14.76,wire_transfer,SE,SE,N/A (wire/ATM),3.451305870562638e-05,0,0,
d8f299ba-5791-49f3-8e91-92f80fb7fbb3,CUST001716,MERCH00089,2025-05-16 11:50:00,33.52,atm_withdrawal,ES,ES,Direct Marketing / Subscriptions,6.483629147418578e-05,0,0,
2957cf7c-ee6a-47ac-8093-d09947aa26f4,CUST002716,MERCH00440,2025-05-16 11:53:00,347.53,card_not_present,DE,DE,Grocery Stores,0.0001166361826851,0,0,
582c5713-e047-4bd6-b88d-c1dc69742051,CUST001426,MERCH00339,2025-05-16 11:53:00,36.93,card_not_present,IE,PL,Restaurants,0.0004834272910878,0,0,
3a2dfaa1-36a4-448c-a8c6-a357c79d2397,CUST000812,MERCH00363,2025-05-16 11:54:00,8.38,card_present,ES,ES,Electronics,6.41539940338825e-05,0,0,
e08540f3-56ad-4590-b028-138d24769665,CUST003925,MERCH00035,2025-05-16 11:55:00,222.55,card_not_present,PL,PL,Clothing Stores,9.100291525716512e-05,0,0,
9bf5a4fe-63fb-470d-a51b-b9638cc97b7a,CUST003135,MERCH00242,2025-05-16 11:55:00,235.99,card_not_present,ES,DE,Electronics,0.0006185510052821,0,0,
153538a6-d2bb-4b22-9fb8-4caa1cee7e44,CUST004396,MERCH00098,2025-05-16 12:04:00,62.3,card_present,ES,PL,Utilities,0.0002541433402874,0,0,
c3a68030-0ea7-49e4-b01e-07436a140e5e,CUST003243,MERCH00304,2025-05-16 12:05:00,13.51,card_not_present,FR,FR,Fuel Stations,8.035857446094911e-05,0,0,
7c6ffe4e-c7cb-471a-9304-0328e7af20c2,CUST000109,,2025-05-16 12:06:00,253.45,wire_transfer,ES,ES,N/A (wire/ATM),3.835296651872995e-05,0,0,
634c81b6-a0f2-4abe-8e0c-3544f394902f,CUST001784,MERCH00019,2025-05-16 12:11:00,40.11,card_present,IT,FR,Utilities,0.0004096114978954,0,0,
2b7edfa8-d2d6-41e3-bb2c-31e711d6220e,CUST001285,MERCH00357,2025-05-16 12:11:00,128.75,card_present,FR,PL,Airlines,0.0003893079040574,0,0,
5f55f3fa-7cd4-46ab-a6c2-3055f25eb300,CUST005864,MERCH00257,2025-05-16 12:11:00,15.07,online,NL,IT,Utilities,0.000315460210316,0,0,
1074c811-d405-4776-bdb3-1891fdce58d1,CUST001914,MERCH00082,2025-05-16 12:12:00,44.78,card_not_present,ES,IT,Restaurants,0.0004834272910878,0,0,
afab5f97-99d7-40e5-bbb9-dd6b97487b1a,CUST005414,MERCH00391,2025-05-16 12:13:00,100.07,card_present,DE,DE,Clothing Stores,4.689478247181653e-05,0,0,
4544d7fd-2221-4bd7-8a49-ec625fb7b325,CUST003971,MERCH00431,2025-05-16 12:15:00,500.0,card_not_present,FR,FR,Hotels,0.999490412512099,1,1,merchant_collusion
301ba231-c163-4e10-8e05-d6234c8d17f8,CUST001201,MERCH00380,2025-05-16 12:16:00,64.13,card_present,IE,ES,Utilities,0.0003839886252206,0,0,
2c776976-4b3f-4087-a4b3-28a60b1138a6,CUST003160,MERCH00111,2025-05-16 12:16:00,7.83,card_not_present,IT,DE,Utilities,0.0004122381109116,0,0,
04db4139-1278-4001-8262-651ed32bc975,CUST002089,MERCH00087,2025-05-16 12:17:00,36.52,card_present,FR,FR,Jewelry,6.962680736772641e-05,0,0,
b2f8332c-852e-4614-8a7a-ebe3f1cd1e3e,CUST004595,MERCH00368,2025-05-16 12:18:00,47.48,card_present,PL,DE,Grocery Stores,0.0002681734275291,0,0,
66ec567b-f2a2-417d-b085-bd5a656de095,CUST001745,MERCH00026,2025-05-16 12:19:00,28.56,online,IT,ES,Grocery Stores,0.0003588602692009,0,0,
cb6bb9dc-086a-478c-95ff-a39f7b2fcf1d,CUST003302,MERCH00030,2025-05-16 12:25:00,620.74,card_not_present,FR,FR,Electronics,0.0006050781406498,0,0,
445e1e79-5c66-4a83-81ce-50428e6dc555,CUST001728,MERCH00157,2025-05-16 12:25:00,215.02,atm_withdrawal,IE,DE,Grocery Stores,0.0006667471598232,0,0,
cd6aea92-0957-43b4-886b-a379d1ef32b6,CUST001226,MERCH00376,2025-05-16 12:26:00,230.79,online,DE,DE,Utilities,3.5684015772054174e-05,0,0,
edb1f62c-3f02-4b75-a1ae-3755d08d17c4,CUST004114,MERCH00144,2025-05-16 12:26:00,141.77,online,DE,FR,Fuel Stations,0.0003182983654135,0,0,
1ea96c25-1d14-4c0a-835d-db4a9117b15a,CUST003639,MERCH00009,2025-05-16 12:26:00,359.78,card_not_present,IT,IT,Crypto / Money Transfer,7.737533655219923e-05,0,0,
1c5e9ef1-70e4-4261-9cfa-ad523fd1f2c0,CUST001552,MERCH00380,2025-05-16 12:27:00,7.81,card_present,DE,DE,Utilities,5.9645998429748846e-05,0,0,
70136e5d-95ae-4031-9fbd-7a18da49dee1,CUST001869,MERCH00120,2025-05-16 12:28:00,13.3,atm_withdrawal,NL,NL,Direct Marketing / Subscriptions,8.856903869674524e-05,0,0,
bf7ed0a5-499c-4efe-af78-acc746e5beb7,CUST005509,MERCH00210,2025-05-16 12:28:00,11.12,atm_withdrawal,ES,ES,Hotels,6.962877213748992e-05,0,0,
c3cf6e07-772b-48ca-943d-540a4f20356e,CUST004269,MERCH00088,2025-05-16 12:30:00,61.34,online,ES,ES,Misc Retail,6.572915208119079e-05,0,0,
a94e8b00-796f-471b-ab2c-70d2c3c99912,CUST002985,MERCH00046,2025-05-16 12:36:00,387.48,card_present,NL,FR,Jewelry,0.0003185579654809,0,0,
8cb3291f-e729-4904-afa3-a65a0b0ea3a3,CUST000045,MERCH00284,2025-05-16 12:36:00,244.98,card_present,IT,IT,Utilities,5.116368452990701e-05,0,0,
af0e25cb-df30-4833-b733-41cb8b1ab50a,CUST000828,MERCH00269,2025-05-16 12:37:00,691.73,card_not_present,DE,DE,Restaurants,0.0005308431902726,0,0,
0d124b70-1aec-4fd5-8947-5ce7a8c2380c,CUST003222,MERCH00197,2025-05-16 12:40:00,65.37,online,FR,PL,Utilities,0.0002541433402874,0,0,
51fb0627-32d9-44a2-a256-b9f522c929b2,CUST005682,MERCH00011,2025-05-16 12:41:00,6.39,card_not_present,PL,PL,Airlines,0.0001052129787404,0,0,
0ef711df-e5ce-43c0-82f4-9b52343bf360,CUST001395,MERCH00088,2025-05-16 12:45:00,29.42,card_present,IT,NL,Misc Retail,0.0004900817433714,0,0,
0c04b594-bf08-4464-8137-e3315367fcd9,CUST004013,MERCH00111,2025-05-16 12:48:00,152.25,card_not_present,IT,FR,Utilities,0.000750949665598,0,0,
3419a450-e45f-4659-913a-9bcc2bc3182f,CUST001701,MERCH00408,2025-05-16 12:51:00,16.15,card_not_present,SE,FR,Clothing Stores,0.0005556230652077,0,0,
4514986c-46d5-4d0a-a3e8-b66271b0ccc1,CUST000909,MERCH00001,2025-05-16 12:52:00,178.16,online,SE,SE,Electronics,4.9038429182940645e-05,0,0,
9ef15add-ed68-49fa-a60d-13416c199c6a,CUST003730,MERCH00214,2025-05-16 12:56:00,183.44,online,FR,DE,Crypto / Money Transfer,0.0003357238799902,0,0,
c86a2ccd-a5e7-42c7-a54e-3f5faef71260,CUST000313,MERCH00163,2025-05-16 12:57:00,733.01,online,IT,FR,Fuel Stations,0.0021748678465152,0,0,
7b9da0eb-c1fa-4f45-82e7-91780cf77177,CUST001307,MERCH00065,2025-05-16 12:58:00,11.35,atm_withdrawal,DE,IE,Restaurants,0.0004834272910878,0,0,
a0cbea97-180a-4709-bfdb-0bb0d2072430,CUST004108,MERCH00217,2025-05-16 12:59:00,187.07,online,IT,IT,Crypto / Money Transfer,5.168168020254222e-05,0,0,
e061029a-3d07-435e-ae01-161109d065c8,CUST003251,MERCH00088,2025-05-16 13:03:00,116.33,card_present,IT,IT,Misc Retail,5.399575062331991e-05,0,0,
06da58ae-f964-4a64-9de7-5db8681c8ae9,CUST000885,MERCH00388,2025-05-16 13:06:00,19.1,card_present,FR,IT,Fuel Stations,0.000271104219684,0,0,
7e5defe7-beb9-4b64-a9d8-e4730ae5c9af,CUST004263,MERCH00282,2025-05-16 13:07:00,274.21,card_not_present,SE,SE,Jewelry,7.737533655219923e-05,0,0,
68ed6730-bf29-4699-836b-0158b8d8622c,CUST003823,MERCH00279,2025-05-16 13:08:00,85.43,card_not_present,FR,FR,Clothing Stores,6.317967098734498e-05,0,0,
d42cc3c1-3321-426d-befe-f7ab0f128410,CUST004243,MERCH00381,2025-05-16 13:08:00,40.95,online,PL,PL,Utilities,3.5684015772054174e-05,0,0,
9909cc53-6d9b-419a-9d5d-06caabff17db,CUST002773,MERCH00147,2025-05-16 13:10:00,41.16,card_present,IE,IE,Airlines,7.410059585027263e-05,0,0,
912dc897-3a08-43ec-8035-f2aa69094ee6,CUST002172,MERCH00244,2025-05-16 13:11:00,49.18,atm_withdrawal,ES,ES,Restaurants,6.483629147418578e-05,0,0,
df5e993b-be33-4a06-99a0-be1b1891b5a5,CUST003028,MERCH00132,2025-05-16 13:11:00,36.01,card_present,ES,ES,Restaurants,4.812442096995302e-05,0,0,
aba4c80e-7443-4090-a371-3856cdf7f695,CUST000871,MERCH00053,2025-05-16 13:15:00,20.38,card_not_present,NL,FR,Restaurants,0.0006362604652103,0,0,
688729b8-4c20-46a6-8958-f3e6e1064837,CUST002222,MERCH00048,2025-05-16 13:18:00,32.54,online,IT,IT,Clothing Stores,7.086146902556566e-05,0,0,
14464f33-e448-4b9f-bd7e-59a5e46bfc99,CUST005262,MERCH00382,2025-05-16 13:19:00,20.69,card_present,ES,ES,Grocery Stores,6.728629562284225e-05,0,0,
3dd68e02-4ae7-4d8a-8194-225b4903bf0c,CUST004521,MERCH00401,2025-05-16 13:25:00,21.2,card_not_present,FR,PL,Clothing Stores,0.0004710803655321,0,0,
b09d0d5a-080d-4c2e-8218-531767314e58,CUST000088,,2025-05-16 13:26:00,5.05,wire_transfer,FR,FR,N/A (wire/ATM),5.215210282126032e-05,0,0,
81f7cb60-6b40-433b-a90b-4cbbbfb4d752,CUST001337,MERCH00377,2025-05-16 13:27:00,13.62,online,DE,NL,Airlines,0.0001590943668464,0,0,
492005a6-6776-4abf-bb8b-87c9b204c795,CUST005463,MERCH00408,2025-05-16 13:27:00,13.36,online,IT,IT,Clothing Stores,4.689478247181653e-05,0,0,
52372ecb-12e6-418e-90d7-6a3649e2597f,CUST002838,MERCH00037,2025-05-16 13:28:00,160.53,atm_withdrawal,ES,ES,Misc Retail,5.0269600292323576e-05,0,0,
cecc5051-9dd9-4677-a0af-7621a21ac407,CUST003935,MERCH00325,2025-05-16 13:29:00,18.8,card_not_present,IT,IT,Utilities,8.035857446094911e-05,0,0,
627c3e51-50b4-4bdf-b573-d0b5198f57aa,CUST002656,MERCH00194,2025-05-16 13:32:00,10.2,card_present,SE,SE,Electronics,6.41539940338825e-05,0,0,
2c7705c7-f7ed-479e-aa39-e4395defb15a,CUST002887,MERCH00277,2025-05-16 13:32:00,16.78,card_not_present,DE,FR,Misc Retail,0.0003441501707963,0,0,
c66c9e86-62cb-4ac7-9498-6949d6bfecad,CUST005015,MERCH00308,2025-05-16 13:33:00,39.42,card_present,FR,DE,Clothing Stores,0.0003781308615351,0,0,
7100447c-ef67-4f69-a541-0bf5009cd7bf,CUST001514,MERCH00193,2025-05-16 13:35:00,60.15,card_not_present,FR,FR,Jewelry,6.962877213748992e-05,0,0,
4be61314-abd4-4ef4-a7b2-602e1868df53,CUST003631,MERCH00160,2025-05-16 13:42:00,131.97,atm_withdrawal,NL,ES,Hotels,0.0005244383171421,0,0,
b09d1921-f3d2-494c-a25a-fe34c1bcb8c8,CUST001472,MERCH00377,2025-05-16 13:42:00,59.55,card_present,DE,DE,Airlines,6.41539940338825e-05,0,0,
0371453a-4038-43e8-b07f-24c58312648d,CUST002826,MERCH00148,2025-05-16 13:45:00,84.93,card_not_present,PL,PL,Misc Retail,6.912615877025611e-05,0,0,
2adedf0e-6211-437c-9bc1-f654cc47a80e,CUST005725,MERCH00427,2025-05-16 13:47:00,264.22,online,SE,SE,Grocery Stores,4.350563991435366e-05,0,0,
f4b51e98-b016-420d-a58a-b813f2975961,CUST004479,MERCH00102,2025-05-16 13:50:00,9.43,card_present,FR,DE,Jewelry,0.0005072286239081,0,0,
6ca759e7-6cf0-477c-925a-d21b51a0c442,CUST004165,MERCH00297,2025-05-16 13:50:00,214.73,online,IT,IT,Grocery Stores,6.574033896394302e-05,0,0,
757b7ed8-9a34-43ef-a61d-9add3584fffc,CUST003047,MERCH00215,2025-05-16 13:51:00,46.38,card_not_present,IT,IT,Misc Retail,7.596093620715867e-05,0,0,
d8fba324-a6d7-4003-af60-fe391ecc9a74,CUST005589,MERCH00266,2025-05-16 13:51:00,21.7,card_not_present,IT,NL,Electronics,0.0006185510052821,0,0,
60fc0b09-821e-4009-b80a-91e426bee8a5,CUST005142,MERCH00032,2025-05-16 13:51:00,111.95,card_present,IT,DE,Restaurants,0.0004283670337977,0,0,
51563c37-1179-4db7-9a77-1a429437c08f,CUST001780,MERCH00387,2025-05-16 13:52:00,70.36,card_not_present,PL,FR,Jewelry,0.0005244383171421,0,0,
c44b8c57-9f86-47a1-954e-40f16897dc0a,CUST005307,,2025-05-16 13:56:00,24.73,wire_transfer,SE,SE,N/A (wire/ATM),5.215210282126032e-05,0,0,
2f7ca6c1-4e16-43da-b69f-8dda89bccbf3,CUST005596,MERCH00383,2025-05-16 13:58:00,18.69,card_not_present,FR,FR,Clothing Stores,7.452370377658548e-05,0,0,
6b91628b-b69c-47fa-84eb-ac30f2b06e41,CUST005167,MERCH00157,2025-05-16 14:01:00,111.23,card_not_present,IE,IE,Grocery Stores,6.483629147418578e-05,0,0,
f19ac751-9224-4b98-bfda-cf2f3bd148aa,CUST000307,MERCH00104,2025-05-16 14:01:00,25.46,card_not_present,IT,IT,Airlines,0.0001743291240317,0,0,
e60f48e1-5b63-430f-8d53-57e0d8a73bd0,CUST003349,MERCH00156,2025-05-16 14:03:00,272.47,card_present,PL,NL,Jewelry,0.0003367862938269,0,0,
97438a65-7a57-4ece-a7ef-c288164678eb,CUST004232,MERCH00321,2025-05-16 14:03:00,67.22,online,IE,IE,Hotels,4.9038429182940645e-05,0,0,
78591983-9cab-4ac6-afbd-138bad0fba13,CUST005144,MERCH00014,2025-05-16 14:05:00,144.29,card_present,ES,IE,Crypto / Money Transfer,0.0003893079040574,0,0,
ce43c8fd-13bb-410d-b91b-97a18c654f91,CUST002954,MERCH00081,2025-05-16 14:05:00,414.32,card_not_present,FR,SE,Misc Retail,0.0004855696523583,0,0,
fca53f58-2d33-402f-bd05-9ae90857b055,CUST001945,MERCH00447,2025-05-16 14:06:00,31.02,card_not_present,ES,DE,Jewelry,0.0005244383171421,0,0,
63562abb-0b32-4923-93d7-ff5ea118f133,CUST000099,MERCH00275,2025-05-16 14:07:00,16.78,card_present,ES,ES,Hotels,6.41539940338825e-05,0,0,
6e9a0df8-451c-4ca9-b932-022fd271ae15,CUST004567,MERCH00158,2025-05-16 14:08:00,602.92,online,DE,DE,Jewelry,0.0001872125464553,0,0,
a934f7b9-5c25-4896-80ab-398ad425ca9e,CUST000909,MERCH00305,2025-05-16 14:09:00,77.81,card_not_present,SE,SE,Electronics,0.0001470283503106,0,0,
6b7ac22f-05ff-4334-b41d-446aa860cc70,CUST002296,MERCH00016,2025-05-16 14:09:00,163.48,card_present,IE,DE,Electronics,0.0003893079040574,0,0,
8d88ee55-ab25-4a09-a7e7-7f9190e8c385,CUST002105,MERCH00057,2025-05-16 14:10:00,9.35,card_not_present,DE,FR,Direct Marketing / Subscriptions,0.0004211457053096,0,0,
288ac250-7983-4a10-b8ac-6a7968d244f3,CUST003005,MERCH00277,2025-05-16 14:12:00,14.74,atm_withdrawal,NL,NL,Misc Retail,7.596093620715867e-05,0,0,
de045a21-1093-4df4-8ade-ce1da903f782,CUST005979,MERCH00097,2025-05-16 14:12:00,207.63,card_present,ES,DE,Utilities,0.0003643557830765,0,0,
43cac406-7fd6-404f-b4d1-3553f57a5820,CUST005755,MERCH00080,2025-05-16 14:18:00,471.13,card_not_present,FR,FR,Electronics,7.737533655219923e-05,0,0,
e4c4487b-3924-4b0b-9a2e-e4db1ec17f31,CUST002091,MERCH00151,2025-05-16 14:19:00,11.77,card_present,FR,FR,Fuel Stations,3.38589349594547e-05,0,0,
3e8104bf-b50c-48d4-bad9-c782c60505c8,CUST000018,MERCH00444,2025-05-16 14:21:00,9.31,card_present,FR,FR,Airlines,7.561105185791929e-05,0,0,
404b42a9-ab90-4368-88fc-c63055f7f430,CUST003508,MERCH00270,2025-05-16 14:22:00,50.61,card_not_present,IE,IE,Restaurants,6.483629147418578e-05,0,0,
b58f99db-6a8f-488b-83a7-d79346a7e97e,CUST004626,MERCH00290,2025-05-16 14:23:00,92.77,card_not_present,PL,NL,Fuel Stations,0.0005517854837085,0,0,
dead1ba2-f35c-4d05-867e-b2530ab64b88,CUST005170,,2025-05-16 14:23:00,91.98,wire_transfer,DE,DE,N/A (wire/ATM),3.451305870562638e-05,0,0,
4c229a71-c941-437f-8949-f2be4b1d54df,CUST004529,,2025-05-16 14:24:00,20.07,wire_transfer,FR,FR,N/A (wire/ATM),5.049350963201199e-05,0,0,
b14af8fe-6bbf-4916-aeee-f2f60ad547fc,CUST000132,,2025-05-16 14:24:00,15.84,wire_transfer,FR,FR,N/A (wire/ATM),5.215210282126032e-05,0,0,
cdb6179d-d2b8-4bea-aea2-dd8af7e01550,CUST001301,MERCH00055,2025-05-16 14:25:00,31.36,card_present,FR,FR,Utilities,5.477038424359593e-05,0,0,
c7f5516b-48ab-43d2-9c2a-46846378a1e5,CUST005810,MERCH00253,2025-05-16 14:26:00,1117.08,online,ES,ES,Airlines,0.0002784362776894,0,0,
ccb99a4f-a3c1-4005-b116-1e95d466a509,CUST004776,MERCH00356,2025-05-16 14:27:00,147.04,card_present,NL,NL,Misc Retail,4.881349136225261e-05,0,0,
ae3d98ca-7c51-4eb5-a876-2a4af8e5e252,CUST003878,MERCH00298,2025-05-16 14:27:00,49.01,card_not_present,DE,DE,Direct Marketing / Subscriptions,6.483629147418578e-05,0,0,
28f3778c-0c79-40d6-b9bc-f7fab54de2e8,CUST004491,MERCH00253,2025-05-16 14:27:00,145.12,card_not_present,ES,ES,Airlines,0.0001052129787404,0,0,
17bc6209-1473-4d9d-b43f-9742b5792a24,CUST004635,MERCH00031,2025-05-16 14:29:00,54.26,card_present,DE,DE,Airlines,5.168168020254222e-05,0,0,
86a8ca63-1a1c-491a-9efa-4a9807cf79e6,CUST003582,MERCH00158,2025-05-16 14:30:00,73.45,card_not_present,FR,FR,Jewelry,0.0001052129787404,0,0,
2729988e-17c9-47ca-8aa9-8e710baad694,CUST002955,MERCH00238,2025-05-16 14:32:00,91.71,card_not_present,DE,PL,Utilities,0.0003454538411998,0,0,
bface0d3-252b-4e93-9f64-6edbfc6134a2,CUST001950,MERCH00368,2025-05-16 14:32:00,17.52,card_present,ES,ES,Grocery Stores,4.812442096995302e-05,0,0,
ec6c9885-2610-4f02-9322-ceba89d67ed3,CUST004252,MERCH00212,2025-05-16 14:37:00,242.62,card_present,NL,IT,Clothing Stores,0.0003496937219117,0,0,
4f9c7940-ce02-4730-a96b-d00104ee2430,CUST001597,MERCH00215,2025-05-16 14:37:00,19.88,online,FR,FR,Misc Retail,6.572915208119079e-05,0,0,
a6a3ec7b-cfea-45bd-89c5-dbd59c11d185,CUST001321,MERCH00082,2025-05-16 14:39:00,197.67,card_not_present,IE,IT,Restaurants,0.0004834272910878,0,0,
321fc7a8-a1bf-47c6-968b-72cf1c50b900,CUST003189,MERCH00293,2025-05-16 14:40:00,63.07,card_present,NL,NL,Crypto / Money Transfer,7.8094632876302e-05,0,0,
be4f9ce1-6522-4320-9e47-c5f833ae28b2,CUST004696,MERCH00084,2025-05-16 14:40:00,35.44,card_not_present,FR,DE,Grocery Stores,0.0004484250152103,0,0,
77ebc940-23df-4873-bcf5-0afbc18a7012,CUST002433,MERCH00367,2025-05-16 14:40:00,45.9,card_present,FR,FR,Misc Retail,6.572915208119079e-05,0,0,
f9a0f3a1-3407-4749-a8d0-8e86faf37610,CUST005779,,2025-05-16 14:40:00,81.86,wire_transfer,ES,ES,N/A (wire/ATM),3.451305870562638e-05,0,0,
125f37cb-97c4-4f71-ad0c-dfc0e8cfb5d7,CUST003581,,2025-05-16 14:41:00,174.03,wire_transfer,FR,FR,N/A (wire/ATM),5.049350963201199e-05,0,0,
25c69354-5625-4b38-8d83-6ab1f10814f3,CUST001525,MERCH00300,2025-05-16 14:41:00,361.65,card_not_present,FR,PL,Misc Retail,0.0007335670257441,0,0,
02b3521b-8315-4c18-a4cb-4039edb24093,CUST004628,MERCH00410,2025-05-16 14:42:00,1328.56,card_present,IT,FR,Airlines,0.0003880722811807,0,0,
c3a85cbe-d9fe-45be-a45c-3aa6bf4f1902,CUST001013,MERCH00303,2025-05-16 14:42:00,2.8,card_not_present,IT,IT,Misc Retail,0.8766457793062322,1,0,
8da30b10-497c-488d-ab6a-be3d7843eb3b,CUST000986,MERCH00426,2025-05-16 14:43:00,69.84,card_not_present,PL,ES,Crypto / Money Transfer,0.0005244383171421,0,0,
51f016ae-c7f7-4ce7-80c8-96610cb43b9d,CUST004886,MERCH00349,2025-05-16 14:45:00,82.21,card_not_present,DE,DE,Restaurants,9.79715117179777e-05,0,0,
e9fde0cb-858c-4a41-8767-e1a31ef816dd,CUST002942,MERCH00180,2025-05-16 14:45:00,20.17,card_not_present,SE,SE,Misc Retail,5.860369463451871e-05,0,0,
bbb7d864-461b-4d15-a54b-8790bf6c3e00,CUST000607,MERCH00364,2025-05-16 14:47:00,51.9,online,DE,DE,Utilities,4.3130564814152726e-05,0,0,
6da51d66-b245-4b29-95ec-f62cd39e9300,CUST001225,MERCH00041,2025-05-16 14:49:00,130.49,card_not_present,DE,DE,Restaurants,6.483629147418578e-05,0,0,
29ecba6f-b6c7-4c0e-8cc4-5efb36ef1060,CUST003751,MERCH00032,2025-05-16 14:50:00,17.38,online,IT,IT,Restaurants,4.812442096995302e-05,0,0,
910bb4e7-115b-467e-ae2e-0b2fe4b28976,CUST001381,MERCH00373,2025-05-16 14:50:00,37.03,card_present,DE,DE,Clothing Stores,4.022575811590119e-05,0,0,
a4e04ff0-6a7b-4ebc-854e-0b72c534e670,CUST003074,MERCH00178,2025-05-16 14:53:00,19.99,card_not_present,ES,ES,Clothing Stores,9.546833997705238e-05,0,0,
c4b039dc-8254-4e97-8292-953b0e7d07b9,CUST005794,MERCH00222,2025-05-16 14:54:00,4.63,online,SE,IE,Hotels,0.0004585159225113,0,0,
8e46c5e6-0f70-4558-8cad-c013cada4d35,CUST000468,MERCH00139,2025-05-16 14:54:00,67.65,card_present,IE,IE,Misc Retail,5.638179592033104e-05,0,0,
c22a046d-1917-4aba-b52b-fe0f4167392d,CUST000010,MERCH00041,2025-05-16 14:55:00,16.24,card_not_present,IT,IT,Restaurants,9.485586221840853e-05,0,0,
41fbd68b-2d93-4b8c-a696-d59fd5d7c187,CUST002648,MERCH00219,2025-05-16 14:58:00,63.62,card_not_present,IT,SE,Utilities,0.0005172736496558,0,0,
dfe60851-70b7-4432-a442-cd0a9c5396ca,CUST004680,MERCH00226,2025-05-16 14:59:00,286.29,atm_withdrawal,ES,ES,Airlines,7.737533655219923e-05,0,0,
296d660f-3667-4dc0-9f7d-4a525ea762da,CUST001021,MERCH00287,2025-05-16 14:59:00,300.88,card_present,PL,IE,Crypto / Money Transfer,0.0003893079040574,0,0,
319880a2-9842-4156-9f45-c09f994a1f5f,CUST004617,MERCH00037,2025-05-16 15:02:00,496.9,online,ES,IE,Misc Retail,0.0003243728414593,0,0,
790c110c-7780-4405-abfe-cf47c72547f3,CUST000239,MERCH00055,2025-05-16 15:04:00,76.24,atm_withdrawal,DE,DE,Utilities,0.000128915399774,0,0,
fb0a5239-c4ea-42bb-a39f-1376236d4f4c,CUST002276,MERCH00448,2025-05-16 15:09:00,88.25,card_not_present,IE,FR,Clothing Stores,0.000433869559875,0,0,
97ebd05f-bd3a-4c7a-b791-f925260c0b62,CUST005847,MERCH00215,2025-05-16 15:09:00,49.81,card_not_present,PL,PL,Misc Retail,7.274637319134952e-05,0,0,
28201010-d4fd-4526-85bd-6733eba9adff,CUST001544,,2025-05-16 15:10:00,190.38,wire_transfer,FR,FR,N/A (wire/ATM),5.049350963201199e-05,0,0,
75643cbb-93ee-445f-b636-6db47f00b412,CUST000620,MERCH00165,2025-05-16 15:11:00,63.74,card_present,FR,FR,Clothing Stores,7.086146902556566e-05,0,0,
7e4ab9bc-2d3b-485a-8afc-d523cf800148,CUST005870,MERCH00060,2025-05-16 15:12:00,49.94,card_not_present,ES,ES,Crypto / Money Transfer,6.962877213748992e-05,0,0,
14843af9-4766-44e9-9e0a-c90c9485be9f,CUST002057,MERCH00333,2025-05-16 15:13:00,372.42,online,IT,SE,Direct Marketing / Subscriptions,0.0004454308150197,0,0,
6439b790-4a77-46d5-b2f1-116bb9da29e2,CUST005674,MERCH00359,2025-05-16 15:16:00,131.44,atm_withdrawal,SE,SE,Utilities,5.3179958393195385e-05,0,0,
dafbd9e7-a7e8-47dd-96d5-a804cdb40ea0,CUST003023,MERCH00063,2025-05-16 15:21:00,19.18,card_present,IE,DE,Clothing Stores,0.0005983692223844,0,0,
3472989d-b05f-42d8-964d-21460e8a43bd,CUST000269,MERCH00010,2025-05-16 15:22:00,135.63,atm_withdrawal,DE,NL,Grocery Stores,0.0003015617156332,0,0,
1f172d1b-7550-48e0-bdc3-b614f088ff08,CUST005808,MERCH00005,2025-05-16 15:22:00,89.92,card_present,FR,IE,Direct Marketing / Subscriptions,0.0003305108377448,0,0,
7284c3f4-c884-40b0-b3d2-08782a50e5c0,CUST004787,MERCH00357,2025-05-16 15:22:00,40.85,card_present,FR,DE,Airlines,0.0003185579654809,0,0,
73cf7e8f-72ff-445e-8747-bb3784da3abc,CUST002428,MERCH00321,2025-05-16 15:23:00,263.48,online,SE,SE,Hotels,5.168168020254222e-05,0,0,
4ccb85e3-2bce-44e0-8ada-8944c564697f,CUST002732,MERCH00400,2025-05-16 15:25:00,17.23,card_present,FR,FR,Electronics,7.8094632876302e-05,0,0,
a87e1659-c766-4ad4-9bb9-04e446533fb2,CUST003652,MERCH00439,2025-05-16 15:26:00,7.28,atm_withdrawal,IT,DE,Hotels,0.000685423297942,0,0,
612206b5-0234-48fd-9eb1-e84f7c456ea1,CUST000272,MERCH00171,2025-05-16 15:26:00,27.75,online,IT,DE,Electronics,0.0005362471576831,0,0,
7c4e4e7d-147b-472e-b88a-90b083f8b5ae,CUST000085,,2025-05-16 15:27:00,9.34,wire_transfer,ES,ES,N/A (wire/ATM),5.215210282126032e-05,0,0,
fbc5d4ac-24fb-411d-91b1-cb8f76500a0b,CUST004771,MERCH00113,2025-05-16 15:33:00,269.5,card_not_present,ES,ES,Crypto / Money Transfer,7.737533655219923e-05,0,0,
29775d33-16a4-4c29-b959-3b1db61024d6,CUST000938,MERCH00347,2025-05-16 15:34:00,48.32,card_present,IE,IE,Hotels,5.168168020254222e-05,0,0,
ca298ebb-94bf-48f6-8ff2-5542ff5cc053,CUST005408,MERCH00168,2025-05-16 15:37:00,95.4,card_not_present,FR,FR,Fuel Stations,4.561714421858141e-05,0,0,
2675f312-1aca-488b-9ebf-275409d26ba9,CUST000322,MERCH00134,2025-05-16 15:38:00,42.51,card_present,IE,IE,Airlines,5.168168020254222e-05,0,0,
dd0fba8d-fdfc-47c1-8b20-06a512f08940,CUST004565,MERCH00286,2025-05-16 15:40:00,89.04,card_not_present,IE,IE,Fuel Stations,4.561714421858141e-05,0,0,
6c3a2ff3-0ac1-4d25-b0d1-d3b30a478e72,CUST004963,MERCH00323,2025-05-16 15:41:00,28.11,card_not_present,IE,IE,Grocery Stores,8.403934836065801e-05,0,0,
add7c269-7748-4847-9b77-3a4b6ed74114,CUST004715,MERCH00251,2025-05-16 15:43:00,325.32,card_present,PL,DE,Fuel Stations,0.0003874430827375,0,0,
494be3d4-b85d-46bd-824c-6bc3e866faa2,CUST005606,MERCH00142,2025-05-16 15:43:00,42.79,card_present,DE,DE,Airlines,5.168168020254222e-05,0,0,
cceca9ee-c371-4c28-a82d-4b20fe57cf18,CUST002169,,2025-05-16 15:44:00,101.42,wire_transfer,FR,FR,N/A (wire/ATM),3.451305870562638e-05,0,0,
ba4216d1-b84c-4e34-922d-a17fe2fdf58e,CUST005468,MERCH00350,2025-05-16 15:45:00,20.19,card_not_present,DE,DE,Utilities,8.035857446094911e-05,0,0,
2406f317-7a72-46a5-8535-bd53e835bf9a,CUST000625,MERCH00254,2025-05-16 15:45:00,25.78,card_not_present,FR,FR,Crypto / Money Transfer,9.983215161571884e-05,0,0,
9b0e28d1-ddfb-4860-881d-5f765b2a9fe6,CUST000131,MERCH00058,2025-05-16 15:46:00,45.35,card_present,DE,DE,Jewelry,6.41539940338825e-05,0,0,
739721c5-bc2b-47e8-90ba-c37b947f00e3,CUST003006,MERCH00172,2025-05-16 15:47:00,37.75,online,DE,DE,Grocery Stores,4.812442096995302e-05,0,0,
df44c9cf-0d8c-4d64-8129-32981661989a,CUST000104,MERCH00236,2025-05-16 15:47:00,23.52,atm_withdrawal,IT,IT,Electronics,0.0001052129787404,0,0,
fac4cdee-1488-4297-8302-fa5717c7ddd4,CUST001655,MERCH00140,2025-05-16 15:51:00,70.18,card_not_present,PL,FR,Airlines,0.0008108888240528,0,0,
4d348b19-d14a-435e-a1d5-bb1130e89442,CUST001290,MERCH00041,2025-05-16 15:51:00,96.94,online,DE,PL,Restaurants,0.0027321724581253,0,0,
187fcab0-0454-4da0-afbb-bbf6464baff8,CUST000335,,2025-05-16 15:53:00,52.53,wire_transfer,IT,IT,N/A (wire/ATM),3.451305870562638e-05,0,0,
ea2d82e6-7bca-43f9-89e1-e3ed204044c4,CUST002444,MERCH00129,2025-05-16 15:54:00,50.35,atm_withdrawal,PL,PL,Grocery Stores,9.79715117179777e-05,0,0,
bbb21fde-fc94-466d-b59f-b6ebc392a452,CUST000332,MERCH00376,2025-05-16 15:55:00,560.86,card_present,IE,FR,Utilities,0.0008596385321601,0,0,
7cddc4a0-aeae-452e-9ccb-c1c8b1c74b03,CUST002552,,2025-05-16 15:56:00,228.82,wire_transfer,DE,DE,N/A (wire/ATM),4.071015506700132e-05,0,0,
b00fbdf9-4fe8-4a59-9216-6f64ce5c9677,CUST003040,MERCH00420,2025-05-16 15:56:00,68.45,card_present,SE,DE,Fuel Stations,0.000271104219684,0,0,
6f5a80c8-fdc8-4f92-b3ff-b17527909f90,CUST005571,MERCH00396,2025-05-16 16:01:00,46.04,online,DE,DE,Direct Marketing / Subscriptions,4.350563991435366e-05,0,0,
329ed39b-fee6-4737-a896-1ee898a9db8b,CUST004093,MERCH00199,2025-05-16 16:02:00,169.47,online,IT,DE,Jewelry,0.0005362471576831,0,0,
170b0a4c-1ef7-4f66-b356-b0818ae2f3f1,CUST005124,MERCH00040,2025-05-16 16:03:00,357.08,card_present,SE,PL,Grocery Stores,0.0004334078118472,0,0,
cfb80808-3010-4645-819f-f8ad603863e1,CUST005586,MERCH00093,2025-05-16 16:04:00,320.85,card_present,SE,SE,Grocery Stores,4.812442096995302e-05,0,0,
650377b9-2b4d-453f-9bf6-9dd72bcadc07,CUST004619,MERCH00076,2025-05-16 16:05:00,10.44,card_not_present,IE,IT,Utilities,0.0005172736496558,0,0,
13b6255c-e1bd-42ff-99c4-3062547a895f,CUST000368,,2025-05-16 16:06:00,26.75,wire_transfer,IT,IT,N/A (wire/ATM),5.215210282126032e-05,0,0,
1dba4167-4131-49f4-a597-f01d7a68a43c,CUST003513,MERCH00161,2025-05-16 16:06:00,89.37,card_present,SE,FR,Clothing Stores,0.0003496937219117,0,0,
65c76ce2-cda1-4d6a-9007-ff7a8b100e53,CUST001563,MERCH00068,2025-05-16 16:12:00,128.08,card_present,SE,SE,Grocery Stores,4.350563991435366e-05,0,0,
e3f77f62-885e-4387-a91a-e8295077abf1,CUST004097,MERCH00390,2025-05-16 16:12:00,1673.87,card_not_present,FR,IT,Misc Retail,0.0100875552893243,0,0,
1404b271-f212-45ca-a634-3eee45c400b4,CUST003692,MERCH00166,2025-05-16 16:13:00,29.12,online,DE,PL,Grocery Stores,0.0002681734275291,0,0,
cddb7d26-ae7e-4587-8450-3000589e2a52,CUST004516,MERCH00064,2025-05-16 16:13:00,80.99,atm_withdrawal,SE,ES,Utilities,0.0005172736496558,0,0,
c21e5c18-e9ad-4f20-9346-4e7fdbfbfcf5,CUST003766,MERCH00423,2025-05-16 16:14:00,463.75,card_present,NL,DE,Crypto / Money Transfer,0.0001590943668464,0,0,
b553dc7b-13ac-4ec9-8dd1-a2409f75081c,CUST004227,MERCH00382,2025-05-16 16:14:00,27.39,card_present,NL,SE,Grocery Stores,0.0005421778410369,0,0,
75fddb7f-ba8d-4584-8c20-3114e5a05b2b,CUST005984,MERCH00277,2025-05-16 16:15:00,20.62,online,DE,DE,Misc Retail,6.0818198586917614e-05,0,0,
24b6263d-e4f6-4fd2-922c-b6276f52b954,CUST001918,MERCH00050,2025-05-16 16:17:00,39.75,card_not_present,IT,FR,Fuel Stations,0.0004733486782539,0,0,
5dbf72ab-533b-49a1-8660-49ddd97f9d12,CUST005427,MERCH00278,2025-05-16 16:18:00,991.15,card_present,FR,DE,Airlines,0.0006258086146488,0,0,
1a7ee71b-cf35-4187-8d70-a92801ace336,CUST002839,MERCH00034,2025-05-16 16:20:00,190.04,card_not_present,DE,DE,Electronics,6.962877213748992e-05,0,0,
f7e6c6f4-63e2-417a-804d-0052d8dd82e5,CUST000054,MERCH00435,2025-05-16 16:24:00,24.89,card_not_present,DE,IT,Clothing Stores,0.0005623105385406,0,0,
e312f476-d687-4835-81c6-dd52373a626e,CUST005243,MERCH00067,2025-05-16 16:26:00,43.04,card_present,FR,DE,Fuel Stations,0.0003874430827375,0,0,
506bb36d-e2a2-449a-b341-0b67d388322e,CUST005475,MERCH00033,2025-05-16 16:31:00,131.67,card_not_present,DE,FR,Grocery Stores,0.0004211457053096,0,0,
ccc1542c-0e27-47c2-b55f-64605dcf7f6e,CUST002810,MERCH00105,2025-05-16 16:32:00,148.35,card_not_present,SE,SE,Jewelry,6.962877213748992e-05,0,0,
ffc04a87-7939-4a05-ac6f-7d06fb83de2a,CUST003745,MERCH00106,2025-05-16 16:34:00,166.08,online,IE,IE,Fuel Stations,3.947244601738204e-05,0,0,
a1a5abce-ef41-4535-90e2-da5f7a64d046,CUST003956,,2025-05-16 16:46:00,16.94,wire_transfer,ES,ES,N/A (wire/ATM),3.451305870562638e-05,0,0,
daa266b8-6ebc-4f65-aa26-8fa1fe9346f2,CUST000421,MERCH00321,2025-05-16 16:46:00,111.39,card_not_present,PL,PL,Hotels,6.962877213748992e-05,0,0,
012dd3fb-07a4-4ea1-9726-9ff04d991206,CUST004581,,2025-05-16 16:46:00,344.37,wire_transfer,IE,IE,N/A (wire/ATM),5.795440922591945e-05,0,0,
bb3cf95e-83b3-43c0-bdf5-bea2d765600d,CUST002402,MERCH00183,2025-05-16 16:48:00,352.53,card_present,NL,NL,Fuel Stations,3.947244601738204e-05,0,0,
8c71ddcd-cdac-4982-8ba5-f45593d8a90a,CUST001769,MERCH00430,2025-05-16 16:49:00,91.25,card_not_present,IT,IT,Hotels,6.962877213748992e-05,0,0,
c3212d29-95b8-4184-a8dd-a645c0b36283,CUST000841,,2025-05-16 16:49:00,459.28,wire_transfer,PL,PL,N/A (wire/ATM),4.7608821742565766e-05,0,0,
2c048c04-9923-429f-a932-0a0b365462f1,CUST000308,MERCH00109,2025-05-16 16:51:00,26.08,card_not_present,DE,DE,Utilities,5.3179958393195385e-05,0,0,
0dde5108-bd3f-4c86-954e-db0f4fd87a5c,CUST004976,MERCH00145,2025-05-16 16:52:00,12.51,online,FR,FR,Electronics,7.8094632876302e-05,0,0,
abe47908-a682-4cba-bf9a-56f0a67e5397,CUST005994,MERCH00134,2025-05-16 16:52:00,146.51,atm_withdrawal,IE,ES,Airlines,0.0005244383171421,0,0,
28163d18-31e2-4d0f-92dd-cf77b077cd8e,CUST003409,MERCH00323,2025-05-16 16:53:00,29.21,card_not_present,DE,ES,Grocery Stores,0.0006000300334268,0,0,
018398a4-86d7-4e5e-9c5f-7cbe78b1b382,CUST002702,MERCH00222,2025-05-16 16:54:00,170.42,atm_withdrawal,SE,DE,Hotels,0.0004781389508795,0,0,
324ba3bd-cdcd-485d-8cea-1a59e358f70e,CUST001882,MERCH00282,2025-05-16 16:55:00,10.24,card_present,ES,ES,Jewelry,7.993109117422968e-05,0,0,
a331c4f1-05e5-44ed-8228-b1bb7ec614c8,CUST005456,MERCH00179,2025-05-16 16:57:00,13.62,card_not_present,ES,IE,Fuel Stations,0.0005172736496558,0,0,
08a026cd-0da5-480a-b977-ce0605944420,CUST004457,MERCH00223,2025-05-16 16:58:00,278.94,card_present,NL,PL,Electronics,0.0003549341170108,0,0,
d1f6a17c-60c2-462b-984f-218317c84bf8,CUST001578,MERCH00070,2025-05-16 17:00:00,139.53,online,IT,IT,Utilities,5.9645998429748846e-05,0,0,
69931559-d31b-47b2-9405-a299f308fab9,CUST003576,,2025-05-16 17:00:00,29.31,wire_transfer,DE,DE,N/A (wire/ATM),3.451305870562638e-05,0,0,
95a4e2da-455b-4f8f-84a2-a4730d5b03d9,CUST004181,MERCH00248,2025-05-16 17:00:00,41.71,online,NL,NL,Direct Marketing / Subscriptions,4.812442096995302e-05,0,0,
f26d0f82-9459-432d-a99d-8c8803fe169a,CUST000388,MERCH00094,2025-05-16 17:03:00,33.87,online,IE,IT,Direct Marketing / Subscriptions,0.0003588602692009,0,0,
aae95ca2-5ebc-4417-8312-e9cf1d1de4cd,CUST003415,MERCH00436,2025-05-16 17:04:00,7.41,card_present,SE,FR,Grocery Stores,0.0005421778410369,0,0,
e277db6c-247e-4f40-b909-4ed29d77dc0a,CUST000006,MERCH00263,2025-05-16 17:05:00,505.98,card_present,DE,DE,Clothing Stores,9.845582933359928e-05,0,0,
9d1beadb-16b0-4057-8ceb-f981cca684e0,CUST003282,MERCH00241,2025-05-16 17:05:00,286.54,online,PL,PL,Crypto / Money Transfer,4.9038429182940645e-05,0,0,
7743ca00-5c07-4141-a48a-f40dbf6c044e,CUST004556,MERCH00379,2025-05-16 17:10:00,81.42,card_present,DE,ES,Direct Marketing / Subscriptions,0.0003588602692009,0,0,
fa0cc9da-ea39-4af8-9476-f7721ad67daf,CUST005764,MERCH00035,2025-05-16 17:10:00,223.78,card_present,SE,SE,Clothing Stores,5.580215799120999e-05,0,0,
175bb765-3eaa-49e5-90d7-1ecaef9d7f4b,CUST001305,MERCH00374,2025-05-16 17:10:00,19.64,online,DE,IT,Direct Marketing / Subscriptions,0.0004514474820676,0,0,
601ae26b-826f-490e-993a-3fbdc6463b32,CUST000128,MERCH00023,2025-05-16 17:12:00,336.31,card_not_present,DE,DE,Airlines,7.737533655219923e-05,0,0,
af91311b-a040-4c8e-9835-2a90949d7686,CUST002679,MERCH00392,2025-05-16 17:22:00,125.47,card_present,PL,PL,Jewelry,6.41539940338825e-05,0,0,
e7aadeb8-11ad-4228-aaa6-21f2b8c4f641,CUST000903,MERCH00233,2025-05-16 17:23:00,40.27,card_present,IT,IT,Fuel Stations,5.9645998429748846e-05,0,0,
458260f2-008a-4099-9e2d-d90631951559,CUST003788,MERCH00243,2025-05-16 17:26:00,485.69,atm_withdrawal,DE,DE,Jewelry,7.737533655219923e-05,0,0,
38df8d92-ecd2-49e6-af17-48079785d8d9,CUST001385,MERCH00061,2025-05-16 17:28:00,56.04,card_not_present,NL,NL,Hotels,9.983215161571884e-05,0,0,
ab7fa410-aec0-4a2f-bc77-f5b78b965e5a,CUST004916,MERCH00409,2025-05-16 17:29:00,453.62,atm_withdrawal,ES,ES,Airlines,7.737533655219923e-05,0,0,
8104aede-d14f-4fb4-976b-5d039f19a75e,CUST004743,MERCH00067,2025-05-16 17:33:00,247.75,online,FR,NL,Fuel Stations,0.0002564299768675,0,0,
b83d2ef3-967a-4e4c-8e3f-ba5828edec7b,CUST000889,,2025-05-16 17:34:00,23.71,wire_transfer,SE,SE,N/A (wire/ATM),5.049350963201199e-05,0,0,
89730e1f-6a39-493f-a62d-3fa870ba2b3c,CUST005258,MERCH00261,2025-05-16 17:35:00,36.5,card_present,PL,DE,Utilities,0.0003874430827375,0,0,
0fa66067-8168-4171-8008-0115998d5e01,CUST001458,,2025-05-16 17:35:00,112.1,wire_transfer,PL,PL,N/A (wire/ATM),3.451305870562638e-05,0,0,
bfed0eb9-254f-47df-9140-a4eca802b447,CUST001376,MERCH00436,2025-05-16 17:39:00,18.38,card_not_present,SE,FR,Grocery Stores,0.0004834272910878,0,0,
7568bcc0-456d-49e3-8c60-9fe2d02f7810,CUST003064,MERCH00258,2025-05-16 17:39:00,305.37,online,FR,FR,Fuel Stations,3.947244601738204e-05,0,0,
19571998-bdf5-4cbb-a34e-5e6cabd72994,CUST001561,MERCH00192,2025-05-16 17:40:00,180.02,card_not_present,IT,PL,Restaurants,0.0007303312852809,0,0,
30f2c328-0aa3-47ef-84da-93bdbab31213,CUST000206,MERCH00127,2025-05-16 17:40:00,169.55,card_not_present,PL,IE,Utilities,0.0003423736331584,0,0,
a341139e-79aa-475d-bc25-933a531727ab,CUST004685,MERCH00385,2025-05-16 17:42:00,181.25,card_not_present,ES,PL,Misc Retail,0.0006264233876927,0,0,
87eb205e-b15d-4580-8fb3-4fef65acde12,CUST002671,MERCH00337,2025-05-16 17:45:00,104.73,card_not_present,ES,FR,Jewelry,0.0005051328792678,0,0,
07b56ce6-c038-4910-a3d8-2b9c6db15008,CUST000709,MERCH00414,2025-05-16 17:46:00,38.97,card_not_present,DE,IT,Hotels,0.0005934669020501,0,0,
f3e49630-7883-4626-b481-9798fc291fc0,CUST003140,MERCH00356,2025-05-16 17:46:00,120.41,card_not_present,DE,DE,Misc Retail,5.0269600292323576e-05,0,0,
2743db24-0497-49c6-8c7b-6a5c0ce48f53,CUST003850,MERCH00169,2025-05-16 17:46:00,176.32,card_not_present,PL,PL,Direct Marketing / Subscriptions,6.483629147418578e-05,0,0,
22eb94eb-a02f-4c5b-a9d9-b08540ecdd91,CUST004100,MERCH00101,2025-05-16 17:46:00,30.47,card_not_present,IE,NL,Clothing Stores,0.0005117376206518,0,0,
239ceaf1-f562-4702-9205-507e20937fc1,CUST002735,MERCH00099,2025-05-16 17:49:00,14.11,card_present,FR,PL,Utilities,0.0003717805597319,0,0,
fd6c1342-eb6b-4d2f-866a-6db2e6878511,CUST003438,MERCH00132,2025-05-16 17:50:00,50.71,online,FR,FR,Restaurants,6.237810501200828e-05,0,0,
702129f3-cd5b-4f41-b56a-267b6b2325f3,CUST003746,MERCH00268,2025-05-16 17:50:00,352.4,online,IE,IT,Fuel Stations,0.0002541433402874,0,0,
f8810dd1-6439-4984-8e31-1ae0cf3d450a,CUST004653,MERCH00022,2025-05-16 17:52:00,73.8,online,ES,ES,Misc Retail,4.34982364947671e-05,0,0,
4223dfa6-4301-4f81-b207-98a8b2ac400e,CUST004244,MERCH00069,2025-05-16 17:53:00,56.57,card_present,ES,ES,Grocery Stores,4.812442096995302e-05,0,0,
8eaaf7ef-5423-4fdb-80c7-7188ca135049,CUST002857,MERCH00237,2025-05-16 17:54:00,107.11,online,PL,PL,Airlines,5.168168020254222e-05,0,0,
fc9780bf-3c59-4060-8d7d-c13be8398b7a,CUST001376,MERCH00106,2025-05-16 17:56:00,4.5,online,FR,FR,Fuel Stations,0.0008259455998081,0,0,
8787823b-2803-42c1-bd30-61acb159cd80,CUST000063,MERCH00420,2025-05-16 17:57:00,11.23,online,SE,FR,Fuel Stations,0.0003839886252206,0,0,
96f73a5b-fa3e-4ec1-a220-4fe8dca9eeca,CUST005347,,2025-05-16 17:57:00,13.27,wire_transfer,DE,DE,N/A (wire/ATM),5.215210282126032e-05,0,0,
c7509bdb-726f-4d1b-918d-19829ac239bb,CUST003966,MERCH00428,2025-05-16 17:59:00,12.79,card_not_present,FR,ES,Utilities,0.000527014197685,0,0,
3eb3505d-f514-401e-8a56-aa052ef482b1,CUST002187,,2025-05-16 17:59:00,65.38,wire_transfer,DE,DE,N/A (wire/ATM),3.451305870562638e-05,0,0,
6f2b36f2-c760-4dbd-9f4f-8e26db7c525e,CUST002688,MERCH00383,2025-05-16 18:00:00,95.45,card_present,DE,DE,Clothing Stores,4.239401198342006e-05,0,0,
0efa366e-d67e-40b4-b695-66858a9bb9b7,CUST000011,,2025-05-16 18:01:00,101.82,wire_transfer,FR,FR,N/A (wire/ATM),3.451305870562638e-05,0,0,
3dd027aa-ef6a-4d42-80c5-1a5cbecc6697,CUST003605,MERCH00258,2025-05-16 18:04:00,33.56,card_present,FR,FR,Fuel Stations,3.947244601738204e-05,0,0,
3e450d40-3edd-40d1-bb59-e2bb95301f00,CUST005314,MERCH00075,2025-05-16 18:10:00,75.82,atm_withdrawal,DE,FR,Fuel Stations,0.0003454538411998,0,0,
5d9df2b2-bbfe-427a-a1cd-e0f455ec1943,CUST002318,MERCH00210,2025-05-16 18:10:00,245.59,card_present,FR,FR,Hotels,5.168168020254222e-05,0,0,
a2f2fbda-15d3-4f3e-9aee-862c174d6fd7,CUST002999,MERCH00006,2025-05-16 18:12:00,129.05,online,DE,PL,Restaurants,0.0003880425443021,0,0,
380aa300-f927-4fe0-ba1b-e79ce64acf7d,CUST004655,MERCH00136,2025-05-16 18:21:00,56.97,card_not_present,DE,IE,Crypto / Money Transfer,0.0005244383171421,0,0,
6236370e-a8dd-43f1-a39c-cc23c80549bc,CUST002235,MERCH00296,2025-05-16 18:22:00,118.75,atm_withdrawal,PL,PL,Jewelry,6.60676807043181e-05,0,0,
17a60538-2621-491c-ae1d-948141a92712,CUST005213,MERCH00347,2025-05-16 18:22:00,67.8,card_present,IT,ES,Hotels,0.0005581034309312,0,0,
da8f6e37-eb5a-4dca-bf2f-a8e9a81322f1,CUST003196,MERCH00010,2025-05-16 18:25:00,3.67,card_present,DE,DE,Grocery Stores,0.0001114635347411,0,0,
b671f2a0-bff8-4e99-8bad-cd4d15a3bf8b,CUST005694,MERCH00090,2025-05-16 18:30:00,349.17,atm_withdrawal,PL,NL,Restaurants,0.000494756411107,0,0,
7a6134e3-0272-4262-b682-e15952086b67,CUST001142,,2025-05-16 18:31:00,20.34,wire_transfer,PL,PL,N/A (wire/ATM),5.215210282126032e-05,0,0,
23b02882-815f-4057-a085-a9a7b322d835,CUST001560,MERCH00113,2025-05-16 18:33:00,35.78,online,ES,ES,Crypto / Money Transfer,7.8094632876302e-05,0,0,
89646346-ce19-428f-bb06-89618aaee7e3,CUST005788,MERCH00313,2025-05-16 18:33:00,34.98,online,IE,IE,Electronics,5.168168020254222e-05,0,0,
27045701-c736-4a22-8be7-24fb4b03d95f,CUST001896,MERCH00097,2025-05-16 18:34:00,73.92,card_not_present,PL,PL,Utilities,0.000128915399774,0,0,
1047b606-3efd-4984-87a3-0a47e0327d6b,CUST005788,MERCH00216,2025-05-16 18:37:00,21.49,card_not_present,FR,IE,Fuel Stations,0.0177751968062798,0,0,
191fbe21-7855-4465-b731-ca6686e31ae5,CUST001410,MERCH00230,2025-05-16 18:37:00,131.69,card_present,NL,NL,Jewelry,5.168168020254222e-05,0,0,
bdfe3629-501a-494e-8a43-7eb552601ec9,CUST005374,MERCH00166,2025-05-16 18:38:00,16.28,card_present,DE,PL,Grocery Stores,0.0004051839694615,0,0,
e8b3f2e3-de48-41cc-bb83-01137f46be47,CUST004817,,2025-05-16 18:41:00,83.91,wire_transfer,IT,IT,N/A (wire/ATM),4.071015506700132e-05,0,0,
7710ed25-7b3d-4bdf-82c8-f1fa075dc933,CUST001139,MERCH00218,2025-05-16 18:42:00,18.29,online,IT,IT,Fuel Stations,4.3130564814152726e-05,0,0,
aef5d0f4-f478-450e-87a0-b685a6ce1e24,CUST005449,MERCH00154,2025-05-16 18:47:00,19.0,atm_withdrawal,NL,NL,Utilities,0.0001093822184817,0,0,
0ed6fc5d-acc0-46bc-957b-a7ae31a2d7e3,CUST000090,MERCH00020,2025-05-16 18:49:00,556.26,card_present,IE,DE,Electronics,0.0008170462632723,0,0,
d80ac9d8-ac43-4e79-a322-4fccb1973de8,CUST001263,MERCH00432,2025-05-16 18:49:00,105.21,card_not_present,FR,FR,Grocery Stores,6.483629147418578e-05,0,0,
b0638560-d469-432a-9711-574b1a78df5d,CUST002804,MERCH00140,2025-05-16 18:50:00,88.57,card_present,SE,SE,Airlines,7.410059585027263e-05,0,0,
760f8252-982d-4074-bdb3-81469cc4bae9,CUST000772,MERCH00419,2025-05-16 18:51:00,146.52,card_not_present,ES,NL,Crypto / Money Transfer,0.0007922715391075,0,0,
f7d2e4d3-4abd-4942-b845-0e186000569d,CUST001950,MERCH00002,2025-05-16 18:51:00,54.72,card_not_present,IT,ES,Jewelry,0.0006185510052821,0,0,
c16a03e8-7a60-4417-bf5f-abcf99cdd8c7,CUST001137,MERCH00007,2025-05-16 18:53:00,33.08,online,NL,IT,Grocery Stores,0.0003588602692009,0,0,
d5ddd57c-2ced-4b5d-bf45-10d57ab312fb,CUST000573,MERCH00020,2025-05-16 18:55:00,274.2,card_not_present,ES,ES,Electronics,7.737533655219923e-05,0,0,
ae7f832c-995f-41a4-bb0c-1f67e9ffee76,CUST005175,MERCH00416,2025-05-16 18:55:00,42.48,online,PL,SE,Grocery Stores,0.0005275448345747,0,0,
9b46843f-2540-4d48-a233-49752c42bd9b,CUST000846,MERCH00396,2025-05-16 18:55:00,67.27,online,IT,IT,Direct Marketing / Subscriptions,7.271949762886276e-05,0,0,
754f1ea0-0069-490b-96d1-f5b81a4d7f36,CUST004114,MERCH00073,2025-05-16 18:57:00,288.72,card_not_present,FR,FR,Crypto / Money Transfer,8.213065847050307e-05,0,0,
7b1a354a-c08b-4a84-8ff6-a4f47f5057ac,CUST002080,MERCH00296,2025-05-16 18:58:00,18.42,card_present,NL,PL,Jewelry,0.0005362471576831,0,0,
07c7832e-6279-4ddb-97ed-8dab0280038a,CUST001419,MERCH00052,2025-05-16 19:01:00,16.73,card_present,IT,IT,Airlines,5.168168020254222e-05,0,0,
0bdf845d-d75f-403c-9c20-127f87ac6ea1,CUST003028,MERCH00362,2025-05-16 19:02:00,80.55,card_not_present,DE,ES,Grocery Stores,0.0005701845745841,0,0,
09e4e3c4-6151-40a5-acfc-88cbd9de7872,CUST005620,MERCH00140,2025-05-16 19:03:00,38.91,card_present,ES,ES,Airlines,5.168168020254222e-05,0,0,
f7822df0-20a9-4aeb-9ec0-64641816ef1e,CUST002069,MERCH00309,2025-05-16 19:07:00,21.88,card_present,DE,DE,Fuel Stations,2.533982077832714e-05,0,0,
4143202e-6be8-4ff6-a224-bff491d4a65d,CUST002783,MERCH00359,2025-05-16 19:08:00,182.69,card_not_present,FR,PL,Utilities,0.0008568472986021,0,0,
2a8c18d9-70fd-4113-926b-9599a388bc1e,CUST005720,MERCH00111,2025-05-16 19:12:00,10.49,card_present,FR,FR,Utilities,5.9645998429748846e-05,0,0,
fadbe728-bcc0-4237-bac3-7a58160665eb,CUST001793,MERCH00378,2025-05-16 19:14:00,65.73,online,ES,ES,Grocery Stores,7.271949762886276e-05,0,0,
b4ea5a5f-a226-4b1b-8ede-ff89f8e2c543,CUST003123,MERCH00145,2025-05-16 19:20:00,42.28,online,FR,FR,Electronics,4.9038429182940645e-05,0,0,
0904c2eb-4eb0-4366-9ea3-189fdbb398b6,CUST004396,,2025-05-16 19:25:00,43.87,wire_transfer,PL,PL,N/A (wire/ATM),7.098895000867017e-05,0,0,
83a9cd20-3d7e-4f0f-a980-4f407c190ee8,CUST001445,MERCH00019,2025-05-16 19:26:00,579.78,atm_withdrawal,IT,SE,Utilities,0.0026548733300475,0,0,
4cc18f15-47f6-461f-a2bf-7494562e2b1a,CUST004227,MERCH00198,2025-05-16 19:40:00,48.22,online,SE,SE,Direct Marketing / Subscriptions,4.812442096995302e-05,0,0,
8016f5a4-2593-4574-86d8-b085bfd3d6d3,CUST001615,MERCH00136,2025-05-16 19:43:00,107.26,atm_withdrawal,IT,IT,Crypto / Money Transfer,6.962877213748992e-05,0,0,
c5d13b5f-6ba6-4958-a6fe-bce0add54c0f,CUST004500,MERCH00239,2025-05-16 19:45:00,13.65,online,FR,FR,Clothing Stores,4.689478247181653e-05,0,0,
9fa9d52e-97f0-4bb4-8185-c6376039d542,CUST000588,MERCH00254,2025-05-16 19:47:00,84.14,card_not_present,NL,NL,Crypto / Money Transfer,6.962877213748992e-05,0,0,
d7e23617-402a-4188-a4a0-c1648c9f8d62,CUST003768,MERCH00414,2025-05-16 19:47:00,22.27,card_not_present,FR,FR,Hotels,8.643187424878454e-05,0,0,
de6815f0-5a3c-4e5e-8ce0-5e76419d78b2,CUST002520,MERCH00112,2025-05-16 19:48:00,46.5,card_not_present,NL,FR,Grocery Stores,0.0004211457053096,0,0,
a68829e8-209e-4013-b6ff-35f6a7ed1274,CUST003453,MERCH00136,2025-05-16 19:50:00,424.97,online,DE,DE,Crypto / Money Transfer,5.168168020254222e-05,0,0,
f567634a-fc3e-4dcd-9e98-15a3809358c9,CUST003093,MERCH00021,2025-05-16 19:51:00,18.27,card_not_present,IT,IT,Fuel Stations,8.035857446094911e-05,0,0,
18b5940d-d8b1-4699-a834-6edece63fbc2,CUST004695,,2025-05-16 19:53:00,17.25,wire_transfer,NL,NL,N/A (wire/ATM),5.215210282126032e-05,0,0,
79747ad3-3237-4834-a361-d3fb5c88a7eb,CUST001421,MERCH00336,2025-05-16 19:56:00,50.95,card_present,ES,ES,Restaurants,4.812442096995302e-05,0,0,
da06b67c-6af3-4af6-a7b5-adff716dd081,CUST003684,MERCH00054,2025-05-16 20:07:00,78.69,card_not_present,ES,ES,Hotels,6.962877213748992e-05,0,0,
b7f631d0-aefa-4fe5-b9ef-c9732d1db208,CUST004304,MERCH00047,2025-05-16 20:19:00,21.99,atm_withdrawal,FR,FR,Misc Retail,8.855396745052996e-05,0,0,
3183d788-ef18-4017-9e2e-0aa4e1a6fe9b,CUST002427,MERCH00065,2025-05-16 20:21:00,42.81,card_present,DE,DE,Restaurants,7.271949762886276e-05,0,0,
c9a5e325-2299-44e5-844b-2ea289995d40,CUST004622,MERCH00069,2025-05-16 20:22:00,468.89,card_present,DE,DE,Grocery Stores,4.812442096995302e-05,0,0,
360079c8-ed12-46c0-b5c0-511604e391b3,CUST005259,MERCH00404,2025-05-16 20:23:00,65.68,card_present,ES,SE,Clothing Stores,0.0005283311961871,0,0,
0521cceb-e172-4498-bb96-5875d797ec64,CUST002405,MERCH00205,2025-05-16 20:26:00,231.6,card_present,IT,DE,Misc Retail,0.0004370212979085,0,0,
8041f71d-d0d1-4ead-80dd-6c34d7611d5f,CUST004086,MERCH00060,2025-05-16 20:28:00,76.49,atm_withdrawal,IT,DE,Crypto / Money Transfer,0.0007223439483165,0,0,
628beea9-646b-499d-a5ea-be3eede5955d,CUST004797,MERCH00413,2025-05-16 20:28:00,60.13,atm_withdrawal,ES,DE,Jewelry,0.0004976280386113,0,0,
93f8cc54-9066-4e9f-801f-5548a06a64f1,CUST004721,MERCH00153,2025-05-16 20:31:00,59.31,online,NL,NL,Electronics,5.168168020254222e-05,0,0,
da64a5f2-3d55-4e07-9c25-bdf020bbdf09,CUST002672,MERCH00044,2025-05-16 20:31:00,232.9,card_not_present,SE,ES,Fuel Stations,0.0003804529419162,0,0,
1ab505aa-a7a5-47c9-aa4b-0ce6295b8cdd,CUST001629,MERCH00448,2025-05-16 20:37:00,9.18,card_present,IE,IT,Clothing Stores,0.0005283311961871,0,0,
a8327185-0d3d-41a7-8ebf-647b40200a2a,CUST003202,MERCH00368,2025-05-16 20:47:00,30.46,atm_withdrawal,PL,ES,Grocery Stores,0.0004834272910878,0,0,
6716cd3d-f0a9-4c16-816a-1cca1af25b9e,CUST005318,,2025-05-16 20:47:00,55.55,wire_transfer,FR,FR,N/A (wire/ATM),3.451305870562638e-05,0,0,
5b7e1a0a-6ca3-496d-b265-dbad09d49a66,CUST005083,MERCH00168,2025-05-16 20:49:00,25.31,card_not_present,FR,IT,Fuel Stations,0.0005342455409357,0,0,
233880d1-f7f5-4fae-8a66-9b15eec39972,CUST004954,MERCH00172,2025-05-16 20:55:00,85.05,card_present,IT,ES,Grocery Stores,0.0003588602692009,0,0,
11de0cd7-b4ec-43e3-b68f-6dc4abd42703,CUST005122,MERCH00035,2025-05-16 20:56:00,18.37,card_present,NL,NL,Clothing Stores,6.078428938976276e-05,0,0,
b27d53e2-4373-4272-bac3-e50eb9f5de3f,CUST002501,MERCH00301,2025-05-16 20:59:00,17.92,online,FR,ES,Fuel Stations,0.000391220325156,0,0,
2c2f7418-56e5-4389-b761-e78e1cfc2145,CUST000051,MERCH00373,2025-05-16 21:01:00,469.07,online,FR,SE,Clothing Stores,0.0003318137518077,0,0,
fbfaf139-4fa1-466d-98de-95b8883d6d09,CUST003343,MERCH00126,2025-05-16 21:04:00,97.48,card_present,PL,DE,Crypto / Money Transfer,0.0003185579654809,0,0,
b13f9783-6e1f-4710-8737-d3aac0402ea1,CUST000220,MERCH00071,2025-05-16 21:09:00,175.87,card_present,FR,IE,Jewelry,0.0003549341170108,0,0,
cceb4a7d-a936-420f-ab63-16cfd4916df5,CUST003221,MERCH00429,2025-05-16 21:17:00,186.01,card_not_present,ES,ES,Utilities,8.035857446094911e-05,0,0,
7063c018-9dc7-4ba0-aba9-7b12b07c66c7,CUST000273,MERCH00320,2025-05-16 21:20:00,33.13,online,IE,IE,Utilities,0.0003163575845141,0,0,
e37bd951-8413-47c5-91e6-c625c4e68ab2,CUST004247,MERCH00399,2025-05-16 21:21:00,511.23,online,DE,PL,Restaurants,0.001404412664333,0,0,
b3fb7d2a-2f04-46e0-8213-1dc8c7acf19e,CUST001561,MERCH00054,2025-05-16 21:25:00,925.02,online,FR,PL,Hotels,0.0033418498550291,0,0,
2ffd5217-8844-4b88-8381-84a4399fd42f,CUST005655,MERCH00048,2025-05-16 21:48:00,28.24,online,FR,DE,Clothing Stores,0.0004602671512403,0,0,
7ada7c1c-28c9-4257-b3c0-694448fe68d2,CUST000126,MERCH00164,2025-05-16 21:54:00,79.26,online,IT,DE,Misc Retail,0.0002562706650776,0,0,
f2c5944a-de9e-497d-9aac-2cf409223a71,CUST000753,MERCH00393,2025-05-16 21:55:00,100.11,atm_withdrawal,SE,SE,Misc Retail,5.0269600292323576e-05,0,0,
8f33a58a-601b-4268-a311-a12169294a72,CUST003487,MERCH00329,2025-05-16 21:56:00,78.43,online,NL,NL,Jewelry,5.168168020254222e-05,0,0,
efed5082-01d8-4cc6-b2cc-58bce68d34fb,CUST004452,MERCH00150,2025-05-16 21:58:00,26.76,card_not_present,NL,NL,Airlines,0.0001052129787404,0,0,
abb35b2a-1a41-4c7e-925e-5a04c8c1927d,CUST000054,MERCH00376,2025-05-16 22:01:00,10.61,card_present,IT,IT,Utilities,3.5086780181829286e-05,0,0,
e8c52167-0f8f-4406-9d88-dea2e2db09b6,CUST001756,MERCH00187,2025-05-16 22:28:00,11.22,online,IT,IE,Direct Marketing / Subscriptions,0.0003588602692009,0,0,
6aaba3c9-e674-4b06-9a65-447cad7aaa26,CUST000676,MERCH00000,2025-05-16 22:28:00,104.87,online,PL,ES,Direct Marketing / Subscriptions,0.0003588602692009,0,0,
51bdfe1f-0468-413c-b8e9-a75e53a654c9,CUST005972,MERCH00442,2025-05-16 22:31:00,29.57,card_not_present,ES,ES,Electronics,8.213065847050307e-05,0,0,
89c29184-edda-4761-bd5d-5266f3ad2b74,CUST005000,MERCH00178,2025-05-16 22:40:00,23.65,card_present,FR,FR,Clothing Stores,4.689478247181653e-05,0,0,
2d4edf1f-fb11-45d3-ac6f-50be074dd681,CUST003470,MERCH00163,2025-05-16 22:53:00,36.99,online,IT,IT,Fuel Stations,5.116368452990701e-05,0,0,
b4ce02f1-c1f4-4cfe-8fc6-1aea85d39934,CUST004323,MERCH00172,2025-05-16 23:11:00,26.71,card_not_present,DE,DE,Grocery Stores,9.79715117179777e-05,0,0,
81ab2265-4a93-4d02-8589-2188c23d676b,CUST003472,,2025-05-16 23:15:00,334.29,wire_transfer,FR,FR,N/A (wire/ATM),3.835296651872995e-05,0,0,
dc1a8a7f-18a8-48e0-9ba4-ea5fcb08bd0f,CUST002883,MERCH00136,2025-05-16 23:16:00,315.64,card_not_present,DE,DE,Crypto / Money Transfer,7.737533655219923e-05,0,0,
fb3c1f65-3b80-4450-a570-b2d731091f2b,CUST002848,MERCH00049,2025-05-16 23:22:00,189.82,atm_withdrawal,DE,DE,Utilities,8.035857446094911e-05,0,0,
969797ed-82de-42ad-9d78-2000e551cb75,CUST001550,MERCH00136,2025-05-16 23:30:00,324.37,atm_withdrawal,FR,FR,Crypto / Money Transfer,7.737533655219923e-05,0,0,
a7954b88-b028-42d7-bc08-50fd3b190eb8,CUST000443,MERCH00444,2025-05-16 23:31:00,36.42,card_present,IT,IT,Airlines,4.9038429182940645e-05,0,0,
6f3a4b86-0c91-4e66-9e4c-937f4756a27a,CUST005202,MERCH00402,2025-05-16 23:32:00,18.43,card_not_present,FR,FR,Utilities,8.035857446094911e-05,0,0,
74e7776b-5149-4eef-8771-5f0a54096318,CUST000821,MERCH00283,2025-05-16 23:36:00,8.4,card_present,IT,IT,Direct Marketing / Subscriptions,6.237810501200828e-05,0,0,
f2231ad1-467c-44e9-ada6-cc290164836c,CUST003731,MERCH00172,2025-05-16 23:36:00,22.92,card_not_present,NL,NL,Grocery Stores,8.403934836065801e-05,0,0,
fbf55b80-5efb-4e70-bf37-f766af7c0f81,CUST002319,MERCH00385,2025-05-16 23:38:00,8.54,card_present,ES,SE,Misc Retail,0.0004650270206735,0,0,
08c0adec-4c8e-42c4-afa2-e0c459b1e0a9,CUST005052,MERCH00090,2025-05-16 23:43:00,25.57,online,PL,PL,Restaurants,4.128053386546797e-05,0,0,
1668c86b-2b23-4697-8bf7-e2012b825166,CUST003518,,2025-05-16 23:45:00,169.99,wire_transfer,PL,PL,N/A (wire/ATM),4.071015506700132e-05,0,0,
283229f6-3805-4a7d-805d-95cdd4cca1b8,CUST005407,MERCH00038,2025-05-16 23:58:00,77.96,card_not_present,ES,ES,Electronics,8.643187424878454e-05,0,0,
40658d61-ea20-48d2-b51e-56ae9c7c1daf,CUST002415,MERCH00286,2025-05-17 01:20:00,9.31,card_present,DE,ES,Fuel Stations,0.0003643557830765,0,0,
d903bdfd-4ef1-43e7-abda-874f4397f6c0,CUST004766,MERCH00380,2025-05-17 01:36:00,7.33,card_present,IE,IT,Utilities,0.0003717805597319,0,0,
28bc2e37-e81d-4ac0-839f-49f56f2cd5bc,CUST003864,MERCH00409,2025-05-17 01:47:00,175.37,card_present,NL,DE,Airlines,0.0001590943668464,0,0,
e44a1920-3c98-457d-8f39-2c308b0cd750,CUST005149,MERCH00266,2025-05-17 01:50:00,723.49,atm_withdrawal,ES,ES,Electronics,0.000872706816964,0,0,
97340309-342f-4c20-bb9f-3dd0d30a6fcd,CUST003009,MERCH00039,2025-05-17 02:16:00,47.37,card_present,FR,IE,Direct Marketing / Subscriptions,0.0003305108377448,0,0,
73b074c8-e6fd-48f2-8c71-240545f3b2c2,CUST004130,MERCH00319,2025-05-17 02:55:00,6.23,card_not_present,ES,ES,Utilities,7.780300072496777e-05,0,0,
4bf8f04c-0a1d-422b-a73b-3ad7fc38ec2c,CUST001889,MERCH00377,2025-05-17 03:02:00,51.32,card_present,FR,DE,Airlines,0.0003185579654809,0,0,
36e361e5-4c4b-4c41-8fff-f5c0a13a8259,CUST000201,MERCH00404,2025-05-17 03:20:00,35.53,card_not_present,SE,SE,Clothing Stores,8.630607936909761e-05,0,0,
49d1e175-e20c-4085-84bf-f3331fe5f226,CUST003252,MERCH00425,2025-05-17 03:31:00,26.39,card_present,PL,PL,Utilities,3.947244601738204e-05,0,0,
f08287b5-5e41-4cbd-a5c0-ccfee0f8d099,CUST000894,MERCH00040,2025-05-17 03:38:00,50.24,card_present,SE,NL,Grocery Stores,0.0005144611512959,0,0,
5f984455-0454-4bc8-9675-9e4b197975bf,CUST004355,MERCH00257,2025-05-17 03:45:00,5.1,card_not_present,DE,DE,Utilities,5.551503391844288e-05,0,0,
8d13a08b-8367-4709-856a-7fa3b21a1ebf,CUST005379,MERCH00288,2025-05-17 03:52:00,15.74,online,IT,FR,Crypto / Money Transfer,0.0003549341170108,0,0,
e73f0555-5c48-4c5a-a6be-1567d1615beb,CUST002304,MERCH00303,2025-05-17 04:03:00,62.48,card_not_present,IT,ES,Misc Retail,0.0004146330880093,0,0,
d9c4628d-909b-4c26-959a-00c52e9c119c,CUST000154,,2025-05-17 04:10:00,11.38,wire_transfer,IT,IT,N/A (wire/ATM),6.225039513445457e-05,0,0,
e6029846-1192-4ae8-b1da-a68bb1f29a73,CUST003427,MERCH00011,2025-05-17 04:10:00,213.99,card_present,FR,FR,Airlines,5.168168020254222e-05,0,0,
ac038f59-ea74-49a1-88a3-9ee30d0e8afd,CUST001007,MERCH00171,2025-05-17 04:27:00,115.56,atm_withdrawal,FR,FR,Electronics,6.962877213748992e-05,0,0,
0f1b522d-2f30-4747-8ecf-ba9ccf544233,CUST000871,MERCH00148,2025-05-17 04:33:00,38.57,card_present,FR,FR,Misc Retail,5.399575062331991e-05,0,0,
1d23ff05-d026-49e0-8fea-b4100ac21fca,CUST002873,MERCH00094,2025-05-17 04:34:00,181.24,card_not_present,SE,SE,Direct Marketing / Subscriptions,6.483629147418578e-05,0,0,
98a76ad1-83a3-465e-a1b3-ba3469b1594e,CUST001181,MERCH00152,2025-05-17 04:39:00,49.21,online,IE,IE,Misc Retail,3.932343985509571e-05,0,0,
ab7c59be-e6ba-4025-b22d-75dfa974c008,CUST003798,MERCH00356,2025-05-17 04:56:00,37.89,atm_withdrawal,ES,DE,Misc Retail,0.0006601680794667,0,0,
67261218-219d-43c5-a7b7-0d659357a59d,CUST003902,,2025-05-17 05:01:00,71.49,wire_transfer,NL,NL,N/A (wire/ATM),4.119601634239698e-05,0,0,
9c913023-936b-47f7-b673-502023a3757e,CUST002714,MERCH00025,2025-05-17 05:01:00,54.26,card_present,ES,FR,Jewelry,0.0003749749729195,0,0,
e73f3652-4347-45b6-81a9-95d04d8fee11,CUST001639,,2025-05-17 05:04:00,37.27,wire_transfer,ES,ES,N/A (wire/ATM),4.119601634239698e-05,0,0,
dcb5934c-9adc-4ad7-9d56-4a8f7ce07bb1,CUST004317,MERCH00331,2025-05-17 05:07:00,146.86,card_present,ES,ES,Misc Retail,6.363879551002014e-05,0,0,
99ac038c-e770-4f71-b7a0-e5f13b2ce6b7,CUST001243,MERCH00427,2025-05-17 05:15:00,60.01,card_not_present,IT,IT,Grocery Stores,6.483629147418578e-05,0,0,
402c7c9a-6cc2-46c7-bf8c-8ed56050fe06,CUST000734,MERCH00075,2025-05-17 05:16:00,6.87,card_not_present,DE,DE,Fuel Stations,7.780300072496777e-05,0,0,
3e068fd7-a436-4266-903f-ed7d27f36ff9,CUST003545,MERCH00007,2025-05-17 05:16:00,630.84,card_not_present,NL,IT,Grocery Stores,0.0039461583513375,0,0,
6e3b9b59-f4df-49f6-bff6-7d4f2681a9b0,CUST004736,MERCH00132,2025-05-17 05:18:00,408.77,card_present,ES,PL,Restaurants,0.0004226578413913,0,0,
c0e5c37d-2258-47de-829d-36a8268dd252,CUST001915,MERCH00095,2025-05-17 05:20:00,54.22,card_present,DE,IT,Hotels,0.0005362471576831,0,0,
4c62ea59-39a8-41cc-9da0-6dec0ad01bea,CUST002182,MERCH00078,2025-05-17 05:34:00,43.97,card_present,ES,SE,Fuel Stations,0.0003839886252206,0,0,
c88575e7-0581-443f-8cb5-66d4e5b8035d,CUST004278,MERCH00242,2025-05-17 05:44:00,90.99,online,SE,SE,Electronics,5.168168020254222e-05,0,0,
0e17935b-84ef-4c63-a5a5-85b1526386b0,CUST004636,MERCH00342,2025-05-17 05:57:00,94.95,card_not_present,SE,DE,Grocery Stores,0.0005251496051523,0,0,
a8f67632-3485-4336-bc07-fd0270863c88,CUST005775,MERCH00183,2025-05-17 05:59:00,205.57,card_not_present,PL,DE,Fuel Stations,0.0005799644134727,0,0,
3e4d6afa-8869-45a2-87cd-dc574c9637aa,CUST004633,MERCH00148,2025-05-17 05:59:00,139.01,online,NL,NL,Misc Retail,6.572915208119079e-05,0,0,
cc1bdcdf-091c-4eed-9c56-0d1737936e5c,CUST002538,MERCH00123,2025-05-17 06:12:00,28.69,online,ES,PL,Grocery Stores,0.0003588602692009,0,0,
fe58c315-e09e-470f-9c37-ec6e29e80a12,CUST000617,MERCH00447,2025-05-17 06:13:00,139.68,card_present,ES,SE,Jewelry,0.0003893079040574,0,0,
bb9e8b08-c9ce-4771-a063-7feba3e19058,CUST005961,MERCH00185,2025-05-17 06:24:00,119.13,card_not_present,ES,DE,Jewelry,0.0005244383171421,0,0,
79c06c97-09ef-4511-9ce2-34cad5b7435e,CUST002499,MERCH00162,2025-05-17 06:26:00,237.13,card_not_present,FR,DE,Misc Retail,0.0004230121756861,0,0,
d7a3e5bd-629b-4d79-91f7-6c73c9560cab,CUST005069,MERCH00089,2025-05-17 06:28:00,30.32,card_present,FR,DE,Direct Marketing / Subscriptions,0.0004723307984616,0,0,
b84f5ad7-2be6-494d-9ef5-4f4f4fe89f27,CUST005900,MERCH00026,2025-05-17 06:33:00,39.26,card_present,IT,IT,Grocery Stores,4.350563991435366e-05,0,0,
5b9e67d3-30d5-41e1-9b36-b5ceaa844ef9,CUST005175,MERCH00182,2025-05-17 06:36:00,75.37,card_not_present,ES,SE,Restaurants,0.0005701845745841,0,0,
fe3f3a5e-6057-4a38-8a4d-982a9b06dc09,CUST000395,MERCH00424,2025-05-17 06:38:00,190.72,card_present,SE,SE,Grocery Stores,5.97383145101478e-05,0,0,
73274893-7884-4b8d-be5a-198c9ad8251d,CUST004593,MERCH00355,2025-05-17 06:44:00,13.71,card_not_present,SE,SE,Restaurants,9.79715117179777e-05,0,0,
a8f8da7b-7044-42e3-9db5-982efdc1ce67,CUST002880,MERCH00017,2025-05-17 06:53:00,354.08,card_not_present,DE,FR,Airlines,0.0005025587441476,0,0,
0dfce34e-f845-44a0-a16f-dd7df223b515,CUST004803,MERCH00165,2025-05-17 06:57:00,144.73,online,FR,IT,Clothing Stores,0.0002911650949063,0,0,
ee17f113-19a4-4ea7-b3f2-59b043d28386,CUST001573,MERCH00254,2025-05-17 07:08:00,67.31,atm_withdrawal,FR,IE,Crypto / Money Transfer,0.0004781389508795,0,0,
367fb5d4-f605-4a8a-aaf5-3068aa38473d,CUST004088,MERCH00445,2025-05-17 07:11:00,108.56,online,PL,PL,Misc Retail,4.34982364947671e-05,0,0,
382bd811-bedc-4dab-8dfb-609600a6dbda,CUST005229,MERCH00136,2025-05-17 07:15:00,1107.07,card_not_present,DE,FR,Crypto / Money Transfer,0.0094522390166083,0,0,
1894f22d-5614-43a1-81b9-f7d56f93861c,CUST000610,MERCH00441,2025-05-17 07:16:00,64.79,atm_withdrawal,DE,DE,Grocery Stores,9.79715117179777e-05,0,0,
40be6486-ca8f-485a-adb2-d3d69da2b938,CUST001198,MERCH00001,2025-05-17 07:20:00,32.11,atm_withdrawal,FR,DE,Electronics,0.0004291413197054,0,0,
73d0c179-5d38-4748-8058-a6237a9db4e0,CUST001103,MERCH00406,2025-05-17 07:26:00,1035.3,online,DE,DE,Crypto / Money Transfer,0.0003776914011584,0,0,
e85eebd2-67e0-487b-8717-94e0e1eeef0a,CUST005378,MERCH00448,2025-05-17 07:29:00,31.86,online,IE,IE,Clothing Stores,7.086146902556566e-05,0,0,
8aca3f99-70a3-4848-b687-5e23ccac227c,CUST005471,MERCH00152,2025-05-17 07:31:00,7.08,card_not_present,FR,DE,Misc Retail,0.0004725052919789,0,0,
20f46099-8714-4ab6-92e6-981121cc3555,CUST002270,MERCH00047,2025-05-17 07:33:00,346.51,card_present,IE,ES,Misc Retail,0.0004900817433714,0,0,
2abbf5a4-01b6-41ef-ba73-f0a31af9134e,CUST002975,MERCH00417,2025-05-17 07:35:00,57.83,card_not_present,DE,PL,Direct Marketing / Subscriptions,0.000522733975367,0,0,
c0e38088-0535-426c-abd3-22d8642288bc,CUST001082,MERCH00281,2025-05-17 07:35:00,92.15,card_not_present,DE,SE,Restaurants,0.000577047208899,0,0,
8e6b076e-28cf-47c7-bce5-872055c8359e,CUST000630,MERCH00290,2025-05-17 07:36:00,160.19,online,PL,PL,Fuel Stations,5.9645998429748846e-05,0,0,
cac6d45a-f984-4e83-b8a3-a72e07963a9f,CUST005400,MERCH00155,2025-05-17 07:41:00,13.36,card_not_present,DE,DE,Hotels,6.962877213748992e-05,0,0,
6da58c81-35d3-4afc-aac4-357a1c606bcd,CUST003679,MERCH00243,2025-05-17 07:41:00,670.45,card_present,SE,NL,Jewelry,0.0008170462632723,0,0,
1f03fe35-6311-4bd3-acff-502b115d5ee4,CUST004601,MERCH00310,2025-05-17 07:42:00,530.93,card_not_present,PL,PL,Clothing Stores,0.0005172858705138,0,0,
516d4a58-4fc1-4021-80d4-6077bf61de24,CUST000162,MERCH00036,2025-05-17 07:43:00,48.71,atm_withdrawal,FR,DE,Fuel Stations,0.0005219265464563,0,0,
a47093d9-54c6-4380-9806-48e6af50229c,CUST005110,MERCH00387,2025-05-17 07:45:00,361.75,card_not_present,FR,FR,Jewelry,7.341808419505611e-05,0,0,
b10fc175-f07d-4a3e-b90b-deb1db32ac4b,CUST005562,MERCH00433,2025-05-17 07:48:00,152.44,online,IE,DE,Electronics,0.0003893079040574,0,0,
45e80a11-438a-4a1a-a030-46a313878227,CUST001996,MERCH00286,2025-05-17 07:50:00,86.77,atm_withdrawal,DE,PL,Fuel Stations,0.0005219265464563,0,0,
602039ec-a960-4206-8e4f-3ec73f68b6b0,CUST004410,MERCH00226,2025-05-17 07:52:00,426.1,card_present,NL,NL,Airlines,6.41539940338825e-05,0,0,
f71ade7d-b882-4456-ac0d-623a71f74fec,CUST003236,MERCH00037,2025-05-17 07:54:00,4.56,online,ES,IT,Misc Retail,0.0037708740079899,0,0,
955da57c-6baa-4b2b-8283-4cc4b899c446,CUST003697,,2025-05-17 07:55:00,96.39,wire_transfer,ES,ES,N/A (wire/ATM),4.284225528282033e-05,0,0,
0aecc094-4fa5-4ab0-9d66-a7ad7e35c6ab,CUST003756,MERCH00074,2025-05-17 08:05:00,1116.85,card_present,NL,IT,Electronics,0.0005559016766728,0,0,
7d70b649-1ae3-4734-bb8e-a65b12681f63,CUST004381,MERCH00261,2025-05-17 08:20:00,136.26,online,PL,ES,Utilities,0.0003839886252206,0,0,
2fd9fb92-2b0e-4f18-834b-d9d4977d6b60,CUST002518,MERCH00051,2025-05-17 08:24:00,240.68,card_not_present,PL,PL,Hotels,7.341808419505611e-05,0,0,
a08464fd-a039-45ef-896e-958f40280925,CUST005467,MERCH00378,2025-05-17 08:30:00,7.79,online,ES,IE,Grocery Stores,0.0004454308150197,0,0,
43b4b1bb-918c-4f74-9c9c-ef3c5ec53cc1,CUST005835,MERCH00339,2025-05-17 08:30:00,29.29,card_present,DE,DE,Restaurants,7.271949762886276e-05,0,0,
de7505ea-0ddf-453c-a691-161d15572af6,CUST002664,MERCH00437,2025-05-17 08:36:00,41.15,card_not_present,IT,SE,Hotels,0.0005244383171421,0,0,
ffcb1385-3491-480c-8d0c-2d3b56a4e8f2,CUST004964,MERCH00252,2025-05-17 08:39:00,431.4,online,DE,NL,Clothing Stores,0.0002181277989505,0,0,
ed232b0c-1b83-40a0-9eae-482ae994b95e,CUST005040,MERCH00351,2025-05-17 08:48:00,11.0,card_not_present,PL,DE,Airlines,0.0004522634676829,0,0,
bb25f96c-dae1-4ae5-a320-7e0253b336ac,CUST000001,MERCH00230,2025-05-17 08:51:00,79.05,online,IT,IT,Jewelry,5.168168020254222e-05,0,0,
a6f439f2-7d24-4f30-867c-a543f1e8fd26,CUST000353,MERCH00303,2025-05-17 08:52:00,109.78,card_not_present,IT,IT,Misc Retail,5.0269600292323576e-05,0,0,
674479f9-8354-40c0-89da-e6c5824fcd9d,CUST003224,MERCH00364,2025-05-17 08:55:00,32.67,card_present,SE,FR,Utilities,0.0002411477181994,0,0,
f0ffd8d2-3365-4a3c-9d44-c67599e6055d,CUST002722,MERCH00355,2025-05-17 08:56:00,138.27,online,IT,NL,Restaurants,0.0003588602692009,0,0,
23bfce6f-df02-4e33-8d52-2f843a9069ad,CUST000647,MERCH00227,2025-05-17 09:00:00,643.88,card_not_present,IT,IT,Grocery Stores,0.0006588751162985,0,0,
bb4564f5-1aed-4751-af31-6a1637cf6613,CUST003145,MERCH00135,2025-05-17 09:00:00,31.41,card_present,DE,DE,Grocery Stores,6.574033896394302e-05,0,0,
96c96935-0ffa-4700-881f-22953643f01c,CUST000387,MERCH00080,2025-05-17 09:06:00,257.95,card_present,ES,PL,Electronics,0.0003893079040574,0,0,
e4c989ef-4908-4b85-acf5-9929bc1a26ef,CUST005783,MERCH00205,2025-05-17 09:06:00,80.98,online,IT,ES,Misc Retail,0.0004650270206735,0,0,
71cb0fe6-a7fc-49e0-9b14-99bec359e07f,CUST003198,MERCH00063,2025-05-17 09:07:00,78.43,atm_withdrawal,IE,NL,Clothing Stores,0.0006711561454622,0,0,
8996084f-2705-4302-b544-6fb7af7e4a59,CUST002616,MERCH00190,2025-05-17 09:07:00,39.58,card_not_present,PL,ES,Misc Retail,0.0004369738737316,0,0,
eaaef55d-4cce-40fd-a151-f3e5c52a89af,CUST000002,MERCH00003,2025-05-17 09:10:00,333.56,card_present,PL,PL,Restaurants,4.350563991435366e-05,0,0,
17ed0543-a963-4476-8b87-64eb30787a85,CUST004833,MERCH00096,2025-05-17 09:10:00,202.78,online,SE,ES,Electronics,0.0003694031945654,0,0,
04bf7f4d-f740-4e79-a0d3-bec996679ea1,CUST005645,,2025-05-17 09:11:00,184.91,wire_transfer,PL,PL,N/A (wire/ATM),5.215210282126032e-05,0,0,
d8c3289d-e1aa-4f6e-8043-f62fa83a7811,CUST002222,MERCH00165,2025-05-17 09:12:00,20.0,card_present,IT,IT,Clothing Stores,7.924613125315669e-05,0,0,
be5e1e10-236d-4d72-803c-21d3df1151b6,CUST001128,,2025-05-17 09:13:00,207.96,wire_transfer,IT,IT,N/A (wire/ATM),3.835296651872995e-05,0,0,
302048a8-5716-4668-aa71-92f21832aa80,CUST002129,MERCH00242,2025-05-17 09:13:00,111.81,card_present,DE,DE,Electronics,5.168168020254222e-05,0,0,
2f9ea2e2-7c7e-44f6-8831-c6ecae0aedcc,CUST005990,MERCH00403,2025-05-17 09:14:00,120.66,card_present,PL,PL,Electronics,5.168168020254222e-05,0,0,
ff1b15ee-b59d-4c4b-a282-4f2a772dc67e,CUST000130,MERCH00397,2025-05-17 09:14:00,8.45,card_present,ES,ES,Utilities,5.774909066208043e-05,0,0,
9dcd7c7e-2825-4133-a729-cdac247b8b77,CUST002257,MERCH00064,2025-05-17 09:15:00,31.73,online,FR,FR,Utilities,3.947244601738204e-05,0,0,
20dc9b0b-bc65-4f9d-831f-d20d795087b3,CUST005670,MERCH00076,2025-05-17 09:18:00,6.41,card_present,IE,FR,Utilities,0.0003513777477619,0,0,
6a92a115-02b6-4ff0-b099-5d794c69c994,CUST002252,MERCH00072,2025-05-17 09:19:00,36.54,online,DE,SE,Grocery Stores,0.000483479754352,0,0,
b8ab4c99-5909-4734-8a40-202684ed8da7,CUST000319,MERCH00028,2025-05-17 09:19:00,299.69,card_not_present,IT,ES,Hotels,0.0005827553284497,0,0,
df63b08b-14ce-4265-95a8-2e6cdf884806,CUST005382,MERCH00340,2025-05-17 09:21:00,117.51,online,FR,FR,Hotels,5.168168020254222e-05,0,0,
e5bdb509-592f-4d9e-a0e1-1de5e33e4882,CUST002658,MERCH00073,2025-05-17 09:26:00,64.55,online,IT,IT,Crypto / Money Transfer,5.168168020254222e-05,0,0,
61545253-4f9e-4a2d-b1eb-169ed1068180,CUST001002,MERCH00246,2025-05-17 09:26:00,1846.81,online,ES,ES,Misc Retail,0.0005305471706746,0,0,
f48665be-05e9-46c7-b372-66ada88555f1,CUST003418,MERCH00236,2025-05-17 09:28:00,11.98,card_present,FR,NL,Electronics,0.0004812977137763,0,0,
8d0fade0-cc10-4582-98ed-e93da89a1ece,CUST002008,MERCH00113,2025-05-17 09:29:00,13.69,card_not_present,ES,SE,Crypto / Money Transfer,0.0007922715391075,0,0,
296c6c88-42e8-4e18-8296-d51b6fe9e5e0,CUST004299,,2025-05-17 09:30:00,65.05,wire_transfer,ES,ES,N/A (wire/ATM),5.215210282126032e-05,0,0,
2d358ac7-5bdf-442c-8d47-785d97ec52fd,CUST005473,MERCH00389,2025-05-17 09:32:00,15.83,card_present,ES,ES,Restaurants,6.237810501200828e-05,0,0,
4c6c46d1-8630-4e9d-8e5b-930dfca04000,CUST000003,MERCH00159,2025-05-17 09:33:00,61.8,card_not_present,ES,ES,Electronics,0.0001052129787404,0,0,
5d75081c-97cd-4735-9aa0-01507899a60d,CUST005180,MERCH00258,2025-05-17 09:34:00,19.74,card_present,PL,PL,Fuel Stations,5.9645998429748846e-05,0,0,
293c4968-b7b2-45f5-92be-42fe8ff55b0b,CUST002746,MERCH00290,2025-05-17 09:42:00,115.66,card_not_present,PL,ES,Fuel Stations,0.0003423736331584,0,0,
18721d6b-5ea6-4e36-97b4-da051836ccb9,CUST002431,MERCH00039,2025-05-17 09:43:00,160.06,card_not_present,NL,ES,Direct Marketing / Subscriptions,0.0004834272910878,0,0,
fe1eb3ae-2321-4c68-beb4-9400c2f5bdeb,CUST005675,MERCH00029,2025-05-17 09:43:00,231.81,online,FR,FR,Jewelry,6.41539940338825e-05,0,0,
c919296f-86d0-44f7-92a5-a50828b69b3f,CUST005280,,2025-05-17 09:45:00,11.35,wire_transfer,ES,ES,N/A (wire/ATM),3.451305870562638e-05,0,0,
38e1e1aa-0601-4e80-8156-ca54e55c4493,CUST001672,MERCH00440,2025-05-17 09:46:00,219.88,card_present,PL,ES,Grocery Stores,0.0003588602692009,0,0,
a34c16f7-1f3a-4e65-9676-920bd8ec7e6f,CUST005677,MERCH00025,2025-05-17 09:49:00,103.47,card_present,ES,ES,Jewelry,5.168168020254222e-05,0,0,
9d533089-8321-44be-ae28-117f28530660,CUST005023,MERCH00376,2025-05-17 09:50:00,267.96,card_not_present,IE,NL,Utilities,0.0004058399805683,0,0,
fa223c68-8ec8-4c04-8745-8c6724a882bc,CUST004436,MERCH00408,2025-05-17 09:50:00,5.46,card_present,PL,PL,Clothing Stores,6.078428938976276e-05,0,0,
8906b2c1-59e6-4d89-bc6b-f0d858559b7f,CUST000738,MERCH00430,2025-05-17 09:52:00,626.24,card_present,NL,NL,Hotels,0.0001085053738435,0,0,
babba844-f852-4a79-b42d-5a2aa3f98897,CUST005745,MERCH00316,2025-05-17 09:56:00,227.39,card_not_present,DE,DE,Direct Marketing / Subscriptions,6.513482535462566e-05,0,0,
3f23ee6a-6749-4f8e-80f4-f755ba5bf8d9,CUST000291,MERCH00309,2025-05-17 10:02:00,21.42,card_present,IE,IT,Fuel Stations,0.0002411477181994,0,0,
8e13e693-5114-4350-bbfa-b7842f06a5a2,CUST000964,MERCH00358,2025-05-17 10:07:00,46.01,card_present,FR,FR,Direct Marketing / Subscriptions,4.812442096995302e-05,0,0,
e99c4fae-57df-4a80-9597-90e4902dd481,CUST004588,MERCH00382,2025-05-17 10:10:00,9.87,card_present,ES,ES,Grocery Stores,7.271949762886276e-05,0,0,
0f03fe13-c98d-47d4-a942-39eeb8f0a49b,CUST005899,MERCH00202,2025-05-17 10:10:00,376.95,card_present,DE,IT,Fuel Stations,0.0003965891332736,0,0,
f221630e-7fe3-4d9d-855f-3ddc69406147,CUST001950,MERCH00374,2025-05-17 10:11:00,8.18,card_not_present,ES,ES,Direct Marketing / Subscriptions,0.0001815372383324,0,0,
21d16876-0822-4faf-b1b5-46ba38e0aad1,CUST002942,MERCH00442,2025-05-17 10:14:00,25.58,online,SE,SE,Electronics,5.168168020254222e-05,0,0,
4e688c50-ae77-4ff2-a639-fb7c0c664a92,CUST002925,MERCH00022,2025-05-17 10:14:00,531.84,card_present,IE,IE,Misc Retail,8.256044513038654e-05,0,0,
d396f633-06fb-48d9-a869-28aff5db0416,CUST004746,MERCH00223,2025-05-17 10:14:00,149.58,online,ES,ES,Electronics,4.9038429182940645e-05,0,0,
76a029e1-c515-4809-92d2-fd61551e6166,CUST000395,MERCH00339,2025-05-17 10:25:00,816.44,card_not_present,IE,SE,Restaurants,0.0077809004308396,0,0,
9fca3094-1d49-40ea-a732-36a8e6f8407a,CUST003419,MERCH00042,2025-05-17 10:30:00,6.51,card_not_present,IE,NL,Grocery Stores,0.0006726559386034,0,0,
abac32b5-acf9-4313-858f-e4518e3d4247,CUST002536,MERCH00383,2025-05-17 10:30:00,197.98,online,IT,PL,Clothing Stores,0.0003318137518077,0,0,
edfd0002-44b8-43a2-a97a-87ec85f67aef,CUST001161,MERCH00271,2025-05-17 10:32:00,65.34,card_not_present,DE,FR,Utilities,0.0005219265464563,0,0,
f060893f-e04f-47ae-b945-a53aa2cb860d,CUST003987,MERCH00131,2025-05-17 10:33:00,91.44,card_present,FR,FR,Misc Retail,4.34982364947671e-05,0,0,
f00f50d8-7fef-42e1-b568-1a0a6d5a14dd,CUST003678,MERCH00305,2025-05-17 10:35:00,79.24,card_present,DE,DE,Electronics,7.8094632876302e-05,0,0,
9f568c1a-1e65-4eaa-a003-1eccdd35836a,CUST002448,MERCH00043,2025-05-17 10:43:00,45.59,card_not_present,FR,IT,Electronics,0.0007223439483165,0,0,
a521fb79-332f-463e-911d-c2432757f130,CUST002214,MERCH00444,2025-05-17 10:45:00,24.07,card_not_present,FR,PL,Airlines,0.0008487385483824,0,0,
441cef93-358f-4f11-902b-f4f854aebb51,CUST003820,MERCH00445,2025-05-17 10:47:00,82.42,card_present,SE,ES,Misc Retail,0.0004650270206735,0,0,
05a7fca3-ce51-4e25-8661-e50250457b13,CUST003262,MERCH00375,2025-05-17 10:50:00,351.26,card_not_present,NL,NL,Jewelry,7.737533655219923e-05,0,0,
f2cfd942-4d99-41e0-8f64-55dad8531d1d,CUST005350,MERCH00317,2025-05-17 10:52:00,72.38,card_not_present,IT,IT,Clothing Stores,9.546833997705238e-05,0,0,
10d66404-09be-4193-b1ff-4562ad34900c,CUST000344,MERCH00348,2025-05-17 10:52:00,28.29,card_present,SE,IE,Restaurants,0.0004454308150197,0,0,
c7668666-d430-478e-a331-9843ddf361f8,CUST000454,MERCH00258,2025-05-17 10:54:00,526.63,card_present,DE,NL,Fuel Stations,0.000255096509744,0,0,
7dbdb82c-9193-4c2e-998c-a9fc2bcd417e,CUST003463,MERCH00157,2025-05-17 10:55:00,794.09,online,IT,IT,Grocery Stores,0.0002788207442668,0,0,
46a16cdb-fda7-4ca6-9979-91bf7f211515,CUST001380,MERCH00252,2025-05-17 10:55:00,26.91,card_not_present,ES,FR,Clothing Stores,0.00062605571878,0,0,
a4340f4a-abeb-4275-bad5-8ae5d5cd826f,CUST001831,,2025-05-17 10:56:00,100.51,wire_transfer,FR,FR,N/A (wire/ATM),3.451305870562638e-05,0,0,
d8a71dfc-3084-4cd4-9e85-926cca7091fb,CUST001117,MERCH00248,2025-05-17 10:56:00,409.71,card_not_present,ES,ES,Direct Marketing / Subscriptions,8.943698535657624e-05,0,0,
01e93672-dc03-4676-9a54-de459a455cce,CUST000571,MERCH00034,2025-05-17 10:57:00,1570.84,card_not_present,DE,IE,Electronics,0.0146938141410069,0,0,
2f37799e-5a4c-4e3d-a8b0-131dede53967,CUST001007,MERCH00253,2025-05-17 10:58:00,112.11,card_present,IT,FR,Airlines,0.0003549341170108,0,0,
6beb4c83-bafa-456d-98ac-6fbb507e4745,CUST001547,MERCH00174,2025-05-17 10:58:00,79.5,card_not_present,FR,DE,Direct Marketing / Subscriptions,0.000522733975367,0,0,
1b80b360-ef35-4dde-9d64-530e23d2cb4d,CUST004896,MERCH00381,2025-05-17 10:59:00,16.72,atm_withdrawal,PL,NL,Utilities,0.0003652206265748,0,0,
3ffabe8c-bc6c-4061-911b-9ae9f996973f,CUST001844,MERCH00094,2025-05-17 11:03:00,731.01,card_not_present,IE,IE,Direct Marketing / Subscriptions,0.0010097227458287,0,0,
3ef4c533-b157-49e3-bae4-db742a04865f,CUST000239,MERCH00204,2025-05-17 11:06:00,327.8,card_present,DE,DE,Restaurants,4.812442096995302e-05,0,0,
1c96b1c7-5d9e-436e-a583-8968719e9f03,CUST001112,MERCH00122,2025-05-17 11:08:00,33.59,card_not_present,SE,SE,Fuel Stations,5.3179958393195385e-05,0,0,
5caa7cab-c414-4801-85a5-08bf2b3e67c6,CUST005761,MERCH00108,2025-05-17 11:08:00,10.68,card_not_present,SE,ES,Hotels,0.0005244383171421,0,0,
a76e368c-3a39-470f-831b-5c3618175a67,CUST000609,MERCH00125,2025-05-17 11:10:00,60.58,card_present,DE,DE,Restaurants,7.271949762886276e-05,0,0,
273d1dcf-64ef-4d7c-9330-c742f2d7ed29,CUST005291,MERCH00117,2025-05-17 11:11:00,58.06,atm_withdrawal,ES,DE,Utilities,0.0005172736496558,0,0,
706ff346-2f9c-4d67-94b6-dbcd92fc5772,CUST002127,MERCH00223,2025-05-17 11:11:00,86.97,card_present,NL,NL,Electronics,4.9038429182940645e-05,0,0,
81893b73-da39-45d7-904b-ea217620cca2,CUST002047,MERCH00183,2025-05-17 11:12:00,36.05,card_present,ES,ES,Fuel Stations,5.774909066208043e-05,0,0,
eb0c5c86-e100-411a-baf8-1cf93c5e85c4,CUST004104,MERCH00123,2025-05-17 11:14:00,173.21,online,NL,NL,Grocery Stores,4.812442096995302e-05,0,0,
03288f47-947b-45a4-9999-cf245ec6a0bf,CUST004025,MERCH00448,2025-05-17 11:15:00,61.08,card_present,PL,PL,Clothing Stores,4.239401198342006e-05,0,0,
8fa833c3-3364-4bfd-9f58-58304fdcf599,CUST004901,MERCH00390,2025-05-17 11:17:00,21.93,online,FR,IE,Misc Retail,0.0002987470516632,0,0,
8cd41a99-d6a6-48ad-8fb4-5eca819abafa,CUST002654,MERCH00178,2025-05-17 11:17:00,40.27,card_not_present,IT,IT,Clothing Stores,9.546833997705238e-05,0,0,
aee7b477-6791-4362-bfc1-c15596fb660a,CUST002399,MERCH00065,2025-05-17 11:18:00,39.86,card_not_present,SE,NL,Restaurants,0.0004834272910878,0,0,
9cf6a636-6505-4a5f-a65c-5904505f89ce,CUST000383,,2025-05-17 11:18:00,119.13,wire_transfer,IT,IT,N/A (wire/ATM),3.451305870562638e-05,0,0,
07aa904d-43c2-4e86-8da0-f9066c17ceab,CUST004568,MERCH00138,2025-05-17 11:19:00,393.7,online,DE,DE,Grocery Stores,4.350563991435366e-05,0,0,
59ece34a-1c88-4b94-abd6-d46a2ab0e54e,CUST001668,MERCH00093,2025-05-17 11:19:00,239.49,card_not_present,PL,PL,Grocery Stores,7.204970581350819e-05,0,0,
f113d7b6-f505-421a-9efa-caef00c4e3cc,CUST000745,MERCH00334,2025-05-17 11:20:00,49.13,card_present,IT,IE,Utilities,0.000315460210316,0,0,
dd2c6f86-e3ff-4f3f-ae95-2f58050655e8,CUST005519,MERCH00418,2025-05-17 11:20:00,535.48,online,DE,DE,Clothing Stores,0.0001698745440013,0,0,
c47fd6dc-0e66-442a-a1ae-503ee6dd7e82,CUST005630,MERCH00157,2025-05-17 11:23:00,22.77,card_not_present,FR,FR,Grocery Stores,9.485586221840853e-05,0,0,
3b974b86-0ce8-4005-8a1c-d69f26cdc1fa,CUST001331,MERCH00249,2025-05-17 11:27:00,252.78,online,FR,IE,Restaurants,0.0003305108377448,0,0,
fc47c632-c78b-4bed-8573-0ebe3243dd9e,CUST000472,MERCH00091,2025-05-17 11:29:00,84.55,online,IT,IT,Restaurants,6.574033896394302e-05,0,0,
0491ce82-1c99-4f64-8e26-fb57d81924d2,CUST001280,MERCH00086,2025-05-17 11:31:00,93.56,card_not_present,SE,SE,Hotels,8.643187424878454e-05,0,0,
578a7cb1-bada-46bf-ae9f-cb6d4bd7ff39,CUST001263,MERCH00287,2025-05-17 11:34:00,144.33,online,PL,FR,Crypto / Money Transfer,0.0003893079040574,0,0,
f2c2231d-20de-41d4-afc6-49f1006a0f64,CUST002469,MERCH00057,2025-05-17 11:36:00,34.71,card_present,DE,DE,Direct Marketing / Subscriptions,6.574033896394302e-05,0,0,
4cb0e50e-c1dc-44aa-9295-97c82ac6a72e,CUST000807,MERCH00250,2025-05-17 11:37:00,15.29,card_not_present,IT,IT,Misc Retail,8.855396745052996e-05,0,0,
20e84810-50eb-4de1-8c9a-2bf1b1f48605,CUST004754,MERCH00085,2025-05-17 11:38:00,103.75,card_not_present,FR,FR,Restaurants,0.0001006544487154,0,0,
87a5ff02-79b9-46dc-93ea-f4566bc4bb25,CUST005114,MERCH00004,2025-05-17 11:40:00,3.95,card_present,IT,IT,Grocery Stores,7.107763445073596e-05,0,0,
cca6e4cc-dbd9-4cde-adbb-5e0a37abbb74,CUST004941,MERCH00181,2025-05-17 11:41:00,90.89,card_present,IE,IT,Fuel Stations,0.0002541433402874,0,0,
bc6ce489-5909-4e1a-af05-38a95f7ef048,CUST001995,MERCH00126,2025-05-17 11:44:00,118.56,card_not_present,PL,IT,Crypto / Money Transfer,0.0005244383171421,0,0,
d5432e7c-5d93-4f28-9506-a9f2fe1268ea,CUST002676,MERCH00260,2025-05-17 11:47:00,42.47,card_not_present,FR,FR,Crypto / Money Transfer,6.962877213748992e-05,0,0,
f84e52d3-b753-4f2e-8038-3bef5f1cf3bc,CUST005502,MERCH00230,2025-05-17 11:47:00,72.83,card_present,FR,FR,Jewelry,5.168168020254222e-05,0,0,
46d486f7-3f7e-4265-84e0-17d8a84f13da,CUST004316,MERCH00107,2025-05-17 11:49:00,106.96,card_not_present,IT,IE,Jewelry,0.0005244383171421,0,0,
ff58bf54-85a2-41d6-ac95-6915eb14f87a,CUST005269,MERCH00111,2025-05-17 11:52:00,63.76,card_present,IT,DE,Utilities,0.0003965891332736,0,0,
bf10214a-fe84-412b-876c-3b28bf5fb40f,CUST001632,MERCH00313,2025-05-17 11:57:00,17.49,online,PL,FR,Electronics,0.0005694741131373,0,0,
1484821c-f854-4444-bc87-ebfc3f256f45,CUST000127,MERCH00366,2025-05-17 11:59:00,16.62,atm_withdrawal,IE,IE,Grocery Stores,7.469770067992626e-05,0,0,
0ed1bb0a-b295-41d2-97e2-7ea50a9cf2fa,CUST000187,MERCH00100,2025-05-17 12:00:00,25.14,online,SE,SE,Grocery Stores,7.271949762886276e-05,0,0,
7a033da9-16ea-4952-8d68-b4581865a1ac,CUST001285,MERCH00047,2025-05-17 12:01:00,104.83,online,IE,PL,Misc Retail,0.0003243728414593,0,0,
946eef24-631b-4980-97e5-b03cfccdc366,CUST004294,MERCH00042,2025-05-17 12:01:00,160.92,card_not_present,NL,NL,Grocery Stores,5.56159021406308e-05,0,0,
743b0a65-6e2d-4e69-80c8-17f85391d80f,CUST004309,,2025-05-17 12:01:00,51.62,wire_transfer,FR,FR,N/A (wire/ATM),3.451305870562638e-05,0,0,
f5e22681-e613-4ea6-b0b5-1b6bd2e6dff8,CUST003700,MERCH00404,2025-05-17 12:03:00,4.28,card_not_present,IE,IE,Clothing Stores,8.515135843513585e-05,0,0,
152e0dde-cea1-4255-9689-23d40510449d,CUST002198,MERCH00004,2025-05-17 12:04:00,403.16,card_present,DE,DE,Grocery Stores,4.812442096995302e-05,0,0,
f9c5a1e8-b402-455d-8d4c-6689e6e9c24c,CUST000830,MERCH00210,2025-05-17 12:07:00,131.59,online,DE,DE,Hotels,5.168168020254222e-05,0,0,
58008a63-bc46-46e3-ab55-991ed2f367be,CUST002814,MERCH00444,2025-05-17 12:09:00,7.97,atm_withdrawal,FR,DE,Airlines,0.0006832618381503,0,0,
bdb5de00-7063-4e2c-9132-3a05577b0da8,CUST005121,MERCH00081,2025-05-17 12:10:00,43.96,card_present,FR,IT,Misc Retail,0.0002562706650776,0,0,
d18858a1-9ae3-43ce-bc3f-326dd2afdd25,CUST004347,,2025-05-17 12:11:00,71.17,wire_transfer,FR,FR,N/A (wire/ATM),3.451305870562638e-05,0,0,
272500f7-b480-499f-aff3-766efa9fa5f6,CUST005256,MERCH00108,2025-05-17 12:12:00,2.3,atm_withdrawal,IT,IT,Hotels,0.0562742978385409,0,0,
fc6e7fae-7da1-4c26-af8a-1df91d3d72bc,CUST005823,MERCH00020,2025-05-17 12:12:00,40.27,card_present,DE,DE,Electronics,7.410059585027263e-05,0,0,
5cacdb47-154d-4b76-8ee1-488404c86d2d,CUST001965,MERCH00348,2025-05-17 12:14:00,209.73,card_present,FR,FR,Restaurants,4.128053386546797e-05,0,0,
0e0bd0b1-5ea1-4be9-852d-7b3553e5d95a,CUST004630,,2025-05-17 12:16:00,147.57,wire_transfer,SE,SE,N/A (wire/ATM),3.451305870562638e-05,0,0,
c6fa0e3e-5d4b-4794-822a-b6822494258b,CUST001525,MERCH00294,2025-05-17 12:17:00,446.6,card_not_present,PL,PL,Grocery Stores,0.0001623313898922,0,0,
1740a46f-1650-4e15-8ca3-dc5e3eae112b,CUST001224,MERCH00041,2025-05-17 12:17:00,71.11,card_not_present,IE,IE,Restaurants,9.79715117179777e-05,0,0,
878f57a3-b0cd-4203-99ec-2a8ccd3c112b,CUST002136,MERCH00156,2025-05-17 12:17:00,154.33,card_present,NL,NL,Jewelry,7.8094632876302e-05,0,0,
50c863f4-678d-466c-8ca7-e989fbb04b75,CUST005991,MERCH00279,2025-05-17 12:18:00,625.97,card_present,FR,FR,Clothing Stores,9.845582933359928e-05,0,0,
2167e978-45d9-42d7-9e7a-5a61ed61767f,CUST005466,,2025-05-17 12:18:00,90.43,wire_transfer,SE,SE,N/A (wire/ATM),4.284225528282033e-05,0,0,
1ea1cf08-fb7d-45b7-8fc8-4283f0898f3f,CUST004542,MERCH00038,2025-05-17 12:19:00,108.0,atm_withdrawal,ES,ES,Electronics,6.962877213748992e-05,0,0,
002a7588-a23c-4139-818b-421432f5efa8,CUST000320,MERCH00305,2025-05-17 12:19:00,24.05,card_present,IT,IT,Electronics,4.9038429182940645e-05,0,0,
82ce99e0-5e0c-4702-9299-07330582b490,CUST004681,MERCH00068,2025-05-17 12:23:00,85.38,card_present,ES,PL,Grocery Stores,0.0003405117697736,0,0,
625878a3-7553-4dd1-b034-f6c6a91337cd,CUST004456,MERCH00202,2025-05-17 12:24:00,87.41,card_not_present,ES,ES,Fuel Stations,4.561714421858141e-05,0,0,
eebe41e6-d892-476d-bb72-75132bfcfa8c,CUST003069,MERCH00059,2025-05-17 12:24:00,131.09,card_present,FR,ES,Fuel Stations,0.0002864130944693,0,0,
626e59a1-1943-4445-b38f-b061297580ce,CUST001823,MERCH00170,2025-05-17 12:31:00,24.71,online,FR,FR,Restaurants,7.271949762886276e-05,0,0,
509e597a-7086-4eb6-b346-b41fdee1c90b,CUST004766,MERCH00087,2025-05-17 12:32:00,38.7,card_not_present,PL,IT,Jewelry,0.0006185510052821,0,0,
8a33b0fe-2d84-4a03-98b3-b88677155b16,CUST000258,MERCH00178,2025-05-17 12:32:00,302.41,card_present,DE,DE,Clothing Stores,4.689478247181653e-05,0,0,
ba951643-f19d-42e1-9b3a-fdaa3db6745e,CUST004708,MERCH00277,2025-05-17 12:33:00,308.47,card_not_present,DE,NL,Misc Retail,0.0002738341392991,0,0,
edbd0a0c-f0ad-468a-88d4-6a6be0b0d260,CUST005286,MERCH00199,2025-05-17 12:34:00,68.04,card_present,FR,FR,Jewelry,5.168168020254222e-05,0,0,
3ca9bc1f-fea8-4474-80e7-69ef000c75fd,CUST004858,MERCH00067,2025-05-17 12:37:00,23.69,card_not_present,DE,DE,Fuel Stations,5.3179958393195385e-05,0,0,
5e93d16d-dd6f-4b6f-be3c-442d7ef068ad,CUST005735,MERCH00129,2025-05-17 12:39:00,9.49,atm_withdrawal,SE,FR,Grocery Stores,0.0007303312852809,0,0,
20259eb4-9dae-4c05-be3e-763f284ad5c7,CUST000391,MERCH00140,2025-05-17 12:44:00,37.01,online,FR,PL,Airlines,0.0003893079040574,0,0,
294ce77d-d2f2-4042-99a9-a6cf2dce8f41,CUST003493,MERCH00104,2025-05-17 12:45:00,63.73,card_not_present,DE,IT,Airlines,0.0007223439483165,0,0,
ae699395-614e-461b-a506-dbb679aeb203,CUST002105,MERCH00233,2025-05-17 12:47:00,7.11,online,FR,FR,Fuel Stations,0.0005777222540257,0,0,
fe18caec-99e0-47a6-9b97-12cb56aed3ee,CUST000441,MERCH00027,2025-05-17 12:53:00,15.83,card_not_present,ES,ES,Utilities,6.893090856830287e-05,0,0,
8568eef6-41d5-4ede-8b72-68142ff190d9,CUST001250,,2025-05-17 12:56:00,32.18,wire_transfer,PL,PL,N/A (wire/ATM),5.215210282126032e-05,0,0,
fc602a8a-2f65-465b-80c0-0f301f20e859,CUST004413,MERCH00441,2025-05-17 12:59:00,843.65,online,NL,FR,Grocery Stores,0.001906284530778,0,0,
6cafba85-3633-4f3d-886e-9770611f9e71,CUST001557,MERCH00220,2025-05-17 12:59:00,11.36,card_present,IE,DE,Clothing Stores,0.0005013220061389,0,0,
d5c98c9f-32a5-4e30-8a46-0d8ea77732ec,CUST005847,MERCH00391,2025-05-17 13:00:00,39.22,card_present,DE,PL,Clothing Stores,0.0004602671512403,0,0,
47c82ed5-795b-463f-a048-be1ebf36a172,CUST005723,,2025-05-17 13:01:00,126.66,wire_transfer,FR,FR,N/A (wire/ATM),3.451305870562638e-05,0,0,
63dac38b-d69a-4375-887b-39bde7cf982f,CUST000369,MERCH00041,2025-05-17 13:04:00,479.46,online,PL,PL,Restaurants,4.812442096995302e-05,0,0,
4279a7cc-36e3-4bf4-a3c0-6b78b3422a90,CUST001952,,2025-05-17 13:04:00,26.31,wire_transfer,FR,FR,N/A (wire/ATM),5.215210282126032e-05,0,0,
c4b551a1-8a9a-42d4-8130-ea7436512235,CUST000205,MERCH00227,2025-05-17 13:04:00,188.3,card_present,ES,DE,Grocery Stores,0.0005249431418718,0,0,
abb5561a-a5df-443e-8da2-3f0688c0d284,CUST005101,MERCH00224,2025-05-17 13:11:00,240.88,card_not_present,IT,IT,Grocery Stores,0.0001088710105569,0,0,
71b61693-2ae6-47f2-bfe3-9cbe5d17d074,CUST000664,MERCH00414,2025-05-17 13:11:00,220.6,card_not_present,DE,DE,Hotels,7.737533655219923e-05,0,0,
8e071ac0-02f3-47f4-88eb-a8f818745047,CUST005039,MERCH00078,2025-05-17 13:12:00,27.2,card_not_present,ES,PL,Fuel Stations,0.0004538174809677,0,0,
4b5fa993-6dfe-4d71-8836-a541f5923dd3,CUST002876,MERCH00066,2025-05-17 13:17:00,18.57,card_not_present,PL,PL,Misc Retail,5.0269600292323576e-05,0,0,
1c5054a4-b245-4a3c-a89b-fc3525a7e75b,CUST002927,MERCH00229,2025-05-17 13:18:00,94.15,card_present,ES,FR,Restaurants,0.0005275448345747,0,0,
108acabc-a00d-44ea-b21e-3131766bb4c3,CUST001053,MERCH00395,2025-05-17 13:19:00,172.54,online,PL,PL,Crypto / Money Transfer,4.9038429182940645e-05,0,0,
d22f5eae-cbe0-4f7a-9064-5ab6be9ae4d5,CUST000650,MERCH00073,2025-05-17 13:19:00,767.72,online,DE,DE,Crypto / Money Transfer,0.0052277858503658,0,0,
fc10a39b-0dc7-42a3-84f9-4bae19bc05ba,CUST005985,MERCH00254,2025-05-17 13:19:00,310.31,card_present,FR,PL,Crypto / Money Transfer,0.0005581034309312,0,0,
6712a1c8-14e2-4b94-b79e-a010506064cf,CUST000988,MERCH00315,2025-05-17 13:22:00,7.22,card_present,IT,IT,Jewelry,7.8094632876302e-05,0,0,
b9202e08-e63a-4c44-b870-1358e061e3d4,CUST003726,MERCH00131,2025-05-17 13:24:00,367.16,card_not_present,SE,NL,Misc Retail,0.0004855696523583,0,0,
8b4a9fb8-3a21-4adf-ad30-786571644c16,CUST005755,MERCH00201,2025-05-17 13:25:00,436.9,card_present,FR,FR,Crypto / Money Transfer,5.168168020254222e-05,0,0,
b9ab5741-2a71-4ac2-a74e-800e9b0c0a21,CUST000919,MERCH00326,2025-05-17 13:26:00,11.33,card_present,IT,IT,Misc Retail,5.638179592033104e-05,0,0,
8a5bbf90-8e4f-4270-8f01-2d9cd4281110,CUST000696,MERCH00438,2025-05-17 13:27:00,417.6,card_present,SE,SE,Jewelry,5.168168020254222e-05,0,0,
67e80bf5-2fa5-49d7-8af0-1978510b9185,CUST003785,MERCH00015,2025-05-17 13:29:00,94.3,card_present,FR,NL,Jewelry,0.0003357238799902,0,0,
39359b3d-dc4c-4f82-82bd-720840584aa8,CUST001840,,2025-05-17 13:31:00,13.8,wire_transfer,NL,NL,N/A (wire/ATM),3.451305870562638e-05,0,0,
bae44357-4f3a-44de-9198-cafcdbd7c4c1,CUST001709,MERCH00368,2025-05-17 13:31:00,136.15,atm_withdrawal,PL,IT,Grocery Stores,0.0005818659482271,0,0,
8836ab12-2774-405c-baaf-6c9568960d86,CUST005441,,2025-05-17 13:32:00,70.66,wire_transfer,IE,IE,N/A (wire/ATM),3.451305870562638e-05,0,0,
3090c088-9aa1-413d-8b1a-6f46964af179,CUST000004,MERCH00335,2025-05-17 13:32:00,96.68,atm_withdrawal,SE,FR,Misc Retail,0.0004369738737316,0,0,
d1f1dfd9-acd8-46b1-99bc-6181b6978a34,CUST003614,MERCH00163,2025-05-17 13:35:00,89.69,card_not_present,NL,NL,Fuel Stations,7.264631865383923e-05,0,0,
7a0db070-c6fc-4a18-b049-d6d4ed25fed1,CUST002705,MERCH00286,2025-05-17 13:36:00,12.96,card_not_present,DE,ES,Fuel Stations,0.0003864509963835,0,0,
6dec9e76-58b1-4570-9804-ededddca0232,CUST004533,MERCH00188,2025-05-17 13:37:00,416.85,card_not_present,ES,IT,Electronics,0.0008803451013641,0,0,
635e8215-bb80-43a0-9def-2429ce12aa26,CUST003768,MERCH00036,2025-05-17 13:38:00,27.83,card_present,FR,FR,Fuel Stations,3.947244601738204e-05,0,0,
a25f77dc-e2a6-4660-b8bf-acb0d0d819d7,CUST003361,MERCH00035,2025-05-17 13:39:00,114.85,card_present,NL,NL,Clothing Stores,4.239401198342006e-05,0,0,
2b4b8db4-2c22-4526-bc56-49d4b4ca0121,CUST001368,MERCH00153,2025-05-17 13:44:00,13.99,card_present,NL,NL,Electronics,5.41908984544502e-05,0,0,
c9965b05-aa14-4c80-a4c8-46fb55717ac6,CUST003995,MERCH00217,2025-05-17 13:46:00,255.47,card_present,ES,ES,Crypto / Money Transfer,5.168168020254222e-05,0,0,
18a42384-ca68-431e-a660-b3c18ab9945a,CUST001468,MERCH00402,2025-05-17 13:47:00,6.08,atm_withdrawal,DE,DE,Utilities,7.264631865383923e-05,0,0,
24bb67d3-6483-4a8e-9716-69cbc4746d68,CUST005830,MERCH00216,2025-05-17 13:48:00,35.56,card_present,FR,FR,Fuel Stations,3.947244601738204e-05,0,0,
e9881780-d3c8-4b93-ae62-ce6c59ab93f4,CUST002861,MERCH00144,2025-05-17 13:49:00,47.83,card_present,SE,SE,Fuel Stations,4.899845589618493e-05,0,0,
ded3591c-fa0b-4663-aec8-e386187abf79,CUST004394,MERCH00330,2025-05-17 13:51:00,99.53,card_present,SE,SE,Fuel Stations,3.38589349594547e-05,0,0,
28d1e8e3-ae2c-43f0-894a-9493c0121237,CUST000508,MERCH00428,2025-05-17 13:53:00,13.24,online,SE,SE,Utilities,5.774909066208043e-05,0,0,
f09d1c11-5887-41db-bf11-cf6fd469dfa2,CUST002671,MERCH00232,2025-05-17 13:54:00,160.68,card_present,FR,FR,Airlines,5.168168020254222e-05,0,0,
78b6157d-0dc6-4afc-8c8e-8df1df5077ce,CUST000475,MERCH00111,2025-05-17 13:55:00,6.52,online,FR,FR,Utilities,5.9645998429748846e-05,0,0,
cdf3fe7c-96e9-4a59-bdd7-4cbcff1596bc,CUST002863,,2025-05-17 13:57:00,8.25,wire_transfer,NL,NL,N/A (wire/ATM),5.215210282126032e-05,0,0,
e8a371c9-3f3f-4eaf-9c61-0e02199977a7,CUST000044,MERCH00058,2025-05-17 13:57:00,70.86,card_present,DE,IT,Jewelry,0.0003549341170108,0,0,
6de2e8e1-e38c-436e-8db7-37c5704bff85,CUST003170,MERCH00333,2025-05-17 13:57:00,27.31,card_present,PL,PL,Direct Marketing / Subscriptions,4.812442096995302e-05,0,0,
7723bf3d-f426-4746-be1c-91a64e2f5a63,CUST002636,MERCH00345,2025-05-17 14:01:00,142.4,online,ES,IE,Airlines,0.0003893079040574,0,0,
c39e7404-e7d5-4827-a5c8-4feebb053f0f,CUST002217,MERCH00265,2025-05-17 14:01:00,30.01,card_not_present,FR,DE,Electronics,0.0004522634676829,0,0,
63758621-c958-4acf-9386-c3aa036a1969,CUST005462,MERCH00235,2025-05-17 14:03:00,37.13,card_present,IT,IT,Clothing Stores,7.086146902556566e-05,0,0,
cd2d1835-959e-4a48-b921-b4d53c376622,CUST002884,MERCH00226,2025-05-17 14:04:00,708.71,card_not_present,ES,SE,Airlines,0.0052446754733864,0,0,
fe3a03d8-f2d1-442d-a057-5125e26ec483,CUST004213,MERCH00228,2025-05-17 14:06:00,98.84,card_not_present,IT,IT,Direct Marketing / Subscriptions,9.79715117179777e-05,0,0,
4aca08a7-d20c-4077-a7ff-224672f4bd42,CUST003864,MERCH00196,2025-05-17 14:08:00,104.85,card_present,DE,DE,Grocery Stores,7.271949762886276e-05,0,0,
d177510d-d48a-4554-92d2-9458748fc351,CUST003444,MERCH00228,2025-05-17 14:10:00,54.91,atm_withdrawal,NL,NL,Direct Marketing / Subscriptions,5.56159021406308e-05,0,0,
7271ad80-cb39-4e09-b10f-e93a781c3647,CUST003151,MERCH00361,2025-05-17 14:13:00,11.38,atm_withdrawal,PL,FR,Grocery Stores,0.0006930026669799,0,0,
9cb7ca98-700c-49cb-8478-b17c46b09aa2,CUST001819,MERCH00358,2025-05-17 14:16:00,45.13,card_present,DE,DE,Direct Marketing / Subscriptions,4.812442096995302e-05,0,0,
1ed1ae4f-c2b6-4b5e-87dd-a187e5c878f6,CUST005368,MERCH00422,2025-05-17 14:19:00,160.51,card_present,DE,DE,Hotels,5.168168020254222e-05,0,0,
d63fba04-dc96-42c3-98b2-92cb8cdb6944,CUST003654,MERCH00167,2025-05-17 14:19:00,26.12,card_not_present,DE,IT,Airlines,0.0007223439483165,0,0,
c11755d1-41ec-48ee-82a7-fd8dbfcf1209,CUST002791,MERCH00210,2025-05-17 14:21:00,35.47,card_not_present,ES,ES,Hotels,9.983215161571884e-05,0,0,
73e0ab38-eae0-4e83-b989-c6641dadfc69,CUST001988,MERCH00256,2025-05-17 14:21:00,187.85,card_present,IT,IT,Direct Marketing / Subscriptions,4.128053386546797e-05,0,0,
b1e249d4-e132-4d51-9637-817af0fd2b29,CUST005325,MERCH00247,2025-05-17 14:22:00,174.68,card_present,ES,DE,Jewelry,0.0003893079040574,0,0,
37a723ae-00da-423b-a42a-0347d5cf762d,CUST003116,MERCH00221,2025-05-17 14:24:00,26.81,online,DE,DE,Direct Marketing / Subscriptions,5.97383145101478e-05,0,0,
9bacde6a-2163-483a-a1cb-6e91c91b38ea,CUST000542,MERCH00275,2025-05-17 14:26:00,162.43,card_not_present,NL,SE,Hotels,0.0007922715391075,0,0,
15785456-2aa0-4dc9-92b1-eb55787d51df,CUST002853,MERCH00444,2025-05-17 14:27:00,959.71,atm_withdrawal,ES,ES,Airlines,0.0014873010969615,0,0,
86beb194-4486-40b7-bfe1-cef88feba41d,CUST002420,MERCH00366,2025-05-17 14:31:00,94.98,card_not_present,DE,DE,Grocery Stores,6.483629147418578e-05,0,0,
46bc212f-4908-4f80-a406-781e87312a91,CUST004152,MERCH00302,2025-05-17 14:34:00,60.44,card_present,IT,IT,Utilities,5.9645998429748846e-05,0,0,
ef0aaee6-f627-4a49-aeba-c6ec04be5df9,CUST000860,MERCH00377,2025-05-17 14:35:00,145.64,card_present,FR,DE,Airlines,0.0003357238799902,0,0,
ca7b014c-3c21-4bd0-8132-47c9ef7346a9,CUST005130,MERCH00379,2025-05-17 14:35:00,69.67,atm_withdrawal,FR,FR,Direct Marketing / Subscriptions,6.483629147418578e-05,0,0,
95ee8ab4-e3fb-4203-8a23-b70be8ad9dbc,CUST001975,MERCH00246,2025-05-17 14:37:00,254.03,card_not_present,DE,ES,Misc Retail,0.0004855696523583,0,0,
7d411fa3-774a-4c06-8c15-1a4017f75b7b,CUST000996,MERCH00399,2025-05-17 14:38:00,155.87,atm_withdrawal,DE,PL,Restaurants,0.0004211457053096,0,0,
c5d65e07-c8dc-493d-8cbf-0eee49487cc2,CUST000255,MERCH00080,2025-05-17 14:38:00,12.84,online,ES,IT,Electronics,0.0003893079040574,0,0,
676f74c4-fd3d-4bad-ae7b-483656d9c2e8,CUST002352,MERCH00290,2025-05-17 14:40:00,37.68,card_present,PL,IE,Fuel Stations,0.0003839886252206,0,0,
0bc8348d-c8c1-4be5-bfac-cfca66e4995d,CUST003594,MERCH00067,2025-05-17 14:45:00,256.15,online,FR,ES,Fuel Stations,0.0002456899408448,0,0,
463c236c-7372-434f-b4d2-7edffe7e0ce4,CUST001559,MERCH00131,2025-05-17 14:46:00,42.69,card_present,DE,DE,Misc Retail,4.34982364947671e-05,0,0,
6ca5f9fb-6184-4001-964d-e0f3a6b3c07e,CUST003400,MERCH00379,2025-05-17 14:48:00,22.57,card_present,DE,IT,Direct Marketing / Subscriptions,0.0004283670337977,0,0,
2b8b78e4-fb4f-43e0-96a1-0fce2767854a,CUST000647,MERCH00301,2025-05-17 14:48:00,613.73,card_present,IT,IT,Fuel Stations,0.0001252253149933,0,0,
de5fb70c-14ab-469c-938b-01706f61bbf2,CUST003605,MERCH00347,2025-05-17 14:48:00,38.25,card_present,IT,FR,Hotels,0.0003549341170108,0,0,
76ccccf8-a0f8-404b-bf22-490706b0f25c,CUST002957,,2025-05-17 14:50:00,94.52,wire_transfer,PL,PL,N/A (wire/ATM),3.451305870562638e-05,0,0,
138f2947-e588-4697-a3db-70eef6555cf4,CUST002496,,2025-05-17 14:54:00,1049.77,wire_transfer,DE,DE,N/A (wire/ATM),0.0015065973903233,0,0,
e370906b-2093-4689-88c5-e71d355740d8,CUST004578,MERCH00165,2025-05-17 14:56:00,21.11,card_not_present,FR,ES,Clothing Stores,0.0006924781639429,0,0,
50bed805-da01-41c7-b6d5-9e54b7691839,CUST000506,MERCH00279,2025-05-17 14:59:00,40.32,online,ES,ES,Clothing Stores,7.086146902556566e-05,0,0,
48fdf95c-0043-43be-8d7f-384057d79d95,CUST005961,MERCH00339,2025-05-17 14:59:00,95.38,online,DE,DE,Restaurants,4.812442096995302e-05,0,0,
f57785a8-7aea-4571-9881-70bc76934e61,CUST004292,MERCH00351,2025-05-17 15:00:00,21.85,online,IT,FR,Airlines,0.0005088334962313,0,0,
1d4d8c67-abb4-4414-a59d-667dfd1e0f9c,CUST002544,MERCH00347,2025-05-17 15:01:00,207.97,online,IT,ES,Hotels,0.0003893079040574,0,0,
b8f691a3-1169-4f8d-a657-389c4d37f627,CUST004154,MERCH00285,2025-05-17 15:02:00,37.63,online,PL,IE,Jewelry,0.0003893079040574,0,0,
a663d91b-f1dd-4676-af77-ded26420eee8,CUST004223,MERCH00344,2025-05-17 15:04:00,7.82,card_present,SE,DE,Misc Retail,0.0003872024081953,0,0,
933c43eb-db40-4e51-8270-5d254c7e4d1f,CUST000731,MERCH00095,2025-05-17 15:04:00,489.83,card_not_present,DE,ES,Hotels,0.0005827553284497,0,0,
4ed98618-f286-4b38-8eb6-367dc1438bcb,CUST004586,MERCH00321,2025-05-17 15:05:00,32.56,atm_withdrawal,IE,ES,Hotels,0.0007922715391075,0,0,
3cabb11a-3fc5-48ad-884e-ba13b9c0cb93,CUST000910,MERCH00052,2025-05-17 15:07:00,126.29,online,PL,PL,Airlines,4.9038429182940645e-05,0,0,
0c9fdd9f-d24e-40d3-b8e5-6bdea6aec15e,CUST005431,MERCH00213,2025-05-17 15:09:00,13.6,card_present,SE,SE,Airlines,4.9038429182940645e-05,0,0,
606fe670-b38e-4382-becf-2429447dfa45,CUST001362,MERCH00140,2025-05-17 15:12:00,491.05,card_not_present,FR,PL,Airlines,0.0005827553284497,0,0,
2d96bd67-9e70-4d55-8301-3b2ec2535c1b,CUST003687,MERCH00020,2025-05-17 15:12:00,13.26,card_not_present,IE,ES,Electronics,0.0007517794186447,0,0,
907312a2-8137-4d75-b7c7-f88ee267365b,CUST000956,MERCH00059,2025-05-17 15:17:00,25.38,card_not_present,FR,IE,Fuel Stations,0.0003652206265748,0,0,
52318220-f626-4dad-85fc-944412501877,CUST001067,MERCH00445,2025-05-17 15:19:00,155.45,card_present,SE,DE,Misc Retail,0.0002562706650776,0,0,
7100b3dc-5826-4826-865a-f9f9473989aa,CUST005518,MERCH00416,2025-05-17 15:21:00,1738.42,card_present,NL,NL,Grocery Stores,9.840552678117846e-05,0,0,
77deb5f7-4b71-4935-aea7-9298420c2440,CUST002205,MERCH00323,2025-05-17 15:23:00,1343.8,card_present,FR,SE,Grocery Stores,0.0005717262098413,0,0,
5f587ddb-9109-4845-a112-aeed08db1c71,CUST001995,MERCH00073,2025-05-17 15:26:00,64.48,card_present,IT,IT,Crypto / Money Transfer,5.168168020254222e-05,0,0,
545f70e7-2759-47d9-8003-3cf1a2410934,CUST004622,MERCH00373,2025-05-17 15:27:00,89.78,card_present,DE,DE,Clothing Stores,7.086146902556566e-05,0,0,
0f429b48-c675-4bb6-9417-97d8df8296ae,CUST004615,MERCH00129,2025-05-17 15:32:00,171.03,card_present,FR,FR,Grocery Stores,4.812442096995302e-05,0,0,
3df54e3b-aa67-47f1-96a1-38aefe53b282,CUST004425,,2025-05-17 15:32:00,118.91,wire_transfer,SE,SE,N/A (wire/ATM),5.215210282126032e-05,0,0,
cf4d7aa6-8ecf-4eea-baee-ce4de3590d80,CUST002599,MERCH00331,2025-05-17 15:34:00,32.03,online,ES,FR,Misc Retail,0.0003156163855774,0,0,
2d24ef23-fb5b-4d9d-9815-8cb0a081ffed,CUST003145,MERCH00021,2025-05-17 15:36:00,88.99,card_present,IT,DE,Fuel Stations,0.0002450900135982,0,0,
a2680cfe-f9de-4450-b4af-83f8990b5b51,CUST000268,MERCH00358,2025-05-17 15:37:00,210.08,card_not_present,FR,FR,Direct Marketing / Subscriptions,0.0001088710105569,0,0,
95578c99-207e-4184-b424-3af9e28fe930,CUST003004,MERCH00139,2025-05-17 15:37:00,14.31,card_present,DE,DE,Misc Retail,5.9420842818852365e-05,0,0,
46217d63-7a39-4ff2-88b4-e2cd7af5f499,CUST000354,,2025-05-17 15:37:00,295.37,wire_transfer,NL,NL,N/A (wire/ATM),3.835296651872995e-05,0,0,
87f5e6e8-510f-468a-b379-5bd08c2f99cd,CUST000918,MERCH00066,2025-05-17 15:38:00,19.19,online,IE,IT,Misc Retail,0.0004745022839357,0,0,
72cfdb18-3ade-47c8-b755-adf8c1c58bde,CUST005685,MERCH00368,2025-05-17 15:40:00,56.7,online,NL,IT,Grocery Stores,0.0003588602692009,0,0,
bf0f60be-4504-411e-b251-0fb9e247b153,CUST001882,,2025-05-17 15:44:00,55.77,wire_transfer,ES,ES,N/A (wire/ATM),4.071015506700132e-05,0,0,
c26625df-91af-466d-8f92-dc9fbf39ab71,CUST002433,MERCH00100,2025-05-17 15:44:00,270.72,card_present,IE,FR,Grocery Stores,0.0003305108377448,0,0,
c610c8d6-99eb-435e-a73f-33d0f3e48b5d,CUST005614,MERCH00032,2025-05-17 15:45:00,68.69,card_not_present,IT,FR,Restaurants,0.0006512763164323,0,0,
2b129ba8-722f-49cc-978f-27abffeeeff1,CUST000856,MERCH00416,2025-05-17 15:46:00,111.37,online,FR,FR,Grocery Stores,4.350563991435366e-05,0,0,
37f1654a-f118-4c65-b4f3-849d3a3b1873,CUST004192,MERCH00153,2025-05-17 15:49:00,76.67,card_present,ES,ES,Electronics,7.8094632876302e-05,0,0,
51e04716-ce9d-4c1a-ae7b-6d3850719a75,CUST000791,MERCH00097,2025-05-17 15:49:00,80.84,card_not_present,IE,ES,Utilities,0.0003423736331584,0,0,
45ee9d58-21d8-462c-8cdc-9f53c13e9429,CUST004239,MERCH00083,2025-05-17 15:50:00,62.47,card_present,NL,DE,Direct Marketing / Subscriptions,0.0002238463712703,0,0,
83078c72-c62c-4c2d-9193-4ffad059ae52,CUST005101,MERCH00253,2025-05-17 15:50:00,95.26,card_not_present,IT,IT,Airlines,0.0001687855912241,0,0,
1884b3ea-77de-4c60-b3c6-2066b9881a48,CUST000239,MERCH00088,2025-05-17 15:52:00,106.69,card_present,DE,DE,Misc Retail,6.572915208119079e-05,0,0,
da56bc0c-4564-41a1-9add-5c3be5c317de,CUST000221,MERCH00028,2025-05-17 15:52:00,237.78,card_not_present,IE,NL,Hotels,0.0005041488484153,0,0,
d076b615-4cd1-4db7-9a8d-59a97885199d,CUST000391,MERCH00405,2025-05-17 15:52:00,24.94,card_not_present,PL,PL,Jewelry,8.213065847050307e-05,0,0,
d7115bf4-123a-4790-95d0-cc495c2af3e1,CUST005399,MERCH00089,2025-05-17 15:55:00,45.35,online,FR,IT,Direct Marketing / Subscriptions,0.0003305108377448,0,0,
34105184-b350-4605-b91d-f1c7b59f4032,CUST004373,MERCH00141,2025-05-17 15:55:00,12.97,card_not_present,PL,PL,Grocery Stores,9.485586221840853e-05,0,0,
81014f30-8b94-4deb-aa58-bce05422d140,CUST005595,MERCH00204,2025-05-17 15:55:00,57.34,card_not_present,NL,IT,Restaurants,0.0004834272910878,0,0,
34ea34f2-0065-443b-8777-743e297f587d,CUST002426,MERCH00127,2025-05-17 15:57:00,8.95,atm_withdrawal,SE,SE,Utilities,6.126858225623751e-05,0,0,
